####
#
# OBJ File Generated by Meshlab
#
####
# Object bug.obj
#
# Vertices: 8640
# Faces: 17276
#
####
v -0.0056810 0.8517200 0.3974790
v -0.0232210 0.8507730 0.3962880
v 0.0260370 0.8390260 0.3951090
v 0.0074600 0.8380920 0.4008040
v -0.0076670 0.8341120 0.4032490
v -0.0210370 0.8368120 0.4013760
v -0.0373230 0.8379140 0.3954090
v 0.0135980 0.8211900 0.4027670
v -0.0038190 0.8206600 0.4049290
v -0.0202590 0.8204930 0.4039550
v -0.0369040 0.8210650 0.3990640
v 0.0160810 0.8029970 0.4038180
v -0.0018100 0.8037820 0.4058710
v -0.0192270 0.8037550 0.4053590
v -0.0365420 0.8038520 0.4015350
v 0.0441720 0.7848980 0.3965510
v 0.0291130 0.7814160 0.4029770
v 0.0158950 0.7848920 0.4048640
v -0.0012520 0.7861380 0.4063820
v -0.0188690 0.7863750 0.4059290
v -0.0364440 0.7863750 0.4028370
v -0.0540190 0.7863750 0.3952700
v 0.0152950 0.7678650 0.4052320
v -0.0013220 0.7686330 0.4066030
v -0.0185110 0.7689950 0.4061730
v -0.0359510 0.7688280 0.4033250
v -0.0537170 0.7686600 0.3964900
v 0.0159230 0.7510300 0.4049530
v -0.0012660 0.7513920 0.4063590
v -0.0178830 0.7521590 0.4059970
v -0.0345050 0.7520200 0.4037180
v -0.0524430 0.7508480 0.3971830
v 0.0163790 0.7337480 0.4044640
v -0.0009780 0.7340820 0.4058130
v -0.0179390 0.7350870 0.4053220
v -0.0314390 0.7383200 0.4039230
v 0.0169690 0.7164380 0.4033280
v 0.0000920 0.7170790 0.4050530
v -0.0167670 0.7176790 0.4043780
v -0.0361730 0.7195900 0.4002480
v 0.0183180 0.6996720 0.4011960
v 0.0012830 0.7000440 0.4030030
v -0.0126810 0.7032660 0.4033410
v -0.0048360 0.8863060 0.3800160
v -0.0231760 0.8846080 0.3788440
v 0.0270190 0.8745190 0.3793640
v 0.0114040 0.8767410 0.3845030
v 0.0006210 0.8691360 0.3903670
v -0.0178350 0.8682730 0.3895250
v -0.0370100 0.8721540 0.3802070
v 0.0159210 0.8584440 0.3921950
v -0.0369400 0.8548680 0.3896620
v -0.0536840 0.8565350 0.3779570
v 0.0449860 0.8384040 0.3863170
v -0.0537540 0.8391000 0.3857220
v 0.0324100 0.8203630 0.3970240
v -0.0539220 0.8216640 0.3909320
v -0.0701830 0.8226630 0.3783300
v 0.0644300 0.8071200 0.3811580
v 0.0529160 0.7999880 0.3912720
v 0.0354740 0.7995430 0.3987670
v -0.0540190 0.8040200 0.3937350
v -0.0707950 0.8046050 0.3813510
v -0.0709430 0.7865140 0.3838200
v 0.0489740 0.7689950 0.3946280
v 0.0318520 0.7679070 0.4017890
v -0.0708740 0.7687300 0.3852620
v 0.0508040 0.7513640 0.3930960
v 0.0333630 0.7511970 0.4004080
v -0.0703070 0.7505830 0.3857680
v 0.0513500 0.7336500 0.3920970
v 0.0338560 0.7336500 0.3998260
v -0.0472770 0.7342500 0.3983110
v -0.0682510 0.7301110 0.3861360
v 0.0515290 0.7161730 0.3905180
v 0.0342140 0.7162700 0.3983780
v -0.0575810 0.7153500 0.3915130
v -0.0731570 0.7108690 0.3808460
v 0.0348420 0.6994350 0.3955930
v -0.0287490 0.6998390 0.3992740
v -0.0482780 0.6986570 0.3925570
v 0.0342470 0.6822640 0.3918780
v 0.0209510 0.6857620 0.3973720
v 0.0049840 0.6829440 0.3989600
v -0.0157450 0.6842400 0.3983790
v -0.0392120 0.6784040 0.3916230
v -0.0600690 0.6810730 0.3827820
v 0.0340660 0.6641870 0.3869190
v 0.0145750 0.6670800 0.3929730
v -0.0071750 0.6647690 0.3940620
v -0.0256990 0.6636570 0.3916440
v -0.0400560 0.6597660 0.3872480
v -0.0547020 0.6623690 0.3811380
v 0.0182110 0.6466820 0.3867170
v -0.0004850 0.6467240 0.3884890
v -0.0188980 0.6471920 0.3880890
v -0.0329450 0.6495310 0.3868140
v 0.0161420 0.9080700 0.3595990
v -0.0020710 0.9057580 0.3653470
v -0.0205530 0.8999830 0.3678360
v 0.0321270 0.8914620 0.3655150
v 0.0139610 0.8912250 0.3745810
v -0.0378810 0.8893890 0.3683030
v 0.0473520 0.8716440 0.3691450
v -0.0539910 0.8741290 0.3677490
v 0.0618410 0.8597900 0.3647640
v 0.0522130 0.8534160 0.3761230
v 0.0368180 0.8562160 0.3841830
v -0.0700220 0.8572550 0.3631640
v -0.0700220 0.8399170 0.3725480
v 0.0531380 0.8185770 0.3862540
v -0.0816990 0.8253980 0.3660430
v 0.0766420 0.8050040 0.3696670
v -0.0868820 0.8069030 0.3655680
v 0.0629950 0.7889690 0.3847350
v -0.0866120 0.7869330 0.3688370
v 0.0661700 0.7693580 0.3829370
v -0.0865660 0.7688700 0.3702200
v 0.0675540 0.7512950 0.3822630
v -0.0864260 0.7510860 0.3707780
v 0.0681110 0.7336500 0.3810310
v -0.0861190 0.7328410 0.3708460
v 0.0683560 0.7160750 0.3785080
v -0.0859310 0.7141780 0.3698880
v 0.0515570 0.6987650 0.3868010
v -0.0664370 0.6977130 0.3827840
v -0.0838730 0.6948770 0.3693020
v 0.0513900 0.6811620 0.3824160
v -0.0744470 0.6837390 0.3749340
v 0.0517200 0.6636150 0.3780620
v -0.0748420 0.6653980 0.3692230
v 0.0524170 0.6467100 0.3743560
v 0.0358420 0.6468490 0.3820400
v -0.0467470 0.6457510 0.3806190
v -0.0668280 0.6425800 0.3685450
v 0.0386380 0.6329540 0.3768430
v 0.0231110 0.6296090 0.3808030
v 0.0050390 0.6287440 0.3827950
v -0.0130940 0.6294560 0.3827930
v -0.0327270 0.6323200 0.3806430
v -0.0514570 0.6283440 0.3731710
v 0.0320590 0.6144030 0.3730510
v 0.0112220 0.6117270 0.3762930
v -0.0066450 0.6120200 0.3771370
v -0.0241370 0.6134710 0.3759750
v -0.0395960 0.6159480 0.3731920
v 0.0167040 0.5948630 0.3695890
v -0.0013360 0.5949610 0.3711070
v -0.0165700 0.5986910 0.3714460
v 0.0182200 0.9236090 0.3441230
v 0.0001430 0.9227180 0.3494840
v -0.0189990 0.9174090 0.3518550
v 0.0339120 0.9085440 0.3501610
v -0.0390340 0.9076250 0.3524470
v -0.0553620 0.9045650 0.3433240
v 0.0498810 0.8913650 0.3523340
v -0.0544430 0.8913120 0.3545040
v 0.0644930 0.8743980 0.3525360
v -0.0700430 0.8747740 0.3517070
v 0.0742000 0.8576000 0.3529660
v -0.0815320 0.8593310 0.3490140
v 0.0640910 0.8414550 0.3707820
v -0.0871190 0.8391000 0.3530780
v 0.0721340 0.8221710 0.3701280
v -0.1006980 0.8039550 0.3469330
v 0.0790100 0.7870310 0.3697230
v -0.0998260 0.7868350 0.3516040
v 0.0944740 0.7688000 0.3534470
v 0.0814790 0.7689390 0.3693370
v -0.0995840 0.7689390 0.3534710
v 0.0831640 0.7512250 0.3687440
v -0.0995840 0.7512250 0.3540170
v 0.0837340 0.7336500 0.3674420
v -0.0995150 0.7335800 0.3540980
v 0.0843360 0.7163120 0.3639040
v -0.0993220 0.7156980 0.3539030
v 0.0685180 0.6985700 0.3746730
v -0.0984710 0.6975930 0.3534010
v 0.0688440 0.6810650 0.3701040
v -0.0852720 0.6775660 0.3641280
v 0.0691040 0.6634480 0.3660920
v -0.0934670 0.6630730 0.3526870
v 0.0689370 0.6458030 0.3619910
v -0.0874140 0.6454260 0.3531220
v 0.0684110 0.6281720 0.3584410
v 0.0518220 0.6295390 0.3692720
v -0.0657920 0.6230950 0.3629870
v 0.0511520 0.6114620 0.3628330
v -0.0535970 0.6103980 0.3647980
v -0.0725250 0.6059760 0.3516100
v 0.0514170 0.5934550 0.3561610
v 0.0342050 0.5946260 0.3644740
v -0.0348790 0.5972420 0.3664680
v -0.0547710 0.5920560 0.3565340
v 0.0344980 0.5770650 0.3569750
v 0.0208560 0.5805800 0.3630960
v 0.0049220 0.5779580 0.3640120
v -0.0163590 0.5799610 0.3635430
v -0.0383170 0.5738130 0.3557310
v -0.0591470 0.5749860 0.3468940
v 0.0161260 0.5626470 0.3555220
v -0.0051150 0.5605870 0.3562040
v -0.0217560 0.5620680 0.3551640
v 0.0212190 0.9344650 0.3297310
v 0.0053920 0.9361530 0.3324580
v -0.0159240 0.9348580 0.3322850
v 0.0348420 0.9235390 0.3336850
v -0.0355220 0.9249460 0.3362940
v -0.0491720 0.9153100 0.3378660
v 0.0507760 0.9081420 0.3357910
v -0.0598880 0.9106710 0.3320230
v 0.0659380 0.8914250 0.3364420
v -0.0692840 0.8939040 0.3367860
v 0.0779960 0.8743470 0.3362310
v -0.0859870 0.8719870 0.3332100
v 0.0926150 0.8391700 0.3365230
v 0.0806340 0.8397240 0.3537080
v -0.1008470 0.8382820 0.3321050
v 0.0860030 0.8218600 0.3536380
v -0.0925720 0.8190240 0.3555050
v -0.1009520 0.8209450 0.3408460
v 0.0896810 0.8041870 0.3536010
v 0.0926140 0.7864450 0.3535400
v 0.0961830 0.7512250 0.3528780
v 0.0971430 0.7339150 0.3512060
v 0.0980470 0.7174140 0.3471170
v 0.0852240 0.6992390 0.3587870
v 0.0858420 0.6814270 0.3539450
v -0.0969580 0.6798570 0.3526590
v 0.0857540 0.6627500 0.3512690
v -0.1074440 0.6631550 0.3361330
v 0.0847450 0.6444360 0.3487080
v -0.1038690 0.6457470 0.3363280
v 0.0842380 0.6273630 0.3444740
v -0.0815120 0.6262200 0.3522850
v 0.0684160 0.6105970 0.3515690
v -0.0923540 0.6091110 0.3358260
v 0.0686480 0.5929530 0.3439120
v -0.0692040 0.5883070 0.3465200
v -0.0852080 0.5888860 0.3348980
v 0.0514870 0.5758100 0.3475590
v -0.0736150 0.5773200 0.3396670
v 0.0518220 0.5584300 0.3391370
v 0.0348190 0.5596720 0.3480960
v -0.0319920 0.5550410 0.3489350
v -0.0476880 0.5575330 0.3439910
v 0.0358750 0.5427420 0.3392330
v 0.0218220 0.5462050 0.3457780
v 0.0054760 0.5431750 0.3465540
v -0.0159840 0.5435890 0.3458590
v -0.0347340 0.5404150 0.3404820
v 0.0345680 0.9352120 0.3170700
v -0.0341290 0.9384500 0.3181250
v 0.0510040 0.9221460 0.3187860
v 0.0663050 0.9064800 0.3198830
v 0.0788840 0.8904350 0.3199810
v -0.0833760 0.8921180 0.3174840
v -0.0963470 0.8746490 0.3122400
v 0.0962320 0.8565770 0.3190460
v 0.0869960 0.8569120 0.3363280
v -0.0922790 0.8529570 0.3387500
v -0.0997700 0.8561220 0.3226110
v 0.0969150 0.8215250 0.3365230
v 0.0999260 0.8039500 0.3365230
v -0.1105760 0.8038520 0.3294930
v -0.1182040 0.8037730 0.3123700
v 0.1118870 0.7863750 0.3189480
v 0.1032620 0.7863750 0.3365230
v -0.1106360 0.7866540 0.3339990
v -0.1186660 0.7874290 0.3167200
v 0.1059470 0.7688000 0.3365230
v -0.1106270 0.7689390 0.3358960
v -0.1194610 0.7695390 0.3179210
v 0.1069560 0.7513230 0.3359370
v -0.1106500 0.7512250 0.3365230
v -0.1197170 0.7513640 0.3188090
v 0.1078510 0.7345840 0.3343990
v -0.1106500 0.7336500 0.3365230
v -0.1197630 0.7336500 0.3189480
v 0.1086980 0.7208290 0.3317420
v -0.1106500 0.7160750 0.3365230
v -0.1197630 0.7160750 0.3189480
v 0.1021620 0.7020510 0.3384980
v -0.1103360 0.6984300 0.3365230
v -0.1197630 0.6985000 0.3189480
v 0.1016230 0.6808550 0.3358960
v -0.1095990 0.6806880 0.3363280
v -0.1195190 0.6809250 0.3189480
v 0.1014510 0.6598830 0.3326380
v -0.1186240 0.6633500 0.3189480
v 0.0957320 0.6413400 0.3369700
v -0.1166710 0.6457750 0.3189480
v 0.0977070 0.6281760 0.3295670
v -0.0987540 0.6278240 0.3363280
v 0.0849950 0.6105030 0.3375080
v -0.1085460 0.6104160 0.3189490
v 0.0850660 0.5927110 0.3292030
v -0.1022410 0.5921120 0.3185860
v 0.0686160 0.5753500 0.3359910
v -0.0830290 0.5712220 0.3290990
v 0.0689090 0.5580400 0.3269320
v -0.0681230 0.5596810 0.3342330
v -0.0873940 0.5541600 0.3171670
v 0.0523100 0.5415110 0.3298980
v -0.0526790 0.5406560 0.3327250
v -0.0700500 0.5394890 0.3223310
v 0.0519510 0.5244140 0.3211570
v 0.0382420 0.5284510 0.3300170
v 0.0201500 0.5278350 0.3353780
v -0.0014140 0.5243300 0.3357300
v -0.0203850 0.5235450 0.3333320
v -0.0379360 0.5237960 0.3288270
v -0.0547160 0.5234200 0.3223620
v 0.0331080 0.5103160 0.3213650
v 0.0117390 0.5069360 0.3239920
v -0.0073890 0.5057610 0.3238010
v -0.0256990 0.5065840 0.3222040
v -0.0413090 0.5098450 0.3197970
v -0.4647010 -0.7442150 0.3032910
v -0.4788300 -0.7475830 0.3023190
v -0.4747670 -0.7598940 0.3062510
v 0.0161540 0.9451880 0.3141460
v 0.0213310 0.9516080 0.2965190
v -0.0042790 0.9469380 0.3165260
v 0.0061920 0.9538310 0.2996860
v -0.0198010 0.9468320 0.3141110
v -0.0111830 0.9538540 0.3000620
v -0.0284240 0.9499810 0.2999370
v 0.0512920 0.9319850 0.3012060
v -0.0463800 0.9405770 0.3010250
v 0.0671420 0.9167220 0.3028060
v -0.0525750 0.9248100 0.3211670
v -0.0640510 0.9262080 0.3017640
v 0.0777830 0.9026730 0.3064400
v -0.0698760 0.9097920 0.3187150
v -0.0794680 0.9095250 0.3009220
v 0.0967290 0.8731480 0.3026940
v 0.0889740 0.8737900 0.3194090
v 0.1015530 0.8391000 0.3189480
v -0.1101790 0.8387650 0.3127700
v -0.1173150 0.8389180 0.2941540
v 0.1125870 0.8214270 0.3014710
v 0.1057030 0.8215250 0.3189480
v -0.1106720 0.8209010 0.3223620
v -0.1193310 0.8192140 0.3016500
v 0.1096080 0.8039500 0.3189480
v 0.1140840 0.7688000 0.3189480
v 0.1153690 0.7514200 0.3185900
v 0.1159870 0.7345850 0.3179630
v 0.1153780 0.7174140 0.3185580
v 0.1145510 0.6989600 0.3188830
v 0.1144740 0.6799350 0.3171030
v 0.1151060 0.6627920 0.3129510
v 0.1070250 0.6457050 0.3227080
v 0.1090150 0.6326070 0.3151000
v -0.1131720 0.6282000 0.3189480
v 0.1024380 0.6113780 0.3166630
v -0.1203330 0.6106250 0.3013730
v 0.0967160 0.5906380 0.3156770
v 0.0851700 0.5754810 0.3217210
v -0.0962210 0.5736960 0.3176490
v 0.0857820 0.5582210 0.3120630
v -0.1038690 0.5569700 0.3007880
v 0.0691320 0.5405910 0.3182680
v -0.0834060 0.5354590 0.3106490
v 0.0688670 0.5228480 0.3083020
v -0.0710410 0.5215090 0.3113800
v 0.0520630 0.5071140 0.3106450
v -0.0546890 0.5056780 0.3109680
v -0.0729370 0.5016010 0.2976810
v 0.0388100 0.4940890 0.3095760
v 0.0232310 0.4904870 0.3118170
v 0.0048250 0.4883020 0.3127210
v -0.0137080 0.4884370 0.3119910
v -0.0346830 0.4911750 0.3095400
v -0.4582310 -0.7161290 0.2892820
v -0.4460230 -0.7226700 0.2914090
v -0.4569010 -0.7301090 0.2979830
v -0.4731360 -0.7307280 0.2948050
v -0.4885200 -0.7445050 0.2923930
v -0.4582370 -0.7587880 0.3042550
v -0.4881490 -0.7595660 0.3004100
v -0.4549470 -0.7711280 0.3004720
v -0.4690290 -0.7730760 0.3036560
v -0.4839240 -0.7725790 0.3016340
v 0.0345680 0.9444220 0.2998530
v 0.0348420 0.9498370 0.2828640
v 0.0943260 0.8866740 0.2901760
v 0.0882000 0.8894300 0.3037680
v -0.0933230 0.8920470 0.2991230
v -0.1003280 0.8897060 0.2802580
v -0.1021710 0.8774540 0.2964960
v 0.1032810 0.8562420 0.3016890
v -0.1083980 0.8587980 0.3013800
v -0.1162940 0.8541840 0.2801740
v 0.1141790 0.8381650 0.2847840
v 0.1086250 0.8388350 0.3014990
v 0.1163620 0.8039500 0.3013730
v -0.1242860 0.8010980 0.2979340
v 0.1192910 0.7863750 0.3013730
v -0.1239850 0.7901310 0.3033720
v 0.1209180 0.7688000 0.3013730
v -0.1276830 0.7720830 0.2984750
v -0.1350030 0.7682320 0.2772940
v 0.1222530 0.7513230 0.3012760
v -0.1280860 0.7518670 0.3007360
v -0.1346180 0.7516020 0.2822220
v 0.1303570 0.7336500 0.2837980
v 0.1235870 0.7339150 0.3012480
v -0.1282020 0.7337200 0.3013040
v -0.1346880 0.7337890 0.2834960
v 0.1244260 0.7162420 0.3013460
v -0.1282250 0.7160750 0.3013730
v -0.1347350 0.7160750 0.2837980
v 0.1246030 0.6979420 0.3003500
v -0.1282250 0.6985000 0.3013730
v -0.1347350 0.6985000 0.2837980
v 0.1246210 0.6782590 0.2975630
v -0.1282250 0.6809250 0.3013730
v -0.1347350 0.6809250 0.2837980
v 0.1215650 0.6634760 0.3012480
v -0.1279000 0.6633500 0.3013730
v -0.1346530 0.6633500 0.2837980
v 0.1176710 0.6491230 0.3041070
v -0.1269230 0.6457750 0.3013730
v -0.1341650 0.6457750 0.2837980
v 0.1165000 0.6296820 0.3001260
v -0.1244010 0.6282000 0.3013730
v 0.1159630 0.6115860 0.2952390
v 0.1075890 0.5970110 0.3046710
v -0.1155440 0.5929810 0.3013740
v 0.1018490 0.5783090 0.3036290
v -0.1108780 0.5750990 0.3011780
v -0.1212280 0.5754750 0.2837980
v 0.1014520 0.5578070 0.2942090
v 0.0857740 0.5397850 0.3028530
v -0.0966510 0.5388930 0.2996490
v 0.0847650 0.5214010 0.2932280
v -0.0875020 0.5211740 0.2985380
v 0.0685790 0.5051990 0.2980450
v -0.0922960 0.5043390 0.2826060
v 0.0525150 0.4898970 0.2992770
v -0.0533500 0.4870980 0.3000910
v -0.0666310 0.4829310 0.2896940
v 0.0523020 0.4722700 0.2870630
v 0.0359400 0.4780310 0.2992400
v 0.0176680 0.4717960 0.2999020
v -0.0011820 0.4706900 0.3007790
v -0.0193800 0.4716020 0.3001880
v -0.0366670 0.4713370 0.2956160
v -0.0530190 0.4694950 0.2885090
v 0.0110100 0.4539650 0.2881810
v -0.0076030 0.4542170 0.2891780
v -0.0232880 0.4573710 0.2899170
v -0.4415090 -0.6917450 0.2710110
v -0.4574030 -0.6995670 0.2768200
v -0.4299900 -0.7026350 0.2733360
v -0.4431340 -0.7083840 0.2830260
v -0.4731630 -0.7121990 0.2796010
v -0.4867320 -0.7284350 0.2798660
v 0.4118410 -0.7428820 0.2701390
v 0.3960880 -0.7440670 0.2714100
v 0.3829270 -0.7474990 0.2671580
v -0.4457820 -0.7401750 0.2960350
v -0.4954840 -0.7446710 0.2776480
v 0.4013070 -0.7603870 0.2754880
v 0.3867930 -0.7609590 0.2713730
v -0.4430660 -0.7594780 0.2952650
v -0.4957350 -0.7591850 0.2881940
v 0.4046710 -0.7765420 0.2751740
v 0.3904120 -0.7763040 0.2728760
v -0.4452050 -0.7741730 0.2904840
v -0.4932050 -0.7701170 0.2952960
v -0.4614380 -0.7825480 0.2932260
v -0.4781240 -0.7822250 0.2957320
v -0.4894520 -0.7785170 0.2939100
v 0.0184060 0.9563460 0.2828640
v 0.0012680 0.9584320 0.2833660
v -0.0163950 0.9577970 0.2828640
v 0.0513620 0.9389010 0.2835610
v -0.0359020 0.9530350 0.2801640
v -0.0465310 0.9524640 0.2649820
v 0.0679740 0.9237620 0.2845240
v -0.0562910 0.9412950 0.2831990
v -0.0635000 0.9413420 0.2659860
v 0.0833140 0.9040900 0.2888790
v -0.0734770 0.9262780 0.2837290
v -0.0790410 0.9261430 0.2658470
v -0.0874430 0.9091110 0.2827890
v 0.1020370 0.8726460 0.2859000
v -0.1086570 0.8711250 0.2857080
v 0.1132710 0.8519210 0.2713390
v 0.1088510 0.8552380 0.2847280
v -0.1225090 0.8368700 0.2798570
v 0.1186330 0.8212600 0.2840860
v -0.1236060 0.8251370 0.2856420
v 0.1217340 0.8037130 0.2837560
v -0.1284950 0.8062520 0.2814210
v -0.1346500 0.8030890 0.2591460
v 0.1297850 0.7854400 0.2672090
v 0.1245730 0.7861100 0.2839240
v -0.1295920 0.7867790 0.2882230
v -0.1358820 0.7832030 0.2666800
v 0.1271510 0.7687020 0.2838960
v 0.1291360 0.7512250 0.2837980
v 0.1315310 0.7159360 0.2834960
v 0.1319490 0.6982070 0.2819990
v 0.1323190 0.6817760 0.2774100
v 0.1265020 0.6641730 0.2892990
v 0.1260000 0.6470860 0.2850440
v 0.1254700 0.6286750 0.2817990
v -0.1324560 0.6282000 0.2837980
v 0.1254000 0.6110580 0.2772010
v -0.1301780 0.6106250 0.2837980
v -0.1366870 0.6106250 0.2662230
v 0.1156620 0.5941190 0.2895860
v -0.1261910 0.5930500 0.2837980
v 0.1145580 0.5755730 0.2833650
v 0.1139470 0.5572940 0.2756510
v -0.1159270 0.5578310 0.2837980
v 0.1014710 0.5373450 0.2827400
v -0.1105290 0.5400880 0.2836030
v -0.1202510 0.5403260 0.2662240
v 0.0957840 0.5183870 0.2787610
v -0.1021200 0.5223460 0.2832450
v 0.0842610 0.5039100 0.2822230
v -0.1063260 0.5051060 0.2662240
v 0.0686070 0.4875260 0.2854110
v -0.0813740 0.4862610 0.2810110
v 0.0685150 0.4704020 0.2736880
v -0.0691440 0.4690910 0.2781680
v 0.0548920 0.4579730 0.2747580
v 0.0344350 0.4549720 0.2826030
v -0.0366670 0.4537620 0.2833360
v -0.0536190 0.4524920 0.2745280
v 0.0199480 0.4395890 0.2761860
v 0.0041370 0.4374140 0.2769480
v -0.0167610 0.4389090 0.2765660
v -0.0360670 0.4356150 0.2700160
v -0.4279520 -0.6699710 0.2512540
v -0.4401280 -0.6758040 0.2588780
v -0.4554710 -0.6830730 0.2632710
v -0.4713130 -0.6949070 0.2635400
v 0.4118730 -0.7083590 0.2531730
v 0.3949210 -0.7096980 0.2554630
v 0.3804670 -0.7135540 0.2525100
v -0.4174370 -0.7062400 0.2633930
v -0.4854950 -0.7130410 0.2615840
v 0.4050200 -0.7260600 0.2649030
v 0.3865240 -0.7295530 0.2624020
v -0.4306280 -0.7215570 0.2806260
v 0.4252250 -0.7426450 0.2619110
v 0.3733230 -0.7438160 0.2564480
v -0.4287830 -0.7453350 0.2800340
v 0.4162900 -0.7601220 0.2720330
v 0.3757250 -0.7604990 0.2610120
v -0.4344830 -0.7634270 0.2841280
v 0.4186010 -0.7763140 0.2706990
v 0.3795040 -0.7761000 0.2641790
v -0.4373730 -0.7742180 0.2765960
v -0.4939950 -0.7725790 0.2842010
v 0.4199190 -0.7881450 0.2661260
v 0.4082840 -0.7902770 0.2701940
v 0.3943440 -0.7898890 0.2702600
v -0.4502040 -0.7836650 0.2808650
v -0.4621140 -0.7881820 0.2809000
v -0.4720740 -0.7874140 0.2859370
v -0.4839410 -0.7826860 0.2836890
v 0.0342140 0.9531100 0.2660280
v 0.0168670 0.9585940 0.2661250
v -0.0007460 0.9605860 0.2658640
v -0.0180940 0.9602750 0.2647380
v -0.0316350 0.9587570 0.2615570
v 0.0509760 0.9439850 0.2664140
v 0.0671700 0.9305160 0.2668500
v 0.0660500 0.9347350 0.2502290
v 0.0837720 0.9109840 0.2659210
v 0.0778000 0.9224980 0.2525810
v 0.0957640 0.8902350 0.2744480
v -0.0936270 0.9089520 0.2646710
v -0.0982660 0.9060540 0.2455400
v -0.1031220 0.8939810 0.2623070
v 0.1066640 0.8705320 0.2665980
v -0.1115940 0.8751410 0.2671730
v -0.1166980 0.8703590 0.2455290
v -0.1203380 0.8557210 0.2605270
v 0.1180380 0.8380260 0.2682090
v -0.1233960 0.8422530 0.2690600
v 0.1222670 0.8206880 0.2664320
v -0.1281200 0.8244540 0.2683050
v -0.1336500 0.8184400 0.2454330
v 0.1303020 0.7991960 0.2534300
v 0.1267210 0.8026110 0.2666140
v 0.1324890 0.7686050 0.2665810
v -0.1391370 0.7642020 0.2613140
v 0.1346690 0.7512250 0.2662230
v -0.1392310 0.7505280 0.2643820
v 0.1359710 0.7336500 0.2662230
v -0.1394070 0.7338870 0.2658560
v 0.1364360 0.7161030 0.2657300
v -0.1397330 0.7163120 0.2661810
v 0.1366430 0.6992950 0.2642840
v -0.1399190 0.6985700 0.2661540
v 0.1365730 0.6855950 0.2615530
v -0.1399420 0.6809250 0.2662230
v 0.1332570 0.6669610 0.2684670
v -0.1398610 0.6633500 0.2662230
v 0.1323560 0.6464870 0.2662790
v -0.1393730 0.6457750 0.2662230
v 0.1321930 0.6285350 0.2637270
v -0.1385590 0.6282000 0.2662230
v 0.1322290 0.6118350 0.2590540
v 0.1252080 0.5934090 0.2707790
v -0.1335140 0.5930500 0.2662230
v 0.1244920 0.5729710 0.2624760
v -0.1303410 0.5754750 0.2662230
v -0.1366870 0.5754750 0.2486480
v 0.1206810 0.5571680 0.2633640
v -0.1258660 0.5579000 0.2662240
v 0.1161240 0.5426310 0.2624200
v 0.1072050 0.5233120 0.2653830
v -0.1139050 0.5227510 0.2662240
v 0.0978890 0.5052690 0.2660490
v 0.0854220 0.4852260 0.2674480
v -0.0964530 0.4873630 0.2657680
v 0.0798890 0.4671680 0.2605430
v -0.0850570 0.4697610 0.2646620
v 0.0681130 0.4542520 0.2620420
v -0.0704390 0.4523530 0.2634090
v 0.0513050 0.4421550 0.2642290
v 0.0338400 0.4318530 0.2655830
v -0.0539490 0.4349450 0.2602380
v 0.0310990 0.4167690 0.2543590
v 0.0178680 0.4243310 0.2644810
v 0.0006500 0.4200740 0.2632790
v -0.0180920 0.4183260 0.2603820
v -0.0363050 0.4174400 0.2542520
v 0.0309240 -0.4821840 0.2411390
v 0.0103940 -0.4797000 0.2418660
v -0.0078310 -0.4793270 0.2420150
v -0.0257210 -0.4800050 0.2416490
v -0.0407630 -0.4822080 0.2411430
v 0.0652380 -0.4992000 0.2415730
v 0.0436750 -0.4979730 0.2439240
v 0.0276120 -0.5012770 0.2459770
v 0.0136670 -0.4978750 0.2458760
v -0.0038090 -0.4968330 0.2459530
v -0.0215050 -0.4967910 0.2458180
v -0.0389260 -0.4967430 0.2451830
v -0.0570710 -0.4939890 0.2428230
v -0.0778150 -0.4972790 0.2417500
v -0.0938390 -0.5012650 0.2405510
v 0.0979770 -0.5138400 0.2399850
v 0.0783550 -0.5148780 0.2435400
v 0.0625550 -0.5186970 0.2461650
v 0.0485420 -0.5155850 0.2465560
v 0.0314200 -0.5152730 0.2473130
v 0.0148260 -0.5151050 0.2478480
v -0.0020470 -0.5144360 0.2479520
v -0.0195200 -0.5141710 0.2479990
v -0.0371690 -0.5141290 0.2476870
v -0.0550000 -0.5137100 0.2470130
v -0.0732540 -0.5138780 0.2461430
v -0.0911080 -0.5149660 0.2444790
v -0.1077290 -0.5151050 0.2408520
v 0.0842850 -0.5324810 0.2455140
v 0.0665510 -0.5326800 0.2471040
v 0.0499760 -0.5326800 0.2479290
v 0.0331680 -0.5321080 0.2482780
v 0.0159230 -0.5319410 0.2485680
v -0.0013920 -0.5318430 0.2486500
v -0.0188690 -0.5317460 0.2486500
v -0.0364440 -0.5317460 0.2486500
v -0.0540880 -0.5316760 0.2485100
v -0.0718960 -0.5316060 0.2482080
v -0.0896620 -0.5317730 0.2469320
v -0.1071020 -0.5319410 0.2442720
v -0.1244160 -0.5318430 0.2393410
v 0.1153250 -0.5497910 0.2419670
v 0.0992470 -0.5539190 0.2458080
v 0.0856660 -0.5506000 0.2468950
v 0.0684620 -0.5496550 0.2479640
v 0.0510730 -0.5495160 0.2485680
v 0.0337580 -0.5494180 0.2486500
v 0.0162810 -0.5493210 0.2486500
v -0.0012940 -0.5493210 0.2486500
v -0.0188690 -0.5493210 0.2486500
v -0.0364440 -0.5493210 0.2486500
v -0.0540190 -0.5493210 0.2486500
v -0.0715940 -0.5493210 0.2486500
v -0.0891690 -0.5493210 0.2479990
v -0.1067440 -0.5493210 0.2457200
v -0.1243190 -0.5493210 0.2413270
v 0.1022170 -0.5676910 0.2459850
v 0.0855950 -0.5678300 0.2478220
v 0.0688800 -0.5671610 0.2485100
v 0.0514310 -0.5668950 0.2486500
v 0.0338560 -0.5668960 0.2486500
v 0.0162810 -0.5668960 0.2486500
v -0.0012940 -0.5668960 0.2486500
v -0.0188690 -0.5668960 0.2486500
v -0.0364440 -0.5668960 0.2486500
v -0.0540190 -0.5668960 0.2486500
v -0.0715940 -0.5668960 0.2486500
v -0.0891690 -0.5668960 0.2479990
v -0.1067440 -0.5668960 0.2460460
v -0.1243190 -0.5668950 0.2420590
v 0.1036630 -0.5844980 0.2457780
v 0.0862230 -0.5846660 0.2479990
v 0.0689080 -0.5845680 0.2486500
v 0.0514310 -0.5844700 0.2486500
v 0.0338560 -0.5844700 0.2486500
v 0.0162810 -0.5844700 0.2486500
v -0.0012940 -0.5844700 0.2486500
v -0.0188690 -0.5844700 0.2486500
v -0.0364440 -0.5844700 0.2486500
v -0.0540190 -0.5844700 0.2486500
v -0.0714960 -0.5843730 0.2486500
v -0.0888110 -0.5842750 0.2479990
v -0.1062510 -0.5844430 0.2460230
v -0.1240170 -0.5846100 0.2420940
v 0.1043930 -0.6020870 0.2449040
v 0.0866510 -0.6021150 0.2476150
v 0.0690060 -0.6020450 0.2486500
v 0.0514310 -0.6020450 0.2486500
v 0.0338560 -0.6020450 0.2486500
v 0.0162810 -0.6020450 0.2486500
v -0.0012940 -0.6020450 0.2486500
v -0.0188690 -0.6020450 0.2486500
v -0.0364440 -0.6020450 0.2486500
v -0.0539210 -0.6019480 0.2486500
v -0.0711330 -0.6015850 0.2485100
v -0.0877780 -0.6010130 0.2478220
v -0.1044050 -0.6013200 0.2459620
v -0.1223470 -0.6024680 0.2419340
v 0.0874280 -0.6199090 0.2457280
v 0.0693820 -0.6198020 0.2478150
v 0.0515010 -0.6196900 0.2485100
v 0.0338560 -0.6196200 0.2486500
v 0.0162810 -0.6196200 0.2486500
v -0.0011960 -0.6195230 0.2486500
v -0.0185110 -0.6194250 0.2485680
v -0.0358580 -0.6195230 0.2483240
v -0.0532660 -0.6193550 0.2480340
v -0.0702450 -0.6184350 0.2477200
v -0.0866900 -0.6174760 0.2469520
v -0.1003100 -0.6148880 0.2457920
v 0.0705820 -0.6375000 0.2452620
v 0.0524410 -0.6374840 0.2467930
v 0.0345810 -0.6372370 0.2476870
v 0.0169320 -0.6371950 0.2479990
v -0.0005410 -0.6369300 0.2479520
v -0.0174140 -0.6362610 0.2478480
v -0.0339190 -0.6363310 0.2474060
v -0.0512150 -0.6368330 0.2466500
v -0.0690780 -0.6358420 0.2459060
v -0.0835890 -0.6318110 0.2455130
v 0.0363620 -0.6544790 0.2451350
v 0.0189170 -0.6545750 0.2458180
v 0.0012210 -0.6545330 0.2459530
v -0.0162550 -0.6534910 0.2458760
v -0.0300880 -0.6501720 0.2460330
v -0.4245820 -0.6579850 0.2392610
v -0.4394110 -0.6624300 0.2459170
v -0.4517920 -0.6699650 0.2512450
v -0.4144950 -0.6717240 0.2443100
v -0.4655500 -0.6775650 0.2484020
v 0.4167200 -0.6928990 0.2392010
v 0.4003910 -0.6919370 0.2433090
v 0.3810860 -0.6958100 0.2427830
v 0.3665180 -0.6969610 0.2334090
v -0.4242860 -0.6864390 0.2604830
v -0.4806400 -0.6948080 0.2437060
v 0.4250560 -0.7087670 0.2452790
v 0.3688670 -0.7106610 0.2416230
v 0.4205420 -0.7252370 0.2590680
v 0.3709430 -0.7272360 0.2500530
v -0.4162870 -0.7261080 0.2644620
v -0.4938350 -0.7323970 0.2647040
v -0.4187710 -0.7439250 0.2601560
v -0.4958990 -0.7466580 0.2639780
v 0.4277800 -0.7600250 0.2621390
v -0.4274700 -0.7604190 0.2699760
v -0.4960410 -0.7595590 0.2727140
v 0.4281210 -0.7763140 0.2602030
v -0.4339880 -0.7711590 0.2630150
v -0.4869900 -0.7734420 0.2690030
v 0.4247850 -0.7902770 0.2550920
v 0.3841910 -0.7874910 0.2665460
v -0.4446940 -0.7807340 0.2666130
v -0.4564830 -0.7869430 0.2710680
v -0.4712310 -0.7845090 0.2711530
v 0.4125800 -0.7977790 0.2600400
v 0.3982670 -0.7989910 0.2617080
v 0.3870050 -0.7957570 0.2615830
v 0.0334980 0.9547050 0.2488430
v 0.0159400 0.9599210 0.2484410
v -0.0019760 0.9622480 0.2475960
v -0.0190840 0.9621970 0.2476330
v -0.0350810 0.9592790 0.2483800
v 0.0502780 0.9466120 0.2492390
v -0.0513340 0.9523730 0.2486480
v -0.0681300 0.9409820 0.2485780
v -0.0834230 0.9254800 0.2476900
v 0.0977590 0.8914720 0.2549520
v 0.0890550 0.9084730 0.2447840
v -0.1086030 0.8875400 0.2515470
v 0.1141490 0.8552660 0.2560830
v 0.1077000 0.8735800 0.2455520
v -0.1238680 0.8520430 0.2458080
v 0.1202910 0.8381930 0.2505780
v -0.1268440 0.8387220 0.2545300
v 0.1263030 0.8179140 0.2471020
v -0.1383840 0.7992680 0.2425720
v 0.1340970 0.7854410 0.2507730
v -0.1394060 0.7849000 0.2467190
v 0.1365890 0.7687020 0.2492340
v -0.1403730 0.7675210 0.2478960
v 0.1379240 0.7512250 0.2486480
v -0.1412070 0.7507510 0.2481230
v 0.1384120 0.7336500 0.2486480
v -0.1418580 0.7346400 0.2491690
v 0.1386560 0.7162700 0.2482900
v -0.1426980 0.7175580 0.2488470
v 0.1384800 0.6994350 0.2476630
v -0.1434790 0.6992990 0.2481920
v 0.1378050 0.6822640 0.2482580
v -0.1438010 0.6810650 0.2485090
v 0.1370520 0.6640890 0.2490250
v -0.1436040 0.6633500 0.2486480
v 0.1367500 0.6460120 0.2482020
v -0.1431150 0.6457750 0.2486480
v 0.1366890 0.6291350 0.2465230
v -0.1423020 0.6282000 0.2486480
v 0.1365770 0.6153070 0.2436280
v -0.1408370 0.6106250 0.2486480
v 0.1329780 0.5962900 0.2489140
v -0.1392910 0.5930500 0.2486480
v 0.1323650 0.5765630 0.2412050
v 0.1256970 0.5560440 0.2495540
v -0.1327820 0.5579000 0.2486480
v 0.1220780 0.5413780 0.2490980
v -0.1284690 0.5403260 0.2486480
v 0.1176510 0.5268060 0.2470980
v -0.1229360 0.5227510 0.2486480
v 0.1091320 0.5102930 0.2525420
v -0.1164270 0.5051760 0.2486490
v 0.1028570 0.4909930 0.2472990
v -0.1087790 0.4876010 0.2486490
v 0.0915060 0.4731500 0.2509440
v -0.0987700 0.4700260 0.2485670
v 0.0842790 0.4546890 0.2447470
v -0.0862400 0.4524510 0.2480790
v 0.0671840 0.4368240 0.2472370
v -0.0709430 0.4348760 0.2470220
v 0.0485100 0.4214330 0.2482540
v -0.0540190 0.4173010 0.2445810
v 0.0370430 0.4068380 0.2422750
v 0.0195130 0.4059370 0.2478840
v -0.0005030 0.4021320 0.2469400
v -0.0190320 0.4005740 0.2444760
v -0.0369370 0.4003160 0.2383110
v 0.0484350 -0.4291520 0.2234320
v 0.0279690 -0.4269750 0.2242100
v 0.0098650 -0.4263650 0.2245190
v -0.0078960 -0.4263650 0.2245420
v -0.0257270 -0.4264350 0.2243560
v -0.0436550 -0.4266030 0.2239750
v -0.0614760 -0.4272800 0.2234700
v -0.0764110 -0.4297550 0.2231420
v 0.1014710 -0.4472530 0.2229090
v 0.0802300 -0.4440140 0.2250250
v 0.0620920 -0.4437870 0.2272970
v 0.0480420 -0.4474550 0.2299310
v 0.0341860 -0.4450050 0.2302240
v 0.0164620 -0.4441780 0.2307720
v -0.0014800 -0.4440100 0.2310280
v -0.0197750 -0.4444290 0.2307260
v -0.0380660 -0.4443310 0.2301070
v -0.0560230 -0.4441780 0.2291820
v -0.0737970 -0.4443020 0.2280020
v -0.0924070 -0.4419340 0.2249050
v -0.1104830 -0.4464720 0.2235960
v 0.1184210 -0.4651820 0.2251680
v 0.1003940 -0.4658040 0.2288270
v 0.0865020 -0.4616970 0.2296680
v 0.0690390 -0.4604130 0.2311530
v 0.0549150 -0.4579340 0.2319890
v 0.0408590 -0.4617430 0.2346150
v 0.0229240 -0.4621250 0.2363330
v 0.0046570 -0.4616550 0.2367350
v -0.0136890 -0.4621010 0.2367140
v -0.0340530 -0.4642550 0.2362750
v -0.0523740 -0.4614370 0.2338440
v -0.0706730 -0.4618500 0.2325670
v -0.0895410 -0.4617980 0.2306320
v -0.1081810 -0.4612810 0.2283630
v -0.1274820 -0.4596220 0.2247280
v -0.1459320 -0.4653410 0.2230670
v 0.1359140 -0.4823410 0.2257220
v 0.1184200 -0.4833690 0.2300040
v 0.1044970 -0.4797440 0.2314000
v 0.0912300 -0.4757380 0.2323660
v 0.0759890 -0.4779280 0.2350450
v 0.0545690 -0.4766000 0.2376690
v -0.0498110 -0.4759170 0.2385530
v -0.0655040 -0.4787750 0.2378280
v -0.0870210 -0.4823680 0.2363750
v -0.1067440 -0.4795790 0.2325160
v -0.1250960 -0.4788010 0.2298460
v -0.1430890 -0.4793590 0.2272190
v -0.1602500 -0.4798020 0.2233290
v 0.1523790 -0.4997300 0.2254790
v 0.1344930 -0.5006090 0.2302150
v 0.1239640 -0.4945120 0.2311570
v 0.1093340 -0.4961070 0.2344140
v 0.0891810 -0.4937840 0.2376090
v -0.1071340 -0.4979350 0.2368930
v -0.1243460 -0.4967630 0.2332160
v -0.1421310 -0.4965540 0.2301940
v -0.1597340 -0.4967210 0.2269640
v -0.1771410 -0.4966930 0.2216850
v 0.1664440 -0.5141290 0.2240470
v 0.1515230 -0.5177210 0.2292540
v 0.1383750 -0.5147230 0.2317210
v 0.1196220 -0.5119720 0.2356310
v -0.1244440 -0.5144360 0.2365190
v -0.1418940 -0.5141710 0.2325390
v -0.1594690 -0.5141710 0.2292030
v -0.1770440 -0.5141710 0.2244030
v 0.1549330 -0.5311320 0.2298890
v 0.1421640 -0.5281230 0.2327600
v 0.1267650 -0.5309700 0.2371100
v 0.1048010 -0.5346060 0.2423180
v -0.1418940 -0.5317460 0.2347360
v -0.1594690 -0.5317460 0.2307490
v -0.1770440 -0.5317460 0.2265180
v 0.1560110 -0.5486090 0.2307030
v 0.1367150 -0.5460370 0.2361680
v -0.1417960 -0.5492230 0.2366080
v -0.1591100 -0.5491250 0.2319700
v -0.1764580 -0.5492230 0.2280640
v -0.1939680 -0.5493210 0.2221240
v 0.1567410 -0.5667560 0.2307840
v 0.1386690 -0.5662540 0.2365030
v 0.1201550 -0.5665190 0.2418960
v -0.1417680 -0.5666310 0.2372000
v -0.1584830 -0.5659610 0.2326070
v -0.1749190 -0.5659610 0.2287820
v -0.1920520 -0.5666310 0.2233680
v 0.1568810 -0.5844710 0.2303420
v 0.1392360 -0.5844010 0.2361770
v 0.1214290 -0.5843310 0.2415240
v -0.1418660 -0.5843030 0.2371190
v -0.1590780 -0.5831310 0.2321760
v -0.1722620 -0.5797170 0.2291500
v 0.1568810 -0.6020450 0.2294470
v 0.1394030 -0.6019480 0.2346870
v 0.1219960 -0.6019200 0.2398690
v -0.1409030 -0.6024960 0.2367500
v -0.1591200 -0.6013480 0.2313770
v -0.1785900 -0.5984350 0.2254430
v 0.1568810 -0.6196200 0.2274940
v 0.1394310 -0.6193550 0.2322560
v 0.1225120 -0.6188390 0.2378930
v 0.1053520 -0.6192820 0.2422970
v -0.1162420 -0.6194370 0.2418210
v -0.1376370 -0.6226560 0.2358560
v -0.1565770 -0.6193930 0.2307660
v -0.1744170 -0.6187840 0.2247510
v 0.1392640 -0.6369580 0.2293520
v 0.1219860 -0.6360840 0.2343100
v 0.1081230 -0.6332290 0.2385030
v 0.0896930 -0.6389680 0.2415910
v -0.1019660 -0.6336450 0.2422300
v -0.1253930 -0.6404940 0.2356340
v -0.1428130 -0.6402000 0.2314480
v -0.1528720 -0.6338680 0.2300320
v -0.4234690 -0.6444030 0.2238820
v -0.4366690 -0.6517840 0.2327190
v 0.1216880 -0.6539790 0.2297460
v 0.1021760 -0.6520000 0.2351250
v 0.0833640 -0.6574980 0.2375020
v 0.0727450 -0.6521690 0.2409870
v 0.0547290 -0.6567670 0.2423610
v -0.0456500 -0.6539200 0.2441510
v -0.0645550 -0.6542640 0.2422280
v -0.0860920 -0.6512550 0.2403970
v -0.1089630 -0.6573790 0.2346640
v -0.1265820 -0.6584830 0.2306230
v -0.1380810 -0.6518380 0.2299360
v -0.4091870 -0.6561480 0.2283450
v 0.4208770 -0.6845000 0.2262070
v 0.4057360 -0.6751690 0.2265330
v 0.3863610 -0.6763460 0.2297020
v 0.3698770 -0.6823700 0.2266200
v 0.1055830 -0.6712340 0.2283210
v 0.0868180 -0.6723200 0.2314010
v 0.0667840 -0.6706720 0.2357970
v 0.0487290 -0.6747840 0.2372430
v 0.0386730 -0.6688860 0.2407170
v 0.0237380 -0.6713610 0.2410450
v 0.0058940 -0.6720390 0.2413640
v -0.0123310 -0.6716660 0.2412150
v -0.0328180 -0.6693050 0.2407150
v -0.0556480 -0.6743930 0.2373360
v -0.0760220 -0.6714260 0.2358980
v -0.0944370 -0.6715920 0.2328300
v -0.1067020 -0.6725130 0.2302550
v -0.4006150 -0.6730120 0.2305800
v 0.4266630 -0.6960020 0.2325780
v 0.3591520 -0.6935630 0.2206560
v 0.0527830 -0.6893250 0.2302900
v 0.0338800 -0.6868120 0.2338240
v 0.0136590 -0.6892650 0.2341570
v -0.0046420 -0.6897110 0.2341310
v -0.0230110 -0.6895060 0.2337760
v -0.0415060 -0.6902640 0.2321040
v -0.0565200 -0.6929520 0.2297630
v -0.0680280 -0.6864940 0.2311330
v -0.4079600 -0.6897670 0.2467980
v 0.3594890 -0.7094710 0.2273260
v -0.4058550 -0.7106390 0.2456000
v -0.4889780 -0.7120250 0.2445480
v 0.4307160 -0.7251950 0.2471240
v 0.3604750 -0.7279350 0.2334470
v -0.4104770 -0.7295620 0.2501550
v -0.4913510 -0.7258150 0.2493860
v 0.4337680 -0.7426450 0.2477530
v 0.3634280 -0.7418640 0.2422740
v -0.4153690 -0.7414040 0.2427150
v -0.4933620 -0.7398110 0.2532230
v 0.4342730 -0.7601220 0.2473790
v 0.3668280 -0.7578120 0.2462260
v 0.3613570 -0.7521760 0.2315500
v -0.4268800 -0.7592080 0.2508880
v -0.4887030 -0.7560940 0.2536170
v 0.4325320 -0.7765420 0.2451980
v 0.3728770 -0.7745920 0.2493130
v -0.4414920 -0.7729410 0.2513680
v -0.4731620 -0.7720450 0.2524130
v 0.4276140 -0.7898890 0.2405440
v 0.3797510 -0.7890450 0.2549760
v -0.4571340 -0.7801410 0.2573510
v 0.4177970 -0.7990610 0.2461880
v 0.4034460 -0.8022610 0.2477620
v 0.3889000 -0.7983150 0.2492510
v 0.0325660 0.9553640 0.2317640
v 0.0149940 0.9609190 0.2301360
v -0.0042150 0.9652010 0.2270380
v 0.0016910 0.9687200 0.2154000
v -0.0225370 0.9627330 0.2345500
v -0.0361970 0.9593450 0.2321680
v 0.0652640 0.9363390 0.2328210
v 0.0490510 0.9477790 0.2323100
v -0.0530820 0.9519310 0.2313100
v 0.0787330 0.9229530 0.2369590
v -0.0699550 0.9402030 0.2306310
v -0.0859130 0.9241780 0.2289860
v 0.0992150 0.8914620 0.2359740
v 0.0903760 0.9072500 0.2268050
v -0.0990210 0.9072460 0.2247790
v -0.1092150 0.8899930 0.2354470
v 0.1149350 0.8562980 0.2380520
v 0.1080720 0.8740830 0.2273260
v -0.1171620 0.8733610 0.2250370
v -0.1240040 0.8552420 0.2311650
v 0.1213550 0.8384580 0.2320630
v -0.1293240 0.8377510 0.2370800
v 0.1318470 0.8026110 0.2379730
v 0.1273440 0.8207860 0.2259770
v -0.1349820 0.8207480 0.2250890
v -0.1388950 0.8026710 0.2284600
v 0.1359640 0.7861100 0.2336400
v -0.1407740 0.7853710 0.2296880
v 0.1383310 0.7688000 0.2317240
v -0.1415350 0.7685630 0.2311150
v 0.1392260 0.7512250 0.2310730
v -0.1422410 0.7519920 0.2323380
v 0.1393070 0.7336500 0.2310730
v -0.1432020 0.7357560 0.2330880
v 0.1393070 0.7161730 0.2309750
v -0.1440590 0.7216030 0.2351190
v 0.1392490 0.6987650 0.2309480
v -0.1472320 0.7024580 0.2281890
v -0.1521590 0.6985080 0.2058920
v 0.1391910 0.6811620 0.2311150
v -0.1481980 0.6816270 0.2303570
v -0.1526850 0.6814310 0.2116100
v 0.1392490 0.6634200 0.2311430
v -0.1481370 0.6634200 0.2310040
v -0.1528330 0.6634900 0.2131960
v 0.1393070 0.6459710 0.2307150
v -0.1476720 0.6457750 0.2310730
v -0.1523910 0.6457750 0.2134980
v 0.1391300 0.6291350 0.2300880
v -0.1462070 0.6282000 0.2310730
v 0.1384130 0.6119330 0.2301530
v -0.1443360 0.6106250 0.2310730
v 0.1374130 0.5942880 0.2291030
v -0.1426270 0.5930510 0.2310730
v 0.1367680 0.5801290 0.2251970
v -0.1405930 0.5754760 0.2310730
v 0.1333230 0.5621520 0.2272740
v -0.1384770 0.5579000 0.2310730
v 0.1266430 0.5419210 0.2360740
v -0.1347350 0.5403260 0.2310730
v 0.1252730 0.5242790 0.2263040
v -0.1296900 0.5227510 0.2310730
v 0.1157170 0.5072920 0.2363130
v -0.1239940 0.5051760 0.2310740
v 0.1138680 0.4890640 0.2254680
v -0.1174850 0.4876010 0.2310740
v 0.1014090 0.4686000 0.2315970
v -0.1097550 0.4700260 0.2310740
v 0.0933790 0.4487950 0.2266290
v -0.0994700 0.4525480 0.2311710
v 0.0815970 0.4348390 0.2298780
v -0.0865000 0.4351410 0.2311180
v 0.0663000 0.4185680 0.2306410
v -0.0709110 0.4175380 0.2301370
v 0.0505050 0.4035560 0.2300390
v -0.0543770 0.4005110 0.2276360
v 0.0344830 0.3942590 0.2301370
v 0.0167000 0.3886200 0.2307550
v -0.0019310 0.3850630 0.2295650
v -0.0206500 0.3844100 0.2271200
v -0.0384480 0.3850430 0.2216840
v 0.0832230 -0.3943000 0.2058570
v 0.0644200 -0.3919420 0.2073250
v 0.0472190 -0.3913550 0.2082180
v 0.0293930 -0.3912150 0.2087340
v 0.0117250 -0.3911460 0.2089430
v -0.0058500 -0.3911460 0.2089430
v -0.0234250 -0.3911460 0.2089430
v -0.0411860 -0.3912850 0.2088960
v -0.0595560 -0.3919410 0.2085620
v -0.0781200 -0.3926840 0.2074070
v -0.0936510 -0.3947390 0.2060700
v 0.1191870 -0.4114150 0.2067720
v 0.0986430 -0.4099430 0.2103360
v 0.0832710 -0.4120920 0.2137650
v 0.0719920 -0.4058350 0.2128660
v 0.0570790 -0.4084750 0.2152130
v 0.0386490 -0.4091350 0.2168520
v 0.0203730 -0.4088600 0.2172310
v 0.0026120 -0.4087210 0.2174050
v -0.0149630 -0.4087210 0.2174050
v -0.0326310 -0.4087900 0.2173820
v -0.0507460 -0.4093760 0.2172330
v -0.0710800 -0.4118290 0.2167870
v -0.0900750 -0.4094600 0.2131370
v -0.1094420 -0.4069890 0.2084100
v -0.1279020 -0.4114440 0.2063320
v 0.1535000 -0.4297480 0.2059060
v 0.1336010 -0.4260300 0.2099160
v 0.1219040 -0.4261640 0.2127610
v 0.1096370 -0.4270030 0.2152740
v 0.0910780 -0.4271450 0.2182880
v 0.0707190 -0.4241640 0.2197610
v -0.0864660 -0.4238570 0.2196690
v -0.1045460 -0.4281160 0.2180340
v -0.1244020 -0.4263790 0.2134720
v -0.1446720 -0.4248320 0.2081810
v -0.1636080 -0.4302910 0.2055840
v 0.1697190 -0.4474960 0.2076090
v 0.1535080 -0.4468750 0.2123850
v 0.1418080 -0.4402300 0.2130720
v 0.1241890 -0.4413650 0.2171230
v -0.1211790 -0.4411050 0.2199450
v -0.1402260 -0.4463610 0.2176710
v -0.1602640 -0.4448050 0.2122120
v -0.1778250 -0.4446520 0.2068930
v 0.1842670 -0.4622210 0.2071720
v 0.1704860 -0.4640150 0.2125030
v 0.1595810 -0.4583440 0.2139200
v 0.1420000 -0.4585850 0.2182320
v -0.1599510 -0.4625260 0.2184520
v -0.1772670 -0.4618080 0.2126460
v -0.1947160 -0.4615430 0.2061440
v 0.1773250 -0.4752200 0.2131300
v 0.1594860 -0.4759850 0.2183370
v -0.1771690 -0.4792860 0.2178050
v -0.1946190 -0.4790210 0.2113030
v -0.2121940 -0.4790210 0.2031660
v 0.2035820 -0.4964130 0.2070040
v 0.1908220 -0.4955380 0.2128120
v 0.1758720 -0.4933920 0.2174390
v -0.1946190 -0.4965960 0.2151270
v -0.2121940 -0.4965960 0.2070720
v 0.1874920 -0.5110680 0.2163870
v -0.1946190 -0.5141710 0.2182190
v -0.2121940 -0.5141710 0.2102450
v 0.1907330 -0.5313230 0.2171480
v 0.1723020 -0.5310860 0.2241970
v -0.1946190 -0.5317460 0.2206600
v -0.2121940 -0.5317460 0.2126040
v -0.2297690 -0.5317460 0.2027590
v 0.1918630 -0.5493480 0.2174140
v 0.1740840 -0.5491110 0.2244960
v -0.2116360 -0.5493900 0.2145570
v -0.2294670 -0.5494600 0.2045490
v 0.1920310 -0.5668960 0.2174050
v 0.1744560 -0.5668960 0.2244840
v -0.2097110 -0.5669370 0.2162170
v -0.2278070 -0.5674160 0.2057670
v 0.1920310 -0.5844710 0.2171610
v 0.1744560 -0.5844710 0.2241580
v -0.1877190 -0.5831310 0.2239580
v -0.2055960 -0.5840380 0.2169470
v 0.1920310 -0.6020450 0.2161030
v 0.1744560 -0.6020450 0.2231820
v -0.1998820 -0.6011390 0.2171350
v -0.2182240 -0.6009770 0.2076440
v 0.1920310 -0.6196200 0.2134990
v 0.1744560 -0.6196200 0.2209040
v -0.1932330 -0.6190490 0.2171030
v -0.2125470 -0.6192640 0.2069760
v -0.4063750 -0.6211320 0.2008090
v -0.4229740 -0.6290130 0.2079860
v 0.3845850 -0.6429550 0.2042990
v 0.3669900 -0.6447490 0.2006410
v 0.1744560 -0.6371950 0.2173240
v 0.1568810 -0.6371950 0.2237520
v -0.1673700 -0.6359970 0.2244930
v -0.1851760 -0.6368890 0.2173350
v -0.3940380 -0.6331540 0.2029510
v -0.4073500 -0.6389290 0.2142610
v 0.4036250 -0.6564930 0.2087550
v 0.3905050 -0.6611470 0.2181520
v 0.3725760 -0.6621120 0.2134840
v 0.1747910 -0.6547150 0.2119930
v 0.1571180 -0.6548120 0.2185580
v 0.1394030 -0.6546730 0.2246140
v -0.1542010 -0.6510210 0.2251640
v -0.1733660 -0.6538040 0.2174390
v -0.4533690 -0.6603130 0.2342880
v 0.3585020 -0.6787210 0.2084690
v 0.1582300 -0.6721600 0.2116370
v 0.1402780 -0.6723690 0.2178980
v 0.1229680 -0.6714670 0.2236700
v -0.1183870 -0.6727180 0.2272690
v -0.1384410 -0.6689650 0.2233380
v -0.1584280 -0.6703750 0.2169530
v -0.4705830 -0.6752680 0.2291760
v 0.1240300 -0.6889630 0.2158670
v 0.1098380 -0.6857230 0.2211530
v 0.0934560 -0.6894740 0.2231170
v 0.0720610 -0.6922470 0.2258360
v -0.0829670 -0.6883680 0.2277250
v -0.1032380 -0.6874000 0.2239380
v -0.1247800 -0.6914820 0.2174030
v -0.1445120 -0.6851740 0.2145440
v -0.3979980 -0.6910780 0.2304330
v -0.4803180 -0.6921830 0.2229460
v 0.4327020 -0.7083070 0.2315310
v 0.0835020 -0.7073270 0.2159590
v 0.0681180 -0.7101810 0.2174110
v 0.0574470 -0.7041030 0.2223110
v 0.0426610 -0.7059810 0.2228470
v 0.0243760 -0.7067010 0.2235790
v 0.0060520 -0.7073560 0.2238680
v -0.0118020 -0.7074260 0.2237050
v -0.0296650 -0.7075510 0.2231700
v -0.0473090 -0.7075740 0.2222820
v -0.0669910 -0.7045660 0.2216590
v -0.0869180 -0.7065090 0.2178190
v -0.4004350 -0.7072300 0.2247970
v -0.4864440 -0.7083080 0.2308850
v 0.4358980 -0.7250280 0.2312290
v -0.4074070 -0.7246700 0.2348350
v -0.4894260 -0.7215040 0.2364660
v 0.4366160 -0.7426450 0.2310730
v 0.3579980 -0.7412850 0.2322590
v -0.4153170 -0.7363630 0.2279650
v -0.4864540 -0.7381240 0.2373280
v 0.4351890 -0.7601920 0.2304870
v -0.4255560 -0.7502520 0.2324490
v -0.4737500 -0.7555230 0.2348680
v 0.4318930 -0.7764440 0.2294980
v 0.3680930 -0.7683100 0.2319330
v -0.4372130 -0.7625250 0.2378460
v -0.4546800 -0.7663880 0.2377800
v 0.4266150 -0.7878930 0.2283940
v 0.3794400 -0.7861360 0.2351040
v 0.4213680 -0.7960420 0.2342210
v 0.4101300 -0.7990560 0.2331900
v 0.3950900 -0.7966260 0.2327140
v 0.0000950 0.9709940 0.2133450
v 0.0324530 0.9549710 0.2139270
v 0.0122400 0.9634730 0.2107830
v 0.0024810 0.9687200 0.2106370
v -0.0029400 0.9683430 0.2139400
v -0.0170040 0.9639660 0.2169590
v -0.0360760 0.9588190 0.2143590
v 0.0616680 0.9377640 0.2154140
v 0.0463760 0.9487640 0.2181910
v -0.0538680 0.9503270 0.2134980
v 0.0789520 0.9212160 0.2166420
v -0.0705580 0.9380920 0.2123870
v -0.0867050 0.9218200 0.2093330
v 0.0997100 0.8908900 0.2185990
v 0.0919460 0.9043120 0.2118410
v -0.0993030 0.9056540 0.2097520
v -0.1088020 0.8913010 0.2170980
v 0.1152000 0.8566050 0.2201000
v 0.1080460 0.8740550 0.2098850
v -0.1164200 0.8744730 0.2064220
v -0.1240640 0.8565080 0.2134940
v 0.1216860 0.8389600 0.2136840
v -0.1299570 0.8386950 0.2194400
v 0.1327190 0.8037130 0.2201280
v 0.1275670 0.8214550 0.2077330
v -0.1353390 0.8214550 0.2070820
v -0.1391980 0.8037130 0.2109830
v 0.1367030 0.7863750 0.2161020
v -0.1411980 0.7861100 0.2127450
v 0.1386560 0.7688000 0.2141490
v -0.1422210 0.7688000 0.2139860
v 0.1393070 0.7512250 0.2134980
v -0.1429850 0.7520900 0.2160230
v 0.1393070 0.7336500 0.2134980
v -0.1437060 0.7385380 0.2198050
v 0.1396100 0.7160050 0.2134280
v -0.1467990 0.7201950 0.2168250
v -0.1512750 0.7132900 0.1930270
v 0.1402700 0.6982630 0.2134560
v 0.1409760 0.6806600 0.2136240
v 0.1416180 0.6632530 0.2135960
v 0.1419110 0.6458730 0.2134010
v 0.1417250 0.6283260 0.2132330
v -0.1509260 0.6282000 0.2134980
v 0.1409810 0.6103190 0.2128060
v -0.1492180 0.6106250 0.2134980
v -0.1541000 0.6106250 0.1959230
v 0.1397670 0.5928130 0.2125680
v -0.1462070 0.5930500 0.2134980
v 0.1382590 0.5767450 0.2123720
v -0.1436850 0.5754760 0.2134980
v 0.1370020 0.5631950 0.2095470
v -0.1415690 0.5579000 0.2134980
v 0.1329030 0.5444260 0.2141470
v -0.1390470 0.5403260 0.2134980
v 0.1303770 0.5232290 0.2065340
v -0.1353040 0.5227510 0.2134980
v 0.1229590 0.5057700 0.2174700
v -0.1301780 0.5051760 0.2134980
v 0.1208970 0.4909280 0.2098360
v -0.1243200 0.4876010 0.2134980
v 0.1143870 0.4732630 0.2092970
v -0.1177780 0.4701230 0.2135960
v 0.1039890 0.4525780 0.2115860
v -0.1097060 0.4528410 0.2138890
v 0.0928420 0.4343040 0.2125080
v -0.0991290 0.4359080 0.2142240
v 0.0794980 0.4173260 0.2132340
v -0.0864960 0.4186400 0.2136940
v 0.0650960 0.4014440 0.2135690
v -0.0709710 0.4013270 0.2126340
v 0.0491760 0.3886200 0.2140430
v 0.0330380 0.3794790 0.2141680
v -0.0548100 0.3856610 0.2108630
v 0.0156120 0.3742700 0.2129870
v -0.0044460 0.3689130 0.2094980
v -0.0255790 0.3715540 0.2103370
v -0.0411870 0.3740520 0.2070260
v 0.0665800 -0.3590030 0.1887140
v 0.0452190 -0.3569400 0.1900220
v 0.0277090 -0.3570000 0.1910240
v 0.0111810 -0.3569300 0.1914770
v -0.0060080 -0.3562190 0.1910290
v -0.0240210 -0.3554760 0.1900570
v -0.0425680 -0.3553080 0.1891130
v -0.0612300 -0.3561630 0.1886850
v -0.0795790 -0.3576920 0.1883630
v -0.0947890 -0.3602200 0.1877050
v 0.1189950 -0.3761870 0.1894630
v 0.1010500 -0.3704030 0.1901460
v 0.0861000 -0.3740350 0.1950350
v 0.0715150 -0.3784320 0.2001130
v 0.0558610 -0.3749060 0.1995420
v 0.0379800 -0.3739050 0.2000460
v 0.0205450 -0.3737660 0.2004650
v 0.0031970 -0.3736680 0.2005140
v -0.0144050 -0.3735010 0.2003180
v -0.0322360 -0.3734310 0.1999930
v -0.0502290 -0.3736400 0.1997830
v -0.0686780 -0.3745570 0.1992690
v -0.0889660 -0.3767650 0.1981830
v -0.1095300 -0.3715920 0.1909410
v -0.1279230 -0.3759510 0.1889710
v 0.1541850 -0.3940660 0.1891600
v 0.1354280 -0.3889180 0.1926140
v 0.1240660 -0.3946150 0.1983820
v 0.1049510 -0.3897210 0.2004240
v -0.1043940 -0.3883940 0.2010260
v -0.1227400 -0.3928670 0.1990810
v -0.1441170 -0.3893520 0.1917640
v -0.1626170 -0.3944710 0.1893830
v 0.1744880 -0.4100560 0.1904570
v 0.1595990 -0.4135680 0.1977860
v 0.1404040 -0.4078380 0.2009080
v -0.1393140 -0.4057970 0.2012510
v -0.1584040 -0.4112430 0.1989070
v -0.1797710 -0.4074760 0.1901230
v -0.1985140 -0.4127590 0.1854940
v 0.1913380 -0.4265330 0.1908330
v 0.1734150 -0.4282660 0.1994590
v -0.1781220 -0.4271150 0.1998680
v -0.1957820 -0.4268620 0.1932380
v -0.2129750 -0.4270770 0.1846500
v 0.2071970 -0.4431730 0.1899030
v 0.1888230 -0.4448090 0.1997480
v -0.1949810 -0.4440940 0.2001620
v -0.2124590 -0.4439960 0.1920580
v 0.2202810 -0.4603160 0.1885690
v 0.2019240 -0.4616650 0.1994660
v -0.2121940 -0.4614460 0.1986910
v -0.2297690 -0.4614460 0.1881130
v 0.2133700 -0.4788210 0.1984850
v 0.1931540 -0.4806930 0.2083760
v -0.2297690 -0.4790210 0.1937280
v -0.2297690 -0.4965960 0.1980400
v -0.2473440 -0.4965260 0.1858470
v 0.2370640 -0.5149600 0.1909200
v 0.2215890 -0.5182550 0.2012470
v 0.2072100 -0.5144320 0.2078960
v -0.2297690 -0.5141710 0.2008060
v -0.2473440 -0.5141710 0.1886830
v 0.2250230 -0.5324850 0.2003830
v 0.2081640 -0.5323870 0.2089290
v -0.2473440 -0.5317460 0.1906360
v 0.2266880 -0.5493480 0.1998630
v 0.2092480 -0.5495160 0.2090080
v -0.2471930 -0.5493900 0.1920190
v 0.2271810 -0.5668960 0.1995860
v 0.2096060 -0.5668960 0.2089430
v -0.2460290 -0.5675830 0.1927970
v 0.2271810 -0.5844710 0.1985280
v 0.2096060 -0.5844710 0.2083730
v -0.2232080 -0.5843820 0.2072090
v -0.2426800 -0.5876490 0.1937920
v 0.3816140 -0.6063780 0.1843770
v 0.3640700 -0.6087310 0.1840430
v 0.2096060 -0.6020450 0.2067460
v -0.2327580 -0.5987900 0.1997670
v -0.3925580 -0.5975780 0.1810080
v -0.4056100 -0.6040470 0.1878670
v -0.4217580 -0.6119690 0.1923300
v 0.3972330 -0.6163690 0.1857600
v 0.3877770 -0.6246100 0.1941160
v 0.3703810 -0.6256360 0.1938250
v 0.3536390 -0.6218880 0.1828400
v 0.2096060 -0.6196200 0.2035730
v -0.2329120 -0.6165340 0.1946240
v -0.4380060 -0.6244050 0.1941530
v 0.3557670 -0.6394890 0.1891140
v 0.2096060 -0.6371950 0.1995860
v 0.1920310 -0.6371950 0.2091060
v -0.2036570 -0.6376760 0.2074880
v -0.2244930 -0.6397780 0.1935130
v -0.3820510 -0.6365780 0.1919340
v -0.4416910 -0.6424010 0.2150540
v -0.4521130 -0.6422540 0.1928540
v 0.4184890 -0.6722510 0.2125280
v 0.4174430 -0.6574330 0.1928670
v 0.3569460 -0.6600150 0.1956220
v 0.1923660 -0.6547150 0.2033450
v -0.1913830 -0.6549380 0.2086080
v -0.2088080 -0.6559900 0.1984810
v -0.3925670 -0.6551290 0.2105410
v -0.4595850 -0.6583900 0.2128510
v 0.4291270 -0.6899150 0.2167720
v 0.4262680 -0.6762570 0.2008640
v 0.1934910 -0.6717140 0.1959640
v 0.1759860 -0.6719790 0.2042660
v -0.1763090 -0.6718710 0.2085220
v -0.1938650 -0.6726100 0.1993580
v -0.3926300 -0.6764630 0.2175630
v -0.4705380 -0.6778050 0.2084710
v 0.3543020 -0.6941150 0.2078160
v 0.1617010 -0.6866060 0.2031430
v 0.1429520 -0.6915490 0.2075490
v -0.1595000 -0.6885850 0.2071110
v -0.1770020 -0.6896830 0.1985330
v -0.3934210 -0.6903250 0.2130990
v -0.4764290 -0.6951420 0.2089590
v 0.4349400 -0.7074810 0.2144980
v 0.3551960 -0.7074450 0.2116450
v 0.1379920 -0.7086020 0.1993230
v 0.1267020 -0.7035310 0.2061960
v 0.1066590 -0.7062670 0.2104980
v -0.1053590 -0.7079200 0.2126270
v -0.1201410 -0.7111350 0.2065720
v -0.1393610 -0.7047120 0.2046050
v -0.3995100 -0.7035290 0.2088390
v -0.4809070 -0.7083040 0.2152930
v 0.4360580 -0.7250700 0.2135680
v 0.3566650 -0.7248620 0.2158130
v 0.0912980 -0.7208620 0.2050620
v 0.0757580 -0.7230540 0.2069510
v 0.0568110 -0.7214900 0.2109050
v 0.0372550 -0.7241940 0.2107000
v 0.0190470 -0.7249310 0.2108720
v 0.0013100 -0.7250710 0.2108950
v -0.0162650 -0.7250710 0.2108140
v -0.0339610 -0.7250290 0.2103960
v -0.0519780 -0.7246100 0.2098030
v -0.0704310 -0.7244430 0.2077340
v -0.0889040 -0.7248940 0.2042050
v -0.1065250 -0.7252610 0.2007810
v -0.4097250 -0.7208680 0.2153090
v -0.4835550 -0.7236120 0.2234600
v 0.4345190 -0.7430220 0.2136930
v 0.3583110 -0.7413900 0.2219140
v -0.4255000 -0.7381380 0.2162670
v -0.4739770 -0.7391450 0.2196250
v 0.4303280 -0.7609550 0.2144580
v 0.3639040 -0.7568910 0.2167620
v -0.4406210 -0.7531530 0.2232110
v -0.4584010 -0.7497500 0.2190930
v 0.4247920 -0.7775700 0.2167560
v 0.3753950 -0.7721950 0.2156900
v 0.4182140 -0.7907590 0.2225620
v 0.4048800 -0.7902050 0.2182890
v 0.3894550 -0.7838790 0.2162080
v 0.0318320 0.9538200 0.1951950
v 0.0172150 0.9600370 0.1933280
v 0.0004900 0.9645040 0.2007080
v -0.0187900 0.9612020 0.1974500
v 0.0520450 0.9421730 0.1989070
v -0.0368290 0.9563170 0.1962820
v -0.0541820 0.9479580 0.1958810
v 0.0729290 0.9248550 0.1974670
v -0.0702530 0.9349200 0.1948130
v 0.0881390 0.9074800 0.1980850
v -0.0821460 0.9227390 0.1923570
v 0.0991750 0.8908210 0.2020700
v -0.0934140 0.9117520 0.1983080
v -0.1045510 0.8942470 0.1967710
v 0.1151760 0.8566050 0.2023400
v 0.1075180 0.8737760 0.1922640
v -0.1153810 0.8737300 0.1877640
v -0.1235810 0.8564800 0.1953790
v 0.1216390 0.8388630 0.1958350
v -0.1301550 0.8390300 0.2016890
v 0.1327980 0.8039500 0.2024320
v 0.1275440 0.8212600 0.1901670
v -0.1353070 0.8212880 0.1892930
v -0.1392910 0.8039500 0.1933200
v 0.1367030 0.7863750 0.1985270
v -0.1412440 0.7863750 0.1952720
v 0.1386560 0.7688000 0.1965740
v -0.1424650 0.7688000 0.1965740
v 0.1393070 0.7512250 0.1959230
v -0.1437320 0.7513510 0.1988150
v 0.1396680 0.7335110 0.1957840
v -0.1457650 0.7344910 0.2043260
v 0.1405720 0.7152760 0.1954670
v 0.1451800 0.6929000 0.1822990
v 0.1423500 0.6970180 0.1961230
v -0.1559030 0.6939860 0.1896790
v 0.1441490 0.6797400 0.1968020
v -0.1566290 0.6802000 0.1935850
v 0.1452650 0.6628900 0.1963840
v -0.1568430 0.6633220 0.1954310
v 0.1457930 0.6456080 0.1959510
v -0.1566220 0.6457750 0.1959230
v 0.1454090 0.6275590 0.1952860
v -0.1560520 0.6282000 0.1959230
v 0.1442370 0.6069790 0.1935760
v 0.1409530 0.5887660 0.2000410
v -0.1508940 0.5931480 0.1960210
v 0.1398420 0.5754900 0.1970810
v -0.1475840 0.5757410 0.1960490
v 0.1379930 0.5590200 0.1958080
v -0.1441760 0.5581380 0.1958820
v 0.1363050 0.5411520 0.1936320
v -0.1418720 0.5403950 0.1958540
v 0.1346530 0.5236950 0.1872980
v -0.1392910 0.5227510 0.1959230
v 0.1282380 0.5028220 0.1968830
v -0.1353530 0.5052730 0.1960210
v 0.1224420 0.4846680 0.1985210
v -0.1300900 0.4878660 0.1960490
v 0.1203070 0.4729300 0.1924510
v -0.1240360 0.4703880 0.1961470
v 0.1131930 0.4555070 0.1916040
v -0.1170250 0.4532460 0.1968860
v 0.1018800 0.4356330 0.1948640
v -0.1086200 0.4362430 0.1972910
v 0.0905590 0.4175100 0.1957150
v -0.0982550 0.4219710 0.1994220
v 0.0766500 0.4002510 0.1960910
v -0.0874340 0.4037570 0.1938320
v 0.0612120 0.3851750 0.1972630
v -0.0704200 0.3863670 0.1957280
v 0.0465520 0.3769530 0.2006780
v 0.0333260 0.3679020 0.1969610
v 0.0160020 0.3600240 0.1943110
v -0.0160140 0.3596360 0.1968330
v -0.0347150 0.3612230 0.1914810
v -0.0540150 0.3726840 0.1942630
v -0.0005780 0.3546550 0.1886340
v 0.0137780 -0.3252180 0.1714510
v -0.0070730 -0.3232980 0.1709480
v -0.0223040 -0.3245680 0.1708360
v 0.1013590 -0.3408740 0.1698470
v 0.0824590 -0.3346090 0.1693770
v 0.0680300 -0.3378670 0.1743230
v 0.0498080 -0.3390720 0.1778820
v 0.0317640 -0.3398990 0.1806280
v 0.0179380 -0.3431740 0.1839790
v 0.0029050 -0.3399550 0.1822830
v -0.0147450 -0.3387460 0.1812480
v -0.0345920 -0.3351940 0.1767260
v -0.0554100 -0.3372550 0.1759320
v -0.0746010 -0.3392310 0.1757080
v -0.0944680 -0.3427210 0.1759280
v -0.1111900 -0.3425620 0.1721400
v 0.1389570 -0.3564140 0.1706940
v 0.1210920 -0.3573770 0.1773440
v 0.1065560 -0.3595340 0.1829430
v 0.0879630 -0.3535860 0.1825160
v -0.1060070 -0.3538680 0.1819950
v -0.1251580 -0.3554840 0.1772990
v -0.1480710 -0.3572260 0.1716990
v -0.1646570 -0.3614730 0.1692010
v 0.1744980 -0.3734730 0.1686650
v 0.1562150 -0.3740410 0.1770010
v 0.1379250 -0.3742100 0.1839750
v -0.1401280 -0.3706430 0.1829050
v -0.1581840 -0.3764150 0.1809390
v -0.1773780 -0.3748100 0.1725800
v 0.1923100 -0.3903790 0.1705890
v 0.1741250 -0.3916720 0.1809860
v -0.1737730 -0.3888790 0.1831010
v -0.1924520 -0.3939910 0.1775700
v 0.2092570 -0.4071450 0.1706310
v 0.1920030 -0.4085530 0.1816250
v -0.2124490 -0.4098330 0.1763790
v 0.2224270 -0.4213750 0.1696230
v 0.2086800 -0.4248870 0.1809070
v -0.2298940 -0.4264910 0.1737160
v -0.2298660 -0.4439680 0.1824660
v -0.2469530 -0.4435360 0.1687740
v 0.2385510 -0.4606090 0.1756940
v -0.2469530 -0.4611810 0.1763760
v 0.2296730 -0.4757070 0.1875110
v -0.2471480 -0.4787840 0.1825870
v -0.2636190 -0.4777390 0.1681260
v 0.2573640 -0.4933080 0.1712050
v 0.2457710 -0.4997490 0.1828990
v 0.2262770 -0.4973550 0.1946470
v -0.2644580 -0.4956290 0.1722380
v -0.2647930 -0.5136960 0.1756250
v 0.2424610 -0.5314810 0.1892340
v -0.2649610 -0.5315090 0.1772310
v 0.2443720 -0.5491810 0.1886830
v -0.2646630 -0.5492510 0.1778150
v 0.2447560 -0.5669650 0.1878810
v -0.2635700 -0.5671050 0.1778610
v 0.3972580 -0.5839690 0.1650670
v 0.3845910 -0.5865170 0.1713690
v 0.3650650 -0.5905350 0.1738480
v 0.3486090 -0.5905490 0.1648510
v 0.2445610 -0.5847080 0.1856790
v -0.2613800 -0.5856500 0.1776590
v -0.3757790 -0.5803380 0.1639090
v -0.3896820 -0.5843570 0.1704940
v -0.4048230 -0.5884010 0.1750130
v -0.4200860 -0.5958770 0.1768320
v 0.3514710 -0.6052850 0.1745540
v 0.2271810 -0.6020460 0.1959240
v -0.2436770 -0.6051210 0.1897250
v -0.2580400 -0.6056910 0.1771390
v -0.4347150 -0.6076650 0.1772390
v 0.4086750 -0.6183540 0.1760950
v 0.3428530 -0.6209360 0.1693390
v 0.2271810 -0.6196900 0.1914610
v -0.2489280 -0.6167600 0.1830760
v -0.3885200 -0.6156190 0.1899850
v -0.4473030 -0.6244330 0.1749920
v 0.4031430 -0.6355710 0.1925740
v 0.2269860 -0.6375720 0.1859000
v -0.2461230 -0.6345750 0.1775390
v 0.2098710 -0.6547150 0.1927560
v -0.2225200 -0.6592970 0.1871980
v -0.3819780 -0.6560820 0.1896170
v -0.4608310 -0.6622750 0.1944010
v 0.3533070 -0.6767620 0.1926290
v 0.2097590 -0.6715970 0.1843800
v -0.2104780 -0.6732800 0.1882600
v -0.3887400 -0.6733080 0.2017810
v -0.4629540 -0.6775180 0.1921620
v 0.4315970 -0.6903660 0.1984200
v 0.3538620 -0.6899160 0.1957220
v 0.1961100 -0.6848110 0.1860130
v 0.1780530 -0.6906910 0.1923130
v -0.1945210 -0.6899370 0.1879180
v -0.3952490 -0.6901760 0.1945920
v -0.4674330 -0.6916360 0.1967320
v 0.4329410 -0.7077600 0.1967510
v 0.3542930 -0.7029670 0.1988860
v 0.1558860 -0.7046210 0.1932720
v -0.1593330 -0.7065090 0.1953180
v -0.1771690 -0.7067750 0.1852680
v -0.4077920 -0.7070560 0.1964960
v -0.4707620 -0.7077740 0.2019140
v 0.4305700 -0.7259870 0.1967440
v 0.3594970 -0.7207130 0.1966140
v 0.1430780 -0.7183630 0.1885230
v 0.1254790 -0.7201700 0.1941340
v 0.1056090 -0.7283800 0.1938680
v -0.1242060 -0.7244660 0.1954740
v -0.1425200 -0.7232310 0.1888540
v -0.4240580 -0.7217420 0.1994770
v -0.4585680 -0.7218900 0.1982400
v -0.4730400 -0.7235730 0.2093220
v 0.4258850 -0.7443050 0.1983260
v 0.3620540 -0.7411670 0.2057790
v 0.0881850 -0.7350020 0.1937060
v 0.0707500 -0.7385910 0.1945010
v 0.0524540 -0.7403680 0.1950170
v 0.0340880 -0.7416460 0.1952030
v 0.0162810 -0.7419950 0.1952730
v -0.0012940 -0.7419950 0.1952730
v -0.0188690 -0.7419950 0.1952730
v -0.0365370 -0.7419250 0.1950640
v -0.0545070 -0.7418550 0.1942270
v -0.0728490 -0.7418090 0.1926460
v -0.0911450 -0.7412690 0.1899590
v -0.1090410 -0.7400700 0.1858180
v -0.4441230 -0.7357330 0.2058380
v -0.4621590 -0.7357440 0.2081920
v 0.4176890 -0.7633560 0.2013710
v 0.3724660 -0.7567750 0.2011980
v 0.4143350 -0.7806390 0.2110540
v 0.4022940 -0.7751180 0.2042000
v 0.3864150 -0.7678480 0.2007410
v 0.0257550 0.9535550 0.1786360
v 0.0110820 0.9595360 0.1832380
v -0.0032650 0.9597190 0.1805600
v -0.0211550 0.9577620 0.1791640
v 0.0460510 0.9414310 0.1752320
v -0.0385690 0.9522870 0.1792830
v 0.0669280 0.9258500 0.1785530
v -0.0546140 0.9433860 0.1790870
v 0.0842660 0.9084420 0.1801570
v -0.0705870 0.9302220 0.1783360
v 0.0975080 0.8908350 0.1846110
v -0.0882750 0.9111540 0.1801160
v -0.1040800 0.8887420 0.1738940
v 0.1149330 0.8557440 0.1842630
v 0.1067970 0.8726140 0.1739420
v -0.1146670 0.8707220 0.1722240
v -0.1224710 0.8559550 0.1770800
v 0.1216420 0.8377370 0.1783490
v -0.1296680 0.8384760 0.1834630
v 0.1327510 0.8037830 0.1848620
v 0.1273300 0.8204510 0.1730430
v -0.1347750 0.8206000 0.1714360
v -0.1390630 0.8037550 0.1757120
v 0.1366100 0.7861380 0.1808640
v -0.1412440 0.7863750 0.1776970
v 0.1386100 0.7685350 0.1791010
v -0.1425460 0.7688000 0.1789990
v 0.1394470 0.7510580 0.1783760
v -0.1442900 0.7511550 0.1810450
v 0.1402950 0.7329490 0.1776320
v -0.1476520 0.7332360 0.1857450
v 0.1429880 0.7120670 0.1753960
v -0.1525570 0.7153960 0.1724620
v -0.1564700 0.6972210 0.1757350
v 0.1477790 0.6785780 0.1802690
v -0.1583260 0.6799910 0.1768930
v 0.1494100 0.6620670 0.1796320
v -0.1588190 0.6631550 0.1779900
v 0.1501050 0.6451760 0.1785070
v -0.1588190 0.6457750 0.1783480
v 0.1496060 0.6273910 0.1767400
v -0.1585750 0.6282000 0.1783480
v 0.1481990 0.6094120 0.1716350
v -0.1577610 0.6106250 0.1783480
v 0.1433380 0.5910700 0.1844490
v -0.1558250 0.5932460 0.1787070
v 0.1413060 0.5740530 0.1806080
v -0.1519170 0.5764100 0.1793340
v 0.1394700 0.5570500 0.1791530
v -0.1477140 0.5592400 0.1787390
v 0.1380540 0.5408000 0.1763540
v -0.1440900 0.5410650 0.1779720
v 0.1373740 0.5274490 0.1719200
v -0.1416860 0.5228900 0.1782090
v 0.1339810 0.5089300 0.1733310
v -0.1390870 0.5053010 0.1786140
v 0.1268100 0.4848320 0.1807110
v -0.1349620 0.4883820 0.1791300
v 0.1211850 0.4664400 0.1805950
v -0.1295160 0.4711060 0.1788310
v 0.1180720 0.4526140 0.1720530
v -0.1227450 0.4532420 0.1792870
v 0.1099560 0.4366750 0.1768280
v -0.1151650 0.4385290 0.1828630
v 0.0991820 0.4187060 0.1781480
v -0.1050220 0.4177200 0.1786780
v 0.0872770 0.4003220 0.1780180
v -0.0936100 0.3975430 0.1754800
v 0.0722030 0.3836220 0.1790460
v -0.0819920 0.3880210 0.1817370
v 0.0528100 0.3687740 0.1821270
v -0.0537320 0.3608070 0.1765860
v -0.0701130 0.3748150 0.1790180
v 0.0340240 0.3568430 0.1785530
v 0.0165460 0.3486700 0.1757730
v 0.0017680 0.3434030 0.1725420
v -0.0166780 0.3477870 0.1779620
v -0.0373980 0.3484290 0.1704540
v 0.0354830 -0.3061110 0.1527140
v 0.0180480 -0.3066510 0.1559460
v -0.0009130 -0.3072950 0.1576250
v -0.0216180 -0.3086740 0.1577710
v -0.0391140 -0.3067490 0.1530270
v 0.1041230 -0.3217670 0.1532330
v 0.0857010 -0.3207530 0.1571410
v 0.0681830 -0.3203300 0.1598540
v 0.0512220 -0.3213430 0.1637450
v 0.0335070 -0.3223380 0.1677460
v -0.0335040 -0.3181920 0.1648470
v -0.0511790 -0.3169890 0.1598760
v -0.0717660 -0.3206350 0.1601230
v -0.0908270 -0.3234570 0.1599750
v -0.1107240 -0.3264640 0.1595400
v -0.1279860 -0.3258240 0.1537510
v 0.1580050 -0.3395530 0.1495890
v 0.1398920 -0.3386860 0.1566780
v 0.1214000 -0.3390860 0.1639270
v -0.1223870 -0.3366690 0.1653710
v -0.1404300 -0.3376140 0.1593130
v -0.1613930 -0.3458900 0.1580680
v 0.1751810 -0.3561630 0.1550810
v 0.1571180 -0.3562610 0.1647920
v -0.1812480 -0.3569300 0.1580520
v -0.1993890 -0.3620770 0.1522100
v 0.2062290 -0.3710110 0.1481340
v 0.1924270 -0.3725080 0.1588560
v -0.1954730 -0.3749900 0.1644400
v -0.2129890 -0.3750380 0.1535980
v -0.2120580 -0.3918670 0.1657410
v -0.2292430 -0.3910480 0.1533750
v 0.2263760 -0.4072420 0.1580360
v -0.2295310 -0.4087210 0.1644450
v -0.2454790 -0.4072980 0.1503220
v 0.2376470 -0.4248870 0.1589380
v -0.2466180 -0.4253750 0.1602840
v 0.2268620 -0.4401520 0.1756990
v -0.2629660 -0.4424270 0.1530430
v 0.2558120 -0.4615850 0.1600540
v -0.2633400 -0.4605380 0.1622270
v 0.2461990 -0.4811610 0.1766200
v -0.2751360 -0.4749100 0.1552780
v 0.2703250 -0.4959530 0.1596960
v -0.2807380 -0.4925410 0.1559780
v 0.2566060 -0.5114450 0.1764660
v -0.2813460 -0.5118430 0.1606480
v 0.2602970 -0.5311880 0.1761180
v -0.2822110 -0.5299560 0.1635620
v 0.3688590 -0.5589450 0.1512360
v 0.2619360 -0.5493900 0.1758500
v -0.2822920 -0.5482710 0.1643110
v -0.3233870 -0.5494350 0.1476360
v -0.3397290 -0.5524570 0.1468820
v 0.4017450 -0.5794220 0.1557490
v 0.3876020 -0.5708520 0.1569530
v 0.3720980 -0.5741350 0.1640330
v 0.3540430 -0.5721930 0.1587650
v 0.2621670 -0.5676950 0.1742140
v -0.2806760 -0.5665190 0.1636310
v -0.3535830 -0.5611730 0.1497520
v -0.3710900 -0.5668850 0.1536990
v -0.3877610 -0.5699150 0.1578260
v -0.4031450 -0.5752160 0.1607100
v -0.4160510 -0.5830310 0.1641540
v 0.4056390 -0.5898240 0.1621080
v 0.3370990 -0.5837620 0.1515340
v 0.2608330 -0.5859390 0.1711360
v -0.2775540 -0.5846100 0.1620530
v -0.4301220 -0.5924990 0.1585300
v 0.3999180 -0.5998820 0.1740340
v 0.3395260 -0.6058290 0.1587880
v 0.2442030 -0.6024500 0.1820940
v -0.2732910 -0.6029140 0.1606440
v -0.3756690 -0.5981750 0.1737540
v 0.2438960 -0.6205270 0.1766060
v -0.2581690 -0.6230200 0.1714930
v -0.3719900 -0.6197380 0.1765960
v 0.4155800 -0.6368360 0.1761850
v 0.3455750 -0.6365440 0.1754430
v 0.2427890 -0.6391760 0.1700170
v -0.3719630 -0.6403240 0.1731790
v -0.4531650 -0.6404600 0.1753290
v 0.4254500 -0.6726940 0.1846390
v 0.4209310 -0.6540310 0.1722110
v 0.3484540 -0.6533040 0.1782020
v 0.2261390 -0.6556630 0.1791160
v -0.2365260 -0.6550740 0.1767080
v -0.3799720 -0.6585260 0.1743910
v -0.4553880 -0.6525930 0.1810730
v 0.3517140 -0.6706720 0.1795820
v 0.2237960 -0.6734100 0.1697780
v -0.2263770 -0.6726250 0.1757450
v -0.3865630 -0.6723150 0.1840570
v -0.4538040 -0.6691980 0.1775610
v 0.4268870 -0.6901990 0.1806120
v 0.3533430 -0.6849690 0.1829630
v 0.2076440 -0.6878000 0.1742370
v -0.2115920 -0.6892210 0.1753550
v -0.3955440 -0.6836870 0.1783460
v -0.4554620 -0.6879630 0.1835660
v 0.4246680 -0.7089180 0.1807390
v 0.3585150 -0.7017100 0.1826020
v 0.1910460 -0.6993570 0.1769240
v 0.1737250 -0.7101780 0.1782160
v -0.1948140 -0.7058520 0.1741670
v -0.4039920 -0.6949510 0.1831920
v -0.4209310 -0.7027180 0.1816040
v -0.4407660 -0.6976210 0.1782660
v -0.4565500 -0.7047800 0.1902690
v 0.4182910 -0.7279470 0.1819040
v 0.3709160 -0.7211750 0.1787300
v 0.1569110 -0.7217780 0.1773200
v -0.1603450 -0.7228800 0.1803370
v -0.1780230 -0.7219070 0.1697930
v -0.4409110 -0.7157280 0.1906990
v 0.4145790 -0.7460740 0.1886570
v 0.4049840 -0.7379040 0.1799550
v 0.3877710 -0.7364810 0.1788620
v 0.3710690 -0.7396390 0.1903270
v 0.1400670 -0.7307280 0.1769370
v 0.1217590 -0.7376060 0.1773450
v 0.1033980 -0.7445330 0.1780750
v -0.1280570 -0.7399320 0.1785420
v -0.1461230 -0.7347320 0.1749540
v 0.3997330 -0.7552840 0.1900740
v 0.3829190 -0.7528240 0.1901640
v 0.0860830 -0.7492200 0.1784000
v 0.0681090 -0.7535480 0.1776800
v 0.0491950 -0.7561720 0.1776480
v 0.0307870 -0.7567920 0.1782100
v 0.0130260 -0.7569660 0.1783490
v -0.0045490 -0.7569660 0.1783490
v -0.0221230 -0.7569660 0.1783490
v -0.0397680 -0.7569660 0.1781980
v -0.0577200 -0.7569800 0.1771350
v -0.0772090 -0.7574630 0.1740690
v -0.0967430 -0.7533200 0.1748740
v -0.1123500 -0.7509050 0.1723980
v 0.0121770 0.9531860 0.1650400
v -0.0079790 0.9539650 0.1621230
v -0.0262250 0.9517290 0.1622660
v 0.0455330 0.9357800 0.1557400
v 0.0312940 0.9458940 0.1609170
v -0.0414940 0.9474240 0.1656270
v 0.0611300 0.9250920 0.1589920
v -0.0545350 0.9371340 0.1622660
v 0.0787960 0.9086750 0.1613540
v -0.0710920 0.9225640 0.1607690
v 0.0952740 0.8887530 0.1638180
v -0.0879360 0.9040470 0.1573830
v -0.1005060 0.8874850 0.1566000
v 0.1143340 0.8527000 0.1638370
v 0.1057300 0.8699660 0.1578750
v -0.1098150 0.8763790 0.1614390
v -0.1179110 0.8584360 0.1573860
v 0.1219500 0.8342340 0.1638480
v -0.1283240 0.8364660 0.1626220
v 0.1323330 0.8030150 0.1669380
v 0.1262370 0.8199490 0.1556680
v -0.1341540 0.8181370 0.1562190
v -0.1383800 0.8036590 0.1582680
v 0.1363550 0.7849520 0.1631960
v -0.1409330 0.7864170 0.1600480
v 0.1383770 0.7676140 0.1621220
v -0.1425230 0.7687300 0.1613310
v 0.1395280 0.7506250 0.1609310
v -0.1444520 0.7510860 0.1631910
v 0.1406320 0.7330460 0.1589830
v -0.1482070 0.7334410 0.1673760
v 0.1469800 0.6940140 0.1633230
v 0.1426800 0.7160910 0.1528640
v -0.1528350 0.7157680 0.1542360
v -0.1567730 0.6982630 0.1582580
v 0.1508810 0.6752510 0.1663040
v -0.1587730 0.6806600 0.1600200
v 0.1527430 0.6612060 0.1632520
v -0.1594700 0.6632530 0.1606760
v 0.1535250 0.6446730 0.1616060
v -0.1594700 0.6457750 0.1607730
v 0.1533720 0.6279910 0.1584250
v -0.1594700 0.6282000 0.1607730
v 0.1520990 0.6112770 0.1521850
v -0.1593890 0.6106250 0.1607730
v 0.1462910 0.5895110 0.1630970
v -0.1580540 0.5931480 0.1613590
v 0.1420230 0.5700910 0.1663540
v -0.1553340 0.5764100 0.1628980
v 0.1406960 0.5559520 0.1628940
v -0.1513430 0.5626540 0.1655550
v 0.1393070 0.5403260 0.1607730
v -0.1472470 0.5439360 0.1586690
v 0.1380610 0.5246990 0.1586530
v -0.1433090 0.5233920 0.1601360
v 0.1370230 0.5107780 0.1550040
v -0.1410720 0.5052040 0.1609410
v 0.1332130 0.4917010 0.1566730
v -0.1383650 0.4879390 0.1619690
v 0.1254360 0.4675800 0.1631720
v -0.1339850 0.4739210 0.1648120
v 0.1210900 0.4525130 0.1607530
v -0.1283890 0.4548890 0.1591570
v 0.1152210 0.4382100 0.1579380
v -0.1182150 0.4330640 0.1637570
v 0.1064830 0.4220760 0.1633690
v -0.1110180 0.4142310 0.1580720
v 0.0968480 0.4026460 0.1580780
v -0.1010020 0.3998720 0.1609000
v 0.0822020 0.3831740 0.1605130
v -0.0867820 0.3824870 0.1643570
v 0.0669860 0.3677020 0.1622800
v -0.0707620 0.3649570 0.1612810
v 0.0503480 0.3554250 0.1623780
v 0.0333400 0.3449240 0.1602900
v -0.0547960 0.3506740 0.1585050
v 0.0145830 0.3370890 0.1562590
v -0.0062510 0.3358010 0.1589190
v -0.0252250 0.3370660 0.1581620
v -0.0412420 0.3403080 0.1544410
v 0.0379000 -0.2944220 0.1391970
v 0.0228600 -0.2933490 0.1406370
v 0.0052660 -0.2932140 0.1415560
v -0.0135920 -0.2935500 0.1414610
v -0.0344990 -0.2930960 0.1383510
v 0.1063830 -0.3060420 0.1365760
v 0.0882180 -0.3047860 0.1402000
v 0.0695030 -0.3040890 0.1430460
v 0.0519600 -0.3050100 0.1484170
v -0.0531350 -0.2980880 0.1412720
v -0.0707020 -0.3031570 0.1427950
v -0.0890710 -0.3061700 0.1432270
v -0.1073470 -0.3097050 0.1429620
v -0.1252100 -0.3135090 0.1418570
v 0.1604240 -0.3277770 0.1363430
v 0.1425340 -0.3216350 0.1390010
v 0.1225770 -0.3216780 0.1472470
v -0.1420140 -0.3192760 0.1419550
v -0.1592830 -0.3288470 0.1426320
v 0.1753050 -0.3397970 0.1397800
v -0.1777500 -0.3385600 0.1422690
v -0.1958740 -0.3486610 0.1413630
v 0.2115540 -0.3639540 0.1373680
v 0.1947450 -0.3560340 0.1424510
v -0.2127700 -0.3597480 0.1406930
v 0.2201720 -0.3762060 0.1408750
v -0.2287760 -0.3744330 0.1403680
v 0.2114260 -0.3881130 0.1569560
v -0.2443170 -0.3902110 0.1395120
v 0.2431750 -0.4089350 0.1429390
v -0.2560610 -0.4038670 0.1372010
v 0.2539270 -0.4264170 0.1431990
v -0.2622410 -0.4220040 0.1423020
v 0.2471250 -0.4431730 0.1599140
v -0.2740860 -0.4391920 0.1378440
v 0.2709570 -0.4617320 0.1428820
v -0.2800260 -0.4609470 0.1412700
v 0.2646540 -0.4789110 0.1594130
v -0.2924730 -0.4927740 0.1405970
v 0.3104570 -0.5195550 0.1373770
v 0.2912290 -0.5160570 0.1483370
v 0.2746650 -0.5139020 0.1612670
v -0.2977140 -0.5093370 0.1438140
v 0.3654490 -0.5406220 0.1356050
v 0.3438220 -0.5350060 0.1357900
v 0.3245120 -0.5339210 0.1385580
v 0.3088840 -0.5370180 0.1436280
v 0.2949200 -0.5335450 0.1504590
v 0.2779180 -0.5320110 0.1622060
v -0.2957570 -0.5256940 0.1524080
v -0.3143970 -0.5288920 0.1407650
v -0.3353020 -0.5383890 0.1385670
v 0.3837880 -0.5545650 0.1405630
v 0.3505490 -0.5519660 0.1467810
v 0.3326660 -0.5500090 0.1431810
v 0.3149360 -0.5512530 0.1433490
v 0.2970730 -0.5515640 0.1496170
v 0.2793350 -0.5503570 0.1615030
v -0.3018300 -0.5448720 0.1534120
v -0.3521750 -0.5453070 0.1400210
v -0.3682070 -0.5513520 0.1415950
v -0.3851730 -0.5571990 0.1431830
v -0.3992900 -0.5645900 0.1476030
v 0.3389280 -0.5645940 0.1492630
v 0.2800510 -0.5712400 0.1573000
v -0.2983530 -0.5649990 0.1535460
v -0.3143540 -0.5623330 0.1496810
v -0.3338260 -0.5689780 0.1496020
v 0.2720050 -0.5898120 0.1575250
v -0.3568400 -0.5847570 0.1569220
v 0.4111310 -0.6024930 0.1617020
v 0.2596250 -0.6036910 0.1659720
v -0.3621120 -0.6064100 0.1640920
v -0.4422740 -0.6089400 0.1625380
v 0.4162440 -0.6193130 0.1606710
v 0.3372140 -0.6228860 0.1567130
v 0.2593660 -0.6234460 0.1569740
v -0.2689840 -0.6206510 0.1595720
v -0.3621060 -0.6221340 0.1607300
v -0.4473030 -0.6215690 0.1559160
v 0.4188410 -0.6363300 0.1588350
v 0.3393590 -0.6353320 0.1605870
v 0.2532790 -0.6423010 0.1550410
v -0.2617910 -0.6368830 0.1601020
v -0.3660330 -0.6366120 0.1538640
v -0.4511430 -0.6344030 0.1641360
v 0.4190110 -0.6501720 0.1564800
v 0.3434270 -0.6479870 0.1649880
v 0.2407290 -0.6589910 0.1602120
v -0.2523190 -0.6530870 0.1614160
v -0.2638450 -0.6522740 0.1454590
v -0.3763300 -0.6523600 0.1599820
v -0.4497080 -0.6507620 0.1645490
v 0.4197600 -0.6694250 0.1641200
v 0.3486320 -0.6624790 0.1631910
v 0.2320660 -0.6771160 0.1555430
v -0.2415290 -0.6698770 0.1611550
v -0.3893530 -0.6695460 0.1657350
v -0.4397320 -0.6680270 0.1602700
v 0.4149570 -0.6923030 0.1643920
v 0.3572340 -0.6828750 0.1661260
v 0.2188330 -0.6899760 0.1583890
v -0.2281900 -0.6865800 0.1603560
v -0.4058950 -0.6853710 0.1691820
v -0.4254190 -0.6828120 0.1636930
v -0.4436140 -0.6825510 0.1719410
v 0.4138880 -0.7109910 0.1704530
v 0.4044240 -0.7039350 0.1619550
v 0.3902360 -0.7047030 0.1596350
v 0.3718900 -0.7013650 0.1641500
v 0.2016330 -0.7040950 0.1605250
v -0.2122100 -0.7033790 0.1596190
v 0.4006510 -0.7207850 0.1703000
v 0.3836610 -0.7182050 0.1690140
v 0.1862910 -0.7130030 0.1647910
v 0.1724440 -0.7242480 0.1621550
v -0.1954000 -0.7186100 0.1581700
v 0.1556720 -0.7344510 0.1612060
v 0.1377120 -0.7438510 0.1598670
v -0.1403970 -0.7453530 0.1642950
v -0.1611600 -0.7382640 0.1595490
v -0.1813830 -0.7301790 0.1550960
v 0.1176370 -0.7520570 0.1585590
v 0.0995390 -0.7550870 0.1646020
v 0.0844170 -0.7614800 0.1606820
v -0.0889280 -0.7637830 0.1624820
v -0.1060630 -0.7618020 0.1572640
v -0.1253890 -0.7530900 0.1603360
v 0.0635060 -0.7669010 0.1568160
v 0.0423560 -0.7677150 0.1599750
v 0.0241850 -0.7679860 0.1607040
v 0.0065170 -0.7680320 0.1607740
v -0.0110580 -0.7680320 0.1607740
v -0.0286330 -0.7680320 0.1607740
v -0.0462820 -0.7680000 0.1605370
v -0.0637580 -0.7679080 0.1597190
v -0.0781120 -0.7680620 0.1573310
v 0.0330660 0.9366510 0.1430170
v 0.0192890 0.9450250 0.1483030
v 0.0030770 0.9467870 0.1452480
v -0.0159030 0.9461410 0.1446580
v 0.0513480 0.9237990 0.1389180
v -0.0364200 0.9419520 0.1477970
v -0.0545350 0.9304040 0.1449090
v 0.0713710 0.9084940 0.1424450
v -0.0704200 0.9157130 0.1426270
v 0.0881780 0.8912940 0.1445280
v -0.0821130 0.9027420 0.1396700
v 0.0994900 0.8763060 0.1470140
v -0.0937040 0.8923980 0.1453270
v -0.1051020 0.8741340 0.1425650
v 0.1185990 0.8373210 0.1484650
v 0.1087660 0.8571360 0.1419560
v -0.1156830 0.8543420 0.1389430
v -0.1238370 0.8390760 0.1428870
v 0.1308800 0.8001410 0.1460510
v 0.1232330 0.8203800 0.1374690
v -0.1306750 0.8240190 0.1461750
v -0.1355050 0.8056430 0.1398600
v 0.1361950 0.7809180 0.1486830
v -0.1400150 0.7865940 0.1422580
v 0.1376570 0.7665130 0.1454860
v -0.1421970 0.7687300 0.1434310
v 0.1389960 0.7499700 0.1439890
v -0.1441220 0.7505830 0.1448120
v 0.1402110 0.7339150 0.1413200
v -0.1481580 0.7329110 0.1489450
v 0.1411860 0.7206900 0.1368820
v -0.1520910 0.7147360 0.1362990
v 0.1502960 0.6772120 0.1478330
v 0.1444860 0.7019080 0.1386840
v -0.1563710 0.6982350 0.1406320
v -0.1587380 0.6809250 0.1425470
v 0.1540960 0.6585350 0.1497440
v -0.1594700 0.6633500 0.1431980
v 0.1545710 0.6450080 0.1451370
v -0.1594700 0.6457750 0.1431980
v 0.1545710 0.6289680 0.1412600
v -0.1594700 0.6282000 0.1431980
v 0.1540960 0.6154410 0.1366530
v -0.1594700 0.6106250 0.1431980
v 0.1502960 0.5967640 0.1385640
v -0.1588190 0.5930500 0.1438490
v 0.1444860 0.5720680 0.1477130
v -0.1566150 0.5757400 0.1457650
v 0.1411860 0.5532860 0.1495150
v -0.1523510 0.5592390 0.1500980
v 0.1402110 0.5400610 0.1450770
v -0.1481580 0.5410650 0.1374520
v 0.1389960 0.5240060 0.1424080
v -0.1441220 0.5233920 0.1415850
v 0.1376570 0.5074630 0.1409110
v -0.1421970 0.5052460 0.1429660
v 0.1361950 0.4930570 0.1377140
v -0.1400150 0.4873820 0.1441380
v 0.1309220 0.4737120 0.1403500
v -0.1355050 0.4683330 0.1465370
v 0.1234890 0.4532880 0.1487130
v -0.1306750 0.4499570 0.1402220
v 0.1187190 0.4365950 0.1378520
v -0.1241240 0.4350430 0.1433660
v 0.1091550 0.4167880 0.1443730
v -0.1167260 0.4200950 0.1468780
v 0.1001180 0.3976700 0.1393830
v -0.1089720 0.4024950 0.1423480
v 0.0900490 0.3828780 0.1419670
v -0.0976680 0.3875770 0.1485040
v 0.0750380 0.3664820 0.1443740
v -0.0864680 0.3729380 0.1456910
v 0.0619410 0.3557300 0.1484090
v 0.0486240 0.3450110 0.1452950
v -0.0711990 0.3564970 0.1432640
v 0.0328290 0.3358580 0.1428080
v 0.0193050 0.3284710 0.1379100
v 0.0033280 0.3266870 0.1410370
v -0.0156650 0.3272490 0.1417810
v -0.0363600 0.3308980 0.1386600
v -0.0547310 0.3422630 0.1412510
v 0.1099800 -0.2955920 0.1212830
v 0.0940850 -0.2927010 0.1233760
v 0.0740470 -0.2884370 0.1228550
v 0.0513640 -0.2888360 0.1280780
v -0.0514470 -0.2846460 0.1237830
v -0.0691250 -0.2879230 0.1245500
v -0.0875880 -0.2915510 0.1252470
v -0.1054230 -0.2960360 0.1262660
v 0.1412980 -0.3063840 0.1198270
v 0.1239960 -0.3064380 0.1297000
v -0.1407090 -0.3060340 0.1250280
v -0.1581900 -0.3144200 0.1259170
v 0.1730060 -0.3240020 0.1215880
v -0.1757050 -0.3236050 0.1258190
v 0.1924670 -0.3394290 0.1246470
v -0.2109290 -0.3463250 0.1259640
v 0.2246550 -0.3666840 0.1251540
v -0.2269460 -0.3589570 0.1258750
v 0.2335830 -0.3800090 0.1290470
v -0.2425380 -0.3739290 0.1249620
v 0.2309260 -0.3919850 0.1427710
v -0.2559870 -0.3902810 0.1242270
v 0.2578720 -0.4108640 0.1267910
v 0.2672550 -0.4275050 0.1266930
v -0.2758640 -0.4252500 0.1245270
v 0.2634140 -0.4439680 0.1432970
v -0.2925420 -0.4626520 0.1188740
v 0.2967010 -0.4848900 0.1231250
v 0.2792920 -0.4799120 0.1427310
v -0.2858560 -0.4810820 0.1450110
v -0.2946670 -0.4811620 0.1287750
v 0.3146960 -0.5033450 0.1225670
v 0.3005620 -0.5032860 0.1355070
v 0.2864390 -0.4983060 0.1448630
v 0.3709470 -0.5321050 0.1205410
v 0.3555110 -0.5260230 0.1227080
v 0.3332110 -0.5184930 0.1253080
v -0.3123990 -0.5106750 0.1263240
v -0.3309660 -0.5230580 0.1225440
v 0.3824470 -0.5431730 0.1250920
v -0.3497340 -0.5333430 0.1254180
v -0.3639060 -0.5408530 0.1295830
v -0.3793040 -0.5456830 0.1272850
v 0.3995040 -0.5700430 0.1409680
v 0.3933360 -0.5556640 0.1287960
v 0.4090450 -0.5872570 0.1499440
v 0.3236940 -0.5698340 0.1429360
v 0.3019580 -0.5716080 0.1418290
v -0.4156740 -0.5735440 0.1457540
v 0.3267090 -0.5878050 0.1383310
v 0.2851660 -0.5877560 0.1435630
v -0.2939920 -0.5835220 0.1486750
v -0.3151050 -0.5814790 0.1428800
v -0.3368400 -0.5910600 0.1420360
v -0.4302020 -0.5873450 0.1368100
v 0.4144270 -0.6023240 0.1457370
v 0.3328660 -0.6016910 0.1416840
v 0.2726200 -0.6043310 0.1487230
v -0.2873390 -0.6015440 0.1445710
v -0.3521710 -0.6074250 0.1469030
v -0.4398840 -0.6061930 0.1444430
v 0.4163450 -0.6194250 0.1433980
v 0.3355880 -0.6183150 0.1444460
v 0.2723520 -0.6203460 0.1376380
v -0.2799250 -0.6193600 0.1434430
v -0.3583260 -0.6241450 0.1462500
v -0.4432030 -0.6231290 0.1418430
v 0.4158490 -0.6364980 0.1429120
v 0.3375860 -0.6317350 0.1480240
v 0.2638030 -0.6372650 0.1413110
v -0.2726530 -0.6362890 0.1441290
v -0.3639570 -0.6330680 0.1399940
v -0.4464390 -0.6363600 0.1505090
v 0.4128210 -0.6538260 0.1452530
v 0.3442710 -0.6470100 0.1479540
v 0.2538780 -0.6549520 0.1424090
v -0.3736590 -0.6457260 0.1438730
v -0.4377580 -0.6509210 0.1462700
v 0.4073470 -0.6721640 0.1491550
v 0.3917920 -0.6721780 0.1409730
v 0.3753500 -0.6703060 0.1393120
v 0.3583290 -0.6649000 0.1450360
v 0.2424520 -0.6731270 0.1421110
v -0.2536120 -0.6655610 0.1483380
v -0.3850940 -0.6586210 0.1497910
v -0.4027090 -0.6676970 0.1495510
v -0.4227870 -0.6626890 0.1451560
v 0.3984280 -0.6893080 0.1533830
v 0.3818420 -0.6878480 0.1504490
v 0.3676170 -0.6829910 0.1519170
v 0.2285040 -0.6902280 0.1420740
v -0.2445280 -0.6801080 0.1447610
v 0.2112790 -0.7058480 0.1429660
v -0.2293130 -0.6970880 0.1434360
v 0.1883590 -0.7225670 0.1442240
v -0.1954980 -0.7275120 0.1419620
v -0.2123890 -0.7129310 0.1428410
v 0.1687660 -0.7343080 0.1478350
v 0.1532740 -0.7444900 0.1436450
v -0.1786930 -0.7381100 0.1416260
v 0.1333200 -0.7543830 0.1400660
v 0.1188970 -0.7592970 0.1431090
v 0.1032590 -0.7629610 0.1457100
v -0.1237960 -0.7620920 0.1422740
v -0.1446830 -0.7523280 0.1451970
v -0.1641210 -0.7462350 0.1395320
v 0.0807450 -0.7706770 0.1391390
v 0.0629480 -0.7743730 0.1376700
v 0.0483440 -0.7742590 0.1417160
v 0.0306900 -0.7744490 0.1429620
v 0.0130260 -0.7745420 0.1431990
v -0.0045490 -0.7745420 0.1431990
v -0.0221230 -0.7745420 0.1431990
v -0.0396980 -0.7745420 0.1431990
v -0.0572830 -0.7743370 0.1430030
v -0.0744580 -0.7736730 0.1431590
v -0.0922410 -0.7701560 0.1455810
v -0.1087920 -0.7680100 0.1401460
v -0.1187070 -0.7672860 0.1255540
v 0.0143600 0.9355840 0.1291620
v -0.0072310 0.9370110 0.1269950
v -0.0260620 0.9357820 0.1284500
v 0.0465830 0.9172230 0.1208030
v 0.0331260 0.9271450 0.1250370
v -0.0414930 0.9318010 0.1320390
v 0.0619740 0.9073410 0.1236290
v -0.0547120 0.9210660 0.1277940
v 0.0793570 0.8911320 0.1254100
v -0.0705870 0.9069700 0.1260100
v 0.0958230 0.8713300 0.1281990
v -0.0878240 0.8893070 0.1277990
v -0.0994660 0.8716520 0.1225590
v 0.1148320 0.8352940 0.1278650
v 0.1057680 0.8518280 0.1227370
v -0.1096050 0.8596170 0.1271440
v -0.1177480 0.8408750 0.1222250
v 0.1206940 0.8204880 0.1249450
v -0.1283890 0.8190870 0.1272390
v 0.1329650 0.7821000 0.1297790
v 0.1252560 0.8055400 0.1233160
v -0.1339850 0.8000550 0.1215850
v -0.1383650 0.7860360 0.1244280
v 0.1368920 0.7631260 0.1312980
v -0.1410720 0.7687720 0.1254560
v 0.1378820 0.7491330 0.1275530
v -0.1433090 0.7505840 0.1262600
v 0.1391790 0.7333990 0.1255160
v -0.1470240 0.7300390 0.1277280
v 0.1406380 0.7177590 0.1236050
v -0.1507580 0.7113220 0.1208420
v 0.1420230 0.7037680 0.1201600
v -0.1547480 0.6975660 0.1234980
v 0.1520990 0.6626990 0.1342120
v 0.1462910 0.6844640 0.1233000
v -0.1573220 0.6808280 0.1250380
v -0.1589000 0.6633500 0.1256230
v 0.1533720 0.6459850 0.1279710
v -0.1593890 0.6457750 0.1256230
v 0.1535250 0.6293020 0.1247910
v -0.1594700 0.6282000 0.1256230
v 0.1527430 0.6127690 0.1231450
v -0.1594700 0.6107230 0.1257210
v 0.1508810 0.5987250 0.1200930
v -0.1587730 0.5933150 0.1263770
v 0.1469800 0.5799620 0.1230730
v -0.1567730 0.5757130 0.1281390
v 0.1426800 0.5578850 0.1335330
v -0.1528350 0.5582070 0.1321610
v 0.1406320 0.5409290 0.1274140
v -0.1482070 0.5405350 0.1190210
v 0.1395280 0.5233510 0.1254660
v -0.1444520 0.5228900 0.1232060
v 0.1383770 0.5063610 0.1242750
v -0.1425230 0.5052460 0.1250660
v 0.1363550 0.4890230 0.1232010
v -0.1409330 0.4875590 0.1263490
v 0.1323330 0.4709600 0.1194580
v -0.1383800 0.4703170 0.1281290
v 0.1262370 0.4540270 0.1307290
v -0.1341540 0.4558390 0.1301770
v 0.1219500 0.4397420 0.1225490
v -0.1284260 0.4375610 0.1237240
v 0.1143340 0.4212760 0.1225600
v -0.1186960 0.4158900 0.1287460
v 0.1060150 0.4040100 0.1285220
v -0.1104830 0.3976670 0.1251670
v 0.0955760 0.3852230 0.1226390
v -0.0998720 0.3846150 0.1329250
v 0.0799290 0.3654960 0.1256880
v -0.0876960 0.3672620 0.1270200
v 0.0620210 0.3489690 0.1303260
v -0.0712920 0.3497720 0.1250610
v 0.0452010 0.3370910 0.1308220
v 0.0311740 0.3277240 0.1254330
v -0.0545350 0.3355370 0.1240620
v 0.0118770 0.3210200 0.1214030
v -0.0080400 0.3199940 0.1243960
v -0.0262250 0.3218420 0.1241310
v -0.0414940 0.3260050 0.1207700
v 0.0754700 -0.2781220 0.1047450
v 0.0603480 -0.2778270 0.1076780
v 0.0306700 -0.2837890 0.1250850
v 0.0418200 -0.2767920 0.1083380
v 0.0129890 -0.2826690 0.1250920
v 0.0235620 -0.2756380 0.1080910
v -0.0047390 -0.2825710 0.1253060
v 0.0058660 -0.2752800 0.1080490
v -0.0226620 -0.2823980 0.1241180
v -0.0116720 -0.2752620 0.1077840
v -0.0374920 -0.2811170 0.1206700
v -0.0287400 -0.2751710 0.1071140
v -0.0452680 -0.2757060 0.1070450
v -0.0625650 -0.2770640 0.1070450
v -0.0829560 -0.2789080 0.1046420
v 0.1446360 -0.2991600 0.1039670
v 0.1261020 -0.2942380 0.1090720
v -0.1228500 -0.2995220 0.1256840
v -0.1181220 -0.2902250 0.1118320
v -0.1357850 -0.2936940 0.1056900
v 0.1785230 -0.3169140 0.1038140
v 0.1548820 -0.3165860 0.1260940
v 0.1604400 -0.3091280 0.1086300
v -0.1717680 -0.3123120 0.1111960
v 0.1924390 -0.3277700 0.1069230
v -0.1937540 -0.3345730 0.1254150
v -0.1902010 -0.3211240 0.1060640
v 0.2098280 -0.3527630 0.1249520
v 0.2094110 -0.3414520 0.1081190
v -0.2228150 -0.3469540 0.1130080
v -0.2367390 -0.3577210 0.1095320
v -0.2520260 -0.3738080 0.1080490
v 0.2590150 -0.3985520 0.1098650
v 0.2456600 -0.3935820 0.1266170
v 0.2679380 -0.4143840 0.1135730
v -0.2668510 -0.4074380 0.1246340
v -0.2760760 -0.4100920 0.1079690
v 0.2753070 -0.4444250 0.1258790
v -0.2846770 -0.4440350 0.1229520
v -0.2933180 -0.4488340 0.1025700
v 0.2921570 -0.4633760 0.1070110
v 0.2841830 -0.4626990 0.1251350
v 0.3300350 -0.5081670 0.1074470
v -0.3016950 -0.4980830 0.1302620
v -0.3445880 -0.5262670 0.1083790
v -0.3995080 -0.5569150 0.1285310
v 0.4084090 -0.5845540 0.1325140
v 0.4012450 -0.5669320 0.1219690
v -0.4180170 -0.5730880 0.1217120
v 0.3152020 -0.5848120 0.1302480
v 0.2987100 -0.5904500 0.1268420
v -0.4287950 -0.5886830 0.1222510
v 0.4111600 -0.6015430 0.1274110
v 0.3276870 -0.6001380 0.1238690
v 0.2835120 -0.6059090 0.1292820
v -0.3041610 -0.6002420 0.1290440
v -0.3248130 -0.5973130 0.1262200
v -0.3427940 -0.6054390 0.1272080
v -0.4348310 -0.5994320 0.1288330
v 0.4100030 -0.6201230 0.1269640
v 0.3343980 -0.6138640 0.1312240
v 0.2779740 -0.6196000 0.1259590
v -0.2899780 -0.6176000 0.1261510
v -0.3576240 -0.6209290 0.1301300
v -0.4346530 -0.6162810 0.1270760
v 0.4068660 -0.6382700 0.1295800
v 0.3409980 -0.6298650 0.1318470
v 0.2717510 -0.6337160 0.1234840
v -0.2801600 -0.6351880 0.1274270
v -0.3718780 -0.6360540 0.1287830
v -0.4368080 -0.6346190 0.1347790
v 0.4010400 -0.6555380 0.1347290
v 0.3861800 -0.6553050 0.1285360
v 0.3699100 -0.6522940 0.1268540
v 0.3539530 -0.6442380 0.1282960
v 0.2626240 -0.6497660 0.1288990
v -0.2716230 -0.6493810 0.1320460
v -0.3871360 -0.6503910 0.1348360
v -0.4054280 -0.6504050 0.1296300
v -0.4235450 -0.6450070 0.1298110
v 0.2521090 -0.6683880 0.1232570
v -0.2607040 -0.6664510 0.1311200
v 0.2359430 -0.6883240 0.1248610
v -0.2459470 -0.6858780 0.1268190
v 0.2194210 -0.7049530 0.1253590
v -0.2296870 -0.7033580 0.1256930
v 0.2014150 -0.7192250 0.1251490
v 0.1853710 -0.7310580 0.1224940
v -0.2122220 -0.7187570 0.1254560
v 0.1685670 -0.7402130 0.1284210
v -0.1774480 -0.7432710 0.1247590
v -0.1947070 -0.7319540 0.1250940
v 0.1476950 -0.7520150 0.1250240
v 0.1321380 -0.7593680 0.1216400
v 0.1162660 -0.7638900 0.1275930
v -0.1396740 -0.7598580 0.1225170
v -0.1596970 -0.7515480 0.1247730
v 0.0955890 -0.7705430 0.1251180
v 0.0800750 -0.7749630 0.1208200
v 0.0664670 -0.7761190 0.1234200
v 0.0500830 -0.7768670 0.1244380
v 0.0331030 -0.7770990 0.1253590
v 0.0156300 -0.7771460 0.1256240
v -0.0019450 -0.7771460 0.1256240
v -0.0195200 -0.7771460 0.1256240
v -0.0370950 -0.7771450 0.1256240
v -0.0545720 -0.7771450 0.1257210
v -0.0720030 -0.7763920 0.1260980
v -0.0893060 -0.7743230 0.1272000
v -0.1032240 -0.7720800 0.1298220
v 0.0337870 0.9163490 0.1081180
v 0.0176430 0.9228050 0.1093590
v -0.0006010 0.9257900 0.1092150
v -0.0200700 0.9247670 0.1099580
v 0.0497160 0.9064780 0.1066390
v -0.0385280 0.9233330 0.1160530
v 0.0678410 0.8904370 0.1043300
v -0.0548900 0.9097780 0.1105720
v 0.0856430 0.8734310 0.1077100
v -0.0718170 0.8953680 0.1096290
v 0.0980730 0.8553400 0.1079470
v -0.0877890 0.8779490 0.1081290
v -0.1039210 0.8555100 0.1064470
v 0.1172290 0.8186610 0.1117380
v 0.1083460 0.8372730 0.1088060
v -0.1149600 0.8353340 0.1032950
v -0.1227450 0.8207340 0.1071100
v 0.1221350 0.8046710 0.1092460
v -0.1295160 0.8028700 0.1075660
v 0.1333790 0.7645760 0.1122890
v 0.1258680 0.7892640 0.1063140
v -0.1349620 0.7855940 0.1072670
v -0.1390870 0.7686750 0.1077830
v 0.1369640 0.7456680 0.1136050
v -0.1416860 0.7510860 0.1081880
v 0.1379400 0.7318230 0.1098760
v -0.1438450 0.7329110 0.1084250
v 0.1395420 0.7159780 0.1079830
v -0.1472090 0.7147360 0.1076580
v 0.1413060 0.6997280 0.1061240
v -0.1504360 0.6975660 0.1070630
v 0.1481990 0.6645640 0.1147620
v 0.1433380 0.6829060 0.1019480
v -0.1541160 0.6807300 0.1076900
v -0.1567850 0.6633500 0.1080480
v 0.1496060 0.6465840 0.1096570
v -0.1578430 0.6457750 0.1080480
v 0.1501050 0.6288000 0.1078900
v -0.1585750 0.6282000 0.1080480
v 0.1494100 0.6119090 0.1067650
v -0.1588190 0.6108210 0.1084060
v 0.1477790 0.5953980 0.1061280
v -0.1583260 0.5939850 0.1095040
v 0.1451800 0.5810760 0.1040980
v -0.1564700 0.5767550 0.1106620
v 0.1429880 0.5619090 0.1110010
v -0.1525570 0.5585800 0.1139350
v 0.1402950 0.5410270 0.1087650
v -0.1476520 0.5407400 0.1006520
v 0.1394470 0.5229180 0.1080210
v -0.1442900 0.5228200 0.1053520
v 0.1386100 0.5054410 0.1072950
v -0.1425460 0.5051760 0.1073980
v 0.1366100 0.4878380 0.1055330
v -0.1412440 0.4876010 0.1087000
v 0.1327510 0.4701930 0.1015350
v -0.1390630 0.4702210 0.1106850
v 0.1273300 0.4535250 0.1133540
v -0.1347750 0.4533760 0.1149610
v 0.1216420 0.4362390 0.1080480
v -0.1296680 0.4354990 0.1029340
v 0.1149330 0.4182310 0.1021340
v -0.1225910 0.4180800 0.1092570
v 0.1068550 0.4013620 0.1124550
v -0.1150920 0.4031130 0.1140900
v 0.0968970 0.3828760 0.1016600
v -0.1041460 0.3845180 0.1125480
v 0.0836060 0.3651340 0.1064910
v -0.0883030 0.3619690 0.1059260
v 0.0663930 0.3479680 0.1089540
v -0.0705870 0.3431590 0.1079320
v 0.0457950 0.3325460 0.1118540
v -0.0546140 0.3300950 0.1073100
v 0.0250790 0.3209170 0.1073270
v 0.0098150 0.3155160 0.1032780
v -0.0040230 0.3151420 0.1066260
v -0.0213470 0.3164580 0.1075470
v -0.0385690 0.3213560 0.1071140
v 0.1044050 -0.2850360 0.1049210
v 0.1084290 -0.2799080 0.0866790
v 0.0864400 -0.2825620 0.1100800
v 0.0905650 -0.2766980 0.0920950
v -0.1030430 -0.2843450 0.1084220
v -0.0975620 -0.2763200 0.0897310
v -0.1563330 -0.3026000 0.1079270
v -0.1506560 -0.2936870 0.0892370
v 0.2088850 -0.3335480 0.0904460
v -0.2091540 -0.3348360 0.1096100
v -0.2061180 -0.3268850 0.0946080
v 0.2256990 -0.3564270 0.1087620
v 0.2252370 -0.3480760 0.0917560
v 0.2428770 -0.3762180 0.1087190
v 0.2373270 -0.3616410 0.0945850
v -0.2656310 -0.3916800 0.1074670
v -0.2729810 -0.3956240 0.0871950
v 0.2760820 -0.4281640 0.1099170
v -0.2853970 -0.4285390 0.1069340
v -0.2909000 -0.4324030 0.0864460
v 0.2892020 -0.4496170 0.0941000
v 0.2839060 -0.4456950 0.1085030
v -0.2983060 -0.4664400 0.1033890
v 0.3134630 -0.4944270 0.1057170
v 0.3019320 -0.4790930 0.0997650
v -0.2996520 -0.4770220 0.1116230
v 0.3664040 -0.5267350 0.1081300
v 0.3486480 -0.5178770 0.1079040
v -0.3073090 -0.4944900 0.1126610
v -0.3220990 -0.5108360 0.1089420
v -0.3144650 -0.5035880 0.0921040
v -0.3328620 -0.5184590 0.1080790
v 0.3810850 -0.5377730 0.1100850
v -0.3653990 -0.5360850 0.1118590
v 0.3926550 -0.5513190 0.1149880
v -0.3861040 -0.5453500 0.1098510
v -0.4020370 -0.5583060 0.1056430
v 0.3977610 -0.5625710 0.1075180
v -0.4128240 -0.5729470 0.1046440
v 0.4030620 -0.5810030 0.1118460
v 0.3138040 -0.5949250 0.1072370
v -0.4217630 -0.5861140 0.1097150
v 0.4019980 -0.6020450 0.1105870
v 0.3348370 -0.6022730 0.1041530
v 0.2931310 -0.6038860 0.1099070
v -0.3171180 -0.6031140 0.1086060
v -0.3359460 -0.6028870 0.1088550
v -0.4282020 -0.6014490 0.1161680
v 0.3963290 -0.6231710 0.1132960
v 0.3390950 -0.6156390 0.1170210
v 0.2813720 -0.6191560 0.1141440
v -0.3005220 -0.6128810 0.1081360
v -0.3537240 -0.6115390 0.1111370
v -0.4219180 -0.6165140 0.1116870
v 0.3957920 -0.6419490 0.1227690
v 0.3829330 -0.6379770 0.1158730
v 0.3663940 -0.6342150 0.1127270
v 0.3510740 -0.6270470 0.1138150
v 0.2737500 -0.6355080 0.1035620
v -0.2860080 -0.6319820 0.1063910
v -0.3676240 -0.6241690 0.1156820
v -0.3862860 -0.6333000 0.1154870
v -0.4096610 -0.6309600 0.1135080
v -0.4261280 -0.6300310 0.1218410
v 0.2645840 -0.6523760 0.1130050
v -0.2733510 -0.6518060 0.1161020
v 0.2539760 -0.6692580 0.1021020
v -0.2610680 -0.6702870 0.1104720
v 0.2405320 -0.6863060 0.1064960
v -0.2456240 -0.6887470 0.1084900
v 0.2242400 -0.7028810 0.1077460
v -0.2287340 -0.7057870 0.1079090
v 0.2069700 -0.7169180 0.1078530
v 0.1895990 -0.7294650 0.1074210
v -0.2107850 -0.7215910 0.1074070
v 0.1724710 -0.7397630 0.1080350
v -0.1741980 -0.7454780 0.1075460
v -0.1923310 -0.7348050 0.1073090
v 0.1547790 -0.7492650 0.1083690
v 0.1369810 -0.7577780 0.1073650
v 0.1198150 -0.7643850 0.1077980
v -0.1283870 -0.7642370 0.1076660
v -0.1434010 -0.7588750 0.1043640
v -0.1568400 -0.7534430 0.1070260
v 0.1023010 -0.7699200 0.1084250
v 0.0847350 -0.7742860 0.1073510
v 0.0679180 -0.7765270 0.1068770
v 0.0510400 -0.7775170 0.1075180
v 0.0337580 -0.7777960 0.1079510
v 0.0162810 -0.7777960 0.1080490
v -0.0011960 -0.7777960 0.1081460
v -0.0185110 -0.7777150 0.1082440
v -0.0358580 -0.7774710 0.1081460
v -0.0532660 -0.7771800 0.1083130
v -0.0702080 -0.7766760 0.1090530
v -0.0872400 -0.7751210 0.1096630
v -0.1071590 -0.7706540 0.1112790
v 0.0339310 0.9047020 0.0913800
v 0.0208620 0.9131500 0.0951930
v 0.0052710 0.9138360 0.0923100
v -0.0135050 0.9134390 0.0920570
v -0.0372010 0.9071180 0.0930850
v 0.0629420 0.8827510 0.0857200
v 0.0502220 0.8942270 0.0892740
v -0.0580320 0.8979270 0.0964250
v 0.0757830 0.8722810 0.0892040
v -0.0719850 0.8837930 0.0926960
v -0.0872660 0.8664710 0.0901490
v 0.0999120 0.8385560 0.0911150
v 0.0893130 0.8562430 0.0902780
v -0.0980170 0.8510950 0.0861340
v -0.1084500 0.8375280 0.0888240
v 0.1182120 0.8046960 0.0976570
v 0.1101460 0.8208560 0.0933890
v -0.1170250 0.8207300 0.0895110
v -0.1240360 0.8035870 0.0902500
v 0.1200460 0.7905170 0.0878850
v -0.1300900 0.7861100 0.0903480
v 0.1333870 0.7468780 0.0947180
v 0.1256470 0.7712090 0.0874550
v -0.1352720 0.7687030 0.0903760
v -0.1390470 0.7512250 0.0904730
v 0.1369640 0.7280930 0.0960310
v -0.1415460 0.7335800 0.0905430
v 0.1381730 0.7141500 0.0920730
v -0.1436060 0.7158380 0.0905150
v 0.1398420 0.6983890 0.0897200
v -0.1461190 0.6982350 0.0903480
v 0.1409530 0.6852100 0.0863560
v -0.1494290 0.6808280 0.0903760
v 0.1442370 0.6669970 0.0928210
v -0.1516590 0.6633500 0.0904730
v 0.1454090 0.6464170 0.0911100
v -0.1543440 0.6457750 0.0904730
v 0.1457930 0.6283680 0.0904460
v -0.1560520 0.6282010 0.0904730
v 0.1452650 0.6110860 0.0900130
v -0.1565990 0.6106530 0.0909660
v 0.1441500 0.5942360 0.0895950
v -0.1566290 0.5937760 0.0928120
v 0.1423500 0.5769580 0.0902740
v -0.1559030 0.5799900 0.0967180
v 0.1405720 0.5587000 0.0909300
v -0.1512750 0.5606860 0.0933700
v 0.1396680 0.5404650 0.0906130
v -0.1457650 0.5394850 0.0820710
v 0.1393070 0.5227510 0.0904740
v -0.1437320 0.5226250 0.0875820
v 0.1386560 0.5051760 0.0898230
v -0.1424650 0.5052730 0.0899200
v 0.1367030 0.4876010 0.0878700
v -0.1411980 0.4878660 0.0912270
v 0.1327190 0.4702630 0.0838430
v -0.1391980 0.4702630 0.0929890
v 0.1275210 0.4527860 0.0961370
v -0.1352600 0.4527580 0.0970110
v 0.1215930 0.4352520 0.0903760
v -0.1299810 0.4350850 0.0845220
v 0.1151530 0.4174400 0.0839640
v -0.1235810 0.4174960 0.0910180
v 0.1072420 0.4001020 0.0940350
v -0.1154090 0.4001030 0.0986290
v 0.0981080 0.3824850 0.0835320
v -0.1045150 0.3797100 0.0894510
v 0.0855100 0.3651150 0.0878750
v -0.0932160 0.3622410 0.0877870
v 0.0693410 0.3478790 0.0894140
v -0.0820150 0.3509580 0.0938730
v 0.0509140 0.3325870 0.0906030
v -0.0541010 0.3259360 0.0905160
v -0.0700620 0.3388720 0.0915040
v 0.0317510 0.3214790 0.0907710
v 0.0138730 0.3151090 0.0896790
v -0.0027490 0.3130750 0.0895390
v -0.0196220 0.3139310 0.0902090
v -0.0370300 0.3179200 0.0903760
v 0.0719120 -0.2726530 0.0902520
v 0.0543930 -0.2714170 0.0904180
v 0.0365530 -0.2708870 0.0905440
v 0.0188850 -0.2707240 0.0904740
v 0.0013100 -0.2707240 0.0904740
v -0.0162000 -0.2706910 0.0903760
v -0.0335470 -0.2707400 0.0902790
v -0.0509500 -0.2711100 0.0901390
v -0.0683160 -0.2716240 0.0891350
v -0.0824340 -0.2719700 0.0858040
v 0.1403570 -0.2925550 0.0899540
v 0.1226740 -0.2856030 0.0897670
v -0.1179510 -0.2826800 0.0927130
v -0.1346090 -0.2864980 0.0866070
v 0.1753210 -0.3105510 0.0900240
v 0.1580110 -0.3005090 0.0898980
v 0.1548490 -0.2968030 0.0726480
v 0.1922260 -0.3206410 0.0897900
v -0.1735730 -0.3050920 0.0895370
v -0.1942270 -0.3159920 0.0874930
v -0.1866050 -0.3090650 0.0721690
v -0.2232960 -0.3401550 0.0949320
v -0.2424620 -0.3565370 0.0913570
v 0.2601130 -0.3904050 0.0890900
v 0.2540600 -0.3782630 0.0758450
v 0.2485280 -0.3723230 0.0884150
v -0.2582060 -0.3743420 0.0897570
v 0.2710460 -0.4110260 0.0978240
v -0.2832890 -0.4151890 0.0930630
v 0.2814950 -0.4306950 0.0898650
v -0.2968130 -0.4499440 0.0847450
v 0.2952260 -0.4634270 0.0893520
v -0.2993250 -0.4641460 0.0887220
v 0.3241000 -0.5063110 0.0901760
v 0.3098110 -0.4928480 0.0869790
v 0.3006660 -0.4780380 0.0821520
v -0.3037620 -0.4828530 0.0936010
v 0.3598320 -0.5263790 0.0933630
v 0.3417110 -0.5168570 0.0919180
v 0.3756800 -0.5362460 0.0956880
v -0.3314140 -0.5198410 0.0932890
v -0.3518680 -0.5354490 0.0904170
v -0.3736860 -0.5431390 0.0943560
v 0.3888360 -0.5498660 0.1003580
v -0.3886090 -0.5492530 0.0962010
v -0.3935000 -0.5585320 0.0914120
v 0.3925320 -0.5656540 0.0957940
v -0.4032050 -0.5697530 0.0936210
v 0.3922020 -0.5838710 0.0954870
v 0.3293650 -0.5897860 0.0872950
v 0.3112130 -0.5907770 0.0857760
v -0.4108150 -0.5845870 0.0970190
v 0.3877940 -0.6024780 0.0978960
v 0.3703220 -0.6014730 0.0910290
v 0.3505110 -0.5991910 0.0911770
v 0.2983870 -0.5999850 0.0909610
v -0.3096740 -0.6045060 0.0904450
v -0.3279910 -0.5969600 0.0911450
v -0.3506020 -0.5988270 0.0922950
v -0.3682750 -0.5966800 0.0867790
v -0.3836380 -0.6002130 0.0889360
v -0.4015490 -0.5983030 0.0923480
v -0.4168070 -0.6005810 0.1031010
v 0.3781950 -0.6196350 0.1033170
v 0.3610290 -0.6167410 0.1007930
v 0.3473290 -0.6132620 0.1038780
v 0.2843420 -0.6168790 0.0933270
v -0.2946120 -0.6178360 0.0894870
v -0.3719150 -0.6130040 0.1000060
v -0.3937740 -0.6163070 0.0999130
v -0.4090900 -0.6136620 0.1019960
v 0.2725530 -0.6350800 0.0844210
v -0.2843140 -0.6315480 0.0867410
v 0.2644260 -0.6525200 0.0943050
v -0.2732060 -0.6503680 0.0935580
v 0.2536830 -0.6664590 0.0859260
v -0.2582760 -0.6715750 0.0912600
v 0.2418970 -0.6818150 0.0883390
v -0.2429970 -0.6897700 0.0904730
v 0.2262280 -0.6982570 0.0899670
v -0.2257400 -0.7064240 0.0897340
v 0.2091920 -0.7128980 0.0904320
v 0.1916130 -0.7259660 0.0904040
v -0.2059050 -0.7220440 0.0868630
v 0.1744190 -0.7363650 0.0907390
v 0.1575130 -0.7463100 0.0912410
v -0.1674240 -0.7459590 0.0903760
v -0.1854640 -0.7362040 0.0897340
v 0.1401520 -0.7539540 0.0906410
v 0.1224050 -0.7607770 0.0903340
v -0.1193750 -0.7631900 0.0885490
v -0.1366380 -0.7593220 0.0933970
v -0.1505800 -0.7532620 0.0906510
v 0.1052860 -0.7671210 0.0914080
v 0.0884270 -0.7718960 0.0911710
v 0.0706200 -0.7742790 0.0898560
v 0.0523940 -0.7760200 0.0898560
v 0.0345810 -0.7768340 0.0904320
v 0.0169320 -0.7771450 0.0904730
v -0.0005410 -0.7770990 0.0907390
v -0.0174140 -0.7769940 0.0914080
v -0.0338490 -0.7765880 0.0914080
v -0.0509130 -0.7757850 0.0909750
v -0.0683160 -0.7747690 0.0918120
v -0.0826020 -0.7740860 0.0953110
v -0.0981990 -0.7697820 0.0918580
v 0.0142330 0.9005210 0.0770110
v -0.0066830 0.9019120 0.0755580
v 0.0500340 0.8812500 0.0720330
v 0.0333540 0.8915300 0.0733720
v -0.0227700 0.9011580 0.0776780
v -0.0374120 0.8896570 0.0702050
v 0.0653190 0.8699870 0.0719640
v -0.0548250 0.8883550 0.0808150
v 0.0786940 0.8556500 0.0727310
v -0.0712360 0.8713540 0.0753390
v -0.0864680 0.8543970 0.0727680
v 0.1013360 0.8210090 0.0747870
v 0.0907480 0.8392260 0.0733260
v -0.0990470 0.8378640 0.0720200
v 0.1117160 0.8035980 0.0799480
v -0.1094620 0.8211350 0.0725080
v -0.1174520 0.8038530 0.0728010
v 0.1157910 0.7831520 0.0703460
v -0.1239940 0.7863750 0.0728980
v 0.1215910 0.7684420 0.0713500
v -0.1296900 0.7688000 0.0728990
v 0.1333700 0.7292830 0.0773850
v 0.1259920 0.7529370 0.0706590
v -0.1347350 0.7512250 0.0728990
v -0.1385590 0.7336500 0.0728990
v 0.1370370 0.7107070 0.0782390
v -0.1408370 0.7160750 0.0728990
v 0.1382390 0.6972910 0.0743920
v -0.1428710 0.6985000 0.0728990
v 0.1397440 0.6812320 0.0738980
v -0.1444990 0.6809250 0.0728990
v 0.1407950 0.6638250 0.0735630
v -0.1467770 0.6633500 0.0728990
v 0.1414230 0.6456780 0.0729960
v -0.1494620 0.6457750 0.0728990
v 0.1417710 0.6279350 0.0730240
v -0.1509260 0.6282010 0.0728990
v 0.1416180 0.6106250 0.0728990
v -0.1523450 0.6104860 0.0732010
v 0.1409760 0.5933150 0.0727730
v -0.1526040 0.5925440 0.0747870
v 0.1402700 0.5757130 0.0729400
v -0.1521590 0.5754680 0.0805050
v 0.1396090 0.5579700 0.0729680
v -0.1467990 0.5537810 0.0695720
v 0.1393070 0.5403260 0.0728990
v -0.1437060 0.5354380 0.0665920
v 0.1393070 0.5227510 0.0728990
v -0.1429850 0.5219840 0.0704720
v 0.1386560 0.5051760 0.0722480
v -0.1420810 0.5055380 0.0727730
v 0.1364520 0.4878660 0.0703320
v -0.1409650 0.4887860 0.0742470
v 0.1321890 0.4713650 0.0659990
v -0.1389430 0.4714480 0.0753210
v 0.1273440 0.4531900 0.0779940
v -0.1350020 0.4531900 0.0787060
v 0.1213550 0.4355170 0.0719080
v -0.1293990 0.4356150 0.0661750
v 0.1150140 0.4174400 0.0660410
v -0.1238870 0.4176360 0.0728750
v 0.1077700 0.3998230 0.0762510
v -0.1164390 0.3997680 0.0800120
v 0.0992210 0.3830850 0.0666590
v -0.1090340 0.3837810 0.0690570
v 0.0883670 0.3665100 0.0706070
v -0.0992490 0.3690850 0.0758560
v 0.0735650 0.3492860 0.0711880
v -0.0864460 0.3525770 0.0763570
v 0.0536500 0.3320890 0.0694120
v -0.0697970 0.3359440 0.0737680
v 0.0345170 0.3210520 0.0723970
v 0.0164160 0.3145580 0.0727310
v -0.0012520 0.3120590 0.0726620
v -0.0185390 0.3126060 0.0729270
v -0.0358580 0.3158370 0.0729960
v -0.0531240 0.3237180 0.0729690
v -0.0045200 0.0442910 0.0450890
v -0.0229150 0.0426990 0.0435990
v 0.0086510 0.0305170 0.0470270
v -0.0074890 0.0258490 0.0487380
v -0.0209810 0.0284490 0.0461750
v -0.0036330 0.0123520 0.0498150
v -0.0202590 0.0120450 0.0476400
v -0.0012290 -0.0045950 0.0497460
v -0.0189250 -0.0048320 0.0480370
v 0.0010870 -0.0219470 0.0485670
v -0.0172560 -0.0227140 0.0471890
v 0.1045980 -0.2766670 0.0728250
v 0.0868230 -0.2724360 0.0730480
v 0.0689870 -0.2696520 0.0728010
v 0.0513850 -0.2682830 0.0728290
v 0.0338560 -0.2681200 0.0728990
v 0.0162810 -0.2681200 0.0728990
v -0.0012940 -0.2681200 0.0728990
v -0.0188690 -0.2681200 0.0728990
v -0.0364440 -0.2681200 0.0728990
v -0.0539170 -0.2681670 0.0726340
v -0.0707240 -0.2686780 0.0720620
v -0.0871180 -0.2706410 0.0721770
v 0.1372600 -0.2882080 0.0734710
v 0.1211260 -0.2818450 0.0731220
v -0.1045130 -0.2752800 0.0729850
v -0.1222880 -0.2807490 0.0727170
v -0.1394710 -0.2864340 0.0721180
v 0.1727080 -0.3065040 0.0729550
v -0.1568160 -0.2931620 0.0718250
v -0.1710880 -0.2992870 0.0687310
v 0.2070670 -0.3291980 0.0730660
v 0.1898640 -0.3167000 0.0734010
v 0.2240930 -0.3436600 0.0737680
v -0.2072090 -0.3233980 0.0761660
v 0.2411040 -0.3615760 0.0765010
v -0.2276570 -0.3402550 0.0741620
v -0.2454140 -0.3571690 0.0726660
v -0.2612210 -0.3756300 0.0704760
v 0.2725350 -0.4102300 0.0781370
v 0.2638800 -0.3934490 0.0678420
v -0.2733950 -0.3941150 0.0647020
v -0.2840830 -0.4143020 0.0733840
v 0.2885760 -0.4485230 0.0755470
v 0.2803920 -0.4279410 0.0677120
v -0.2911890 -0.4322400 0.0685040
v -0.2955360 -0.4463620 0.0708620
v 0.2953840 -0.4659810 0.0753960
v -0.2983510 -0.4628680 0.0717550
v 0.2975790 -0.4761150 0.0689740
v -0.3010850 -0.4802530 0.0731540
v 0.3312950 -0.5216440 0.0760870
v 0.3145260 -0.5084860 0.0722780
v 0.3026760 -0.4914600 0.0681100
v -0.3065490 -0.4988880 0.0735340
v 0.3683940 -0.5378400 0.0847990
v 0.3515920 -0.5329810 0.0789570
v -0.3165040 -0.5193270 0.0722350
v 0.3806690 -0.5503830 0.0876370
v -0.3198480 -0.5368720 0.0635660
v -0.3327980 -0.5341240 0.0761050
v -0.3449180 -0.5493850 0.0745960
v -0.3631160 -0.5514590 0.0818490
v 0.3670270 -0.5504080 0.0782700
v 0.3502190 -0.5506590 0.0713790
v -0.3806510 -0.5548710 0.0860740
v 0.3808660 -0.5668540 0.0843260
v 0.3646460 -0.5672720 0.0767130
v 0.3452000 -0.5686440 0.0719190
v -0.3525650 -0.5658350 0.0750710
v -0.3705260 -0.5679180 0.0792000
v -0.3886470 -0.5712100 0.0842990
v 0.3771910 -0.5844710 0.0856810
v 0.3597030 -0.5842720 0.0812330
v 0.3445620 -0.5839470 0.0802420
v 0.3329270 -0.5775470 0.0744990
v 0.3151200 -0.5798640 0.0708600
v 0.2985590 -0.5925410 0.0730900
v -0.3162200 -0.5906150 0.0743900
v -0.3377150 -0.5813920 0.0763430
v -0.3595010 -0.5829190 0.0805180
v -0.3770020 -0.5845350 0.0821460
v -0.3906830 -0.5873390 0.0849350
v -0.3997900 -0.5817190 0.0883730
v 0.2886720 -0.6054730 0.0775070
v -0.2996040 -0.6034710 0.0728940
v 0.2787240 -0.6183430 0.0728570
v -0.2870920 -0.6190300 0.0721730
v 0.2696790 -0.6321960 0.0683970
v -0.2763180 -0.6360480 0.0727550
v 0.2597590 -0.6504870 0.0734840
v -0.2656310 -0.6542370 0.0734800
v 0.2427200 -0.6715180 0.0692130
v -0.2521000 -0.6723040 0.0731360
v 0.2273670 -0.6907630 0.0728610
v -0.2366920 -0.6897250 0.0726610
v 0.2109450 -0.7053620 0.0732190
v -0.2199000 -0.7053170 0.0715590
v 0.1929660 -0.7181970 0.0728800
v -0.1913410 -0.7263100 0.0715590
v -0.2053480 -0.7153680 0.0681450
v 0.1754740 -0.7306690 0.0739960
v 0.1585300 -0.7405390 0.0744710
v -0.1557780 -0.7447970 0.0733970
v -0.1738080 -0.7358950 0.0727310
v 0.1442140 -0.7476640 0.0765100
v 0.1259350 -0.7529520 0.0712020
v 0.1071350 -0.7613550 0.0743990
v -0.1033130 -0.7619280 0.0726550
v -0.1183610 -0.7557150 0.0691870
v -0.1361120 -0.7525460 0.0752080
v 0.0931700 -0.7665150 0.0776180
v 0.0772860 -0.7678360 0.0731450
v 0.0558100 -0.7699690 0.0698660
v 0.0368870 -0.7737200 0.0729860
v 0.0195450 -0.7743370 0.0730940
v 0.0018720 -0.7744490 0.0731350
v -0.0155910 -0.7744490 0.0742370
v -0.0295980 -0.7749230 0.0776520
v -0.0443250 -0.7726930 0.0743070
v -0.0623650 -0.7702760 0.0738750
v -0.0830160 -0.7678650 0.0763650
v 0.0161370 0.8835030 0.0571830
v -0.0024750 0.8876150 0.0586940
v 0.0506990 0.8660160 0.0555180
v 0.0339770 0.8762890 0.0559180
v -0.0205330 0.8887990 0.0623110
v -0.0366630 0.8735580 0.0525190
v 0.0662730 0.8538760 0.0560560
v -0.0542140 0.8732740 0.0627600
v 0.0793400 0.8393790 0.0567530
v -0.0709110 0.8560900 0.0580730
v -0.0861750 0.8387420 0.0560230
v 0.1022960 0.8006800 0.0581320
v 0.0902680 0.8221630 0.0566680
v -0.0987380 0.8214280 0.0553070
v -0.1087790 0.8039500 0.0553230
v 0.1170300 0.7651020 0.0570720
v 0.1087410 0.7809260 0.0521840
v -0.1164270 0.7863750 0.0553230
v -0.1230180 0.7688000 0.0553230
v 0.1216540 0.7509200 0.0554070
v -0.1287130 0.7512250 0.0553230
v 0.1331070 0.7122820 0.0605000
v 0.1256470 0.7356560 0.0540050
v -0.1332700 0.7336500 0.0553230
v -0.1372570 0.7160750 0.0553240
v 0.1367170 0.6940030 0.0617180
v -0.1397790 0.6985000 0.0553240
v 0.1371540 0.6801580 0.0577510
v -0.1414070 0.6809250 0.0553240
v 0.1376800 0.6625830 0.0556020
v -0.1431150 0.6633500 0.0553240
v 0.1384560 0.6444360 0.0557140
v -0.1444170 0.6457750 0.0553240
v 0.1391300 0.6272660 0.0563090
v -0.1462070 0.6282010 0.0553240
v 0.1392260 0.6104300 0.0556820
v -0.1476490 0.6105560 0.0553930
v 0.1389820 0.5930510 0.0553240
v -0.1479540 0.5923490 0.0560400
v 0.1387610 0.5754060 0.0552540
v -0.1472320 0.5715180 0.0582080
v 0.1388660 0.5576640 0.0552820
v -0.1440590 0.5524890 0.0513950
v 0.1390860 0.5400610 0.0554490
v -0.1430630 0.5383870 0.0533370
v 0.1389820 0.5226530 0.0554210
v -0.1419390 0.5221510 0.0542500
v 0.1376470 0.5052730 0.0547380
v -0.1411720 0.5060820 0.0562860
v 0.1350900 0.4885350 0.0531990
v -0.1401970 0.4897450 0.0578020
v 0.1311810 0.4747790 0.0505420
v -0.1387590 0.4754110 0.0609040
v 0.1265260 0.4560610 0.0568700
v -0.1338720 0.4558700 0.0576270
v 0.1205420 0.4355170 0.0533570
v -0.1274280 0.4350890 0.0480980
v 0.1146320 0.4176080 0.0481120
v -0.1233900 0.4186160 0.0552540
v 0.1080230 0.3999910 0.0588430
v -0.1171880 0.4012980 0.0618240
v 0.0993050 0.3831830 0.0499160
v -0.1106450 0.3875910 0.0534210
v 0.0916790 0.3698820 0.0570140
v -0.0990880 0.3693190 0.0580280
v 0.0786090 0.3531700 0.0525780
v -0.0838730 0.3497500 0.0564610
v 0.0619430 0.3366360 0.0536830
v 0.0480990 0.3251500 0.0514000
v -0.0682120 0.3337030 0.0555330
v 0.0360410 0.3190130 0.0548270
v 0.0191600 0.3126820 0.0554270
v 0.0005150 0.3098970 0.0552640
v -0.0173720 0.3108130 0.0555470
v -0.0342510 0.3146300 0.0558320
v -0.0512470 0.3219670 0.0554650
v 0.0304170 0.2205660 0.0292530
v 0.0102970 0.2232000 0.0308380
v -0.0078310 0.2236700 0.0311160
v -0.0257690 0.2226380 0.0306320
v -0.0412250 0.2192230 0.0296240
v 0.0435130 0.2049790 0.0302000
v 0.0276680 0.2016360 0.0342670
v 0.0136670 0.2051230 0.0347500
v -0.0038090 0.2061650 0.0350540
v -0.0214350 0.2061370 0.0348960
v -0.0385690 0.2054680 0.0335330
v -0.0550050 0.2054670 0.0298720
v 0.0317550 0.1872230 0.0353050
v 0.0148960 0.1878230 0.0366300
v -0.0020470 0.1885620 0.0370530
v -0.0195200 0.1888270 0.0370990
v -0.0370300 0.1887290 0.0360910
v -0.0543770 0.1886320 0.0336170
v -0.0716920 0.1887290 0.0277910
v 0.0615720 0.1698430 0.0307390
v 0.0463150 0.1664980 0.0350440
v 0.0329260 0.1698150 0.0362490
v 0.0159650 0.1708200 0.0373090
v -0.0013920 0.1711540 0.0377510
v -0.0188690 0.1712520 0.0377510
v -0.0364440 0.1712520 0.0374250
v -0.0540190 0.1712520 0.0355530
v -0.0715940 0.1712520 0.0305900
v 0.0494460 0.1526030 0.0351790
v 0.0328700 0.1527430 0.0369230
v 0.0161560 0.1534120 0.0376110
v -0.0012940 0.1536770 0.0377510
v -0.0188690 0.1536770 0.0377510
v -0.0364440 0.1536770 0.0376690
v -0.0540190 0.1536770 0.0363670
v -0.0715940 0.1536770 0.0327870
v 0.0512220 0.1352650 0.0354950
v 0.0335680 0.1358370 0.0371230
v 0.0161830 0.1360040 0.0377510
v -0.0012940 0.1361020 0.0377510
v -0.0188690 0.1361020 0.0377510
v -0.0364440 0.1361020 0.0377510
v -0.0540190 0.1361020 0.0368550
v -0.0715940 0.1361020 0.0343330
v -0.0891690 0.1361020 0.0279860
v 0.0804440 0.1179270 0.0292370
v 0.0643360 0.1138570 0.0348490
v 0.0510400 0.1171880 0.0362490
v 0.0338980 0.1182900 0.0373090
v 0.0162810 0.1185270 0.0377510
v -0.0012940 0.1185270 0.0377510
v -0.0188690 0.1185270 0.0377510
v -0.0364440 0.1185270 0.0377510
v -0.0540190 0.1185270 0.0371810
v -0.0715940 0.1185270 0.0351470
v -0.0891690 0.1185270 0.0300200
v 0.0670670 0.1001570 0.0346440
v 0.0505430 0.1001150 0.0369230
v 0.0340880 0.1008820 0.0376920
v 0.0167740 0.1009800 0.0380530
v -0.0009920 0.1008130 0.0381110
v -0.0187990 0.1008820 0.0378900
v -0.0364440 0.1009520 0.0377510
v -0.0540190 0.1009520 0.0374250
v -0.0715940 0.1009520 0.0358790
v -0.0891690 0.1009520 0.0312410
v 0.0686810 0.0833770 0.0344960
v 0.0515330 0.0836420 0.0372390
v 0.0351490 0.0843120 0.0382360
v 0.0186200 0.0841030 0.0387940
v 0.0005940 0.0828710 0.0390750
v -0.0181520 0.0826760 0.0387380
v -0.0363040 0.0832380 0.0381110
v -0.0540190 0.0833770 0.0376690
v -0.0715940 0.0833770 0.0363670
v -0.0891690 0.0833770 0.0325430
v 0.0691730 0.0658300 0.0348300
v 0.0523100 0.0669880 0.0377130
v 0.0359680 0.0680060 0.0390580
v 0.0224760 0.0706060 0.0395340
v 0.0063370 0.0659380 0.0410240
v -0.0159850 0.0618450 0.0414150
v -0.0359870 0.0650030 0.0390150
v -0.0539490 0.0657330 0.0380530
v -0.0715940 0.0658020 0.0368550
v -0.0891690 0.0658020 0.0337630
v -0.1067440 0.0658020 0.0261960
v 0.0688390 0.0481990 0.0354910
v 0.0516300 0.0497100 0.0385530
v 0.0379020 0.0537560 0.0399140
v 0.0195070 0.0521640 0.0424020
v -0.0366430 0.0467450 0.0407930
v -0.0539770 0.0479900 0.0387130
v -0.0715940 0.0482270 0.0371810
v -0.0891690 0.0482270 0.0342510
v -0.1067440 0.0482270 0.0274170
v 0.0688390 0.0306250 0.0358070
v 0.0509750 0.0314520 0.0393340
v 0.0309720 0.0346100 0.0430870
v -0.0373230 0.0294670 0.0425930
v -0.0541440 0.0303870 0.0394190
v -0.0715940 0.0306520 0.0374250
v -0.0891690 0.0306520 0.0344960
v -0.1067440 0.0306520 0.0279050
v 0.0690060 0.0130770 0.0357970
v 0.0512920 0.0132170 0.0396570
v 0.0331390 0.0137790 0.0440540
v 0.0143930 0.0135840 0.0478890
v -0.0369040 0.0126170 0.0437080
v -0.0541160 0.0129800 0.0400610
v -0.0715940 0.0130770 0.0376690
v -0.0891690 0.0130770 0.0344960
v -0.1067440 0.0130770 0.0279860
v 0.0690060 -0.0044970 0.0357160
v 0.0515290 -0.0044000 0.0394100
v 0.0341440 -0.0042320 0.0437320
v 0.0165650 -0.0042600 0.0475810
v -0.0364720 -0.0046650 0.0442360
v -0.0540190 -0.0044970 0.0403540
v -0.0715940 -0.0044970 0.0377500
v -0.0891690 -0.0044970 0.0344960
v -0.1067440 -0.0044970 0.0279860
v 0.0690060 -0.0220720 0.0354720
v 0.0515570 -0.0218070 0.0387690
v 0.0348420 -0.0211380 0.0426950
v 0.0184060 -0.0211380 0.0462750
v -0.0358070 -0.0227140 0.0438530
v -0.0537820 -0.0221140 0.0403080
v -0.0712360 -0.0218770 0.0377500
v -0.0886760 -0.0220440 0.0344960
v -0.1064420 -0.0222120 0.0279860
v 0.0690060 -0.0396470 0.0352280
v 0.0513890 -0.0394100 0.0380620
v 0.0342470 -0.0383080 0.0409590
v 0.0210630 -0.0348940 0.0439100
v 0.0055130 -0.0383780 0.0456540
v -0.0130010 -0.0401500 0.0452220
v -0.0343400 -0.0432580 0.0425310
v -0.0535170 -0.0401220 0.0397260
v -0.0705380 -0.0387830 0.0375500
v -0.0872300 -0.0388520 0.0346440
v -0.1050980 -0.0400240 0.0281910
v 0.0690060 -0.0572220 0.0351470
v 0.0513610 -0.0571530 0.0374020
v 0.0334790 -0.0564830 0.0391240
v 0.0141770 -0.0536120 0.0418190
v -0.0071620 -0.0567200 0.0425760
v -0.0256760 -0.0584920 0.0413510
v -0.0412250 -0.0619760 0.0395080
v -0.0544510 -0.0583240 0.0385730
v -0.0711610 -0.0561200 0.0366900
v -0.0844990 -0.0525520 0.0348490
v 0.0690060 -0.0747970 0.0350650
v 0.0514310 -0.0747970 0.0371000
v 0.0337170 -0.0746580 0.0381110
v 0.0156440 -0.0741560 0.0389290
v -0.0029070 -0.0741560 0.0395800
v -0.0212490 -0.0749230 0.0394710
v -0.0385690 -0.0757320 0.0388060
v -0.0550740 -0.0756620 0.0376090
v -0.0720960 -0.0743230 0.0356350
v -0.0913770 -0.0713900 0.0312540
v 0.0690060 -0.0923720 0.0345770
v 0.0514310 -0.0923720 0.0371000
v 0.0338560 -0.0923720 0.0377510
v 0.0162110 -0.0923020 0.0378900
v -0.0015960 -0.0922330 0.0381920
v -0.0194270 -0.0923020 0.0382970
v -0.0370300 -0.0924700 0.0380760
v -0.0543770 -0.0925670 0.0371810
v -0.0717330 -0.0922330 0.0352260
v -0.0894480 -0.0915350 0.0308410
v 0.0690060 -0.1099470 0.0338450
v 0.0514310 -0.1099470 0.0368550
v 0.0338560 -0.1099470 0.0377510
v 0.0162810 -0.1099470 0.0377510
v -0.0012940 -0.1099470 0.0377510
v -0.0188690 -0.1099470 0.0377510
v -0.0363460 -0.1098490 0.0377510
v -0.0536610 -0.1097520 0.0371000
v -0.0709760 -0.1096540 0.0350490
v -0.0879370 -0.1090960 0.0306460
v 0.0514310 -0.1275220 0.0363670
v 0.0338560 -0.1275220 0.0376690
v 0.0162810 -0.1275220 0.0377510
v -0.0012940 -0.1275220 0.0377510
v -0.0188690 -0.1275220 0.0377510
v -0.0363180 -0.1272570 0.0376110
v -0.0530330 -0.1265880 0.0369230
v -0.0696970 -0.1264900 0.0348400
v -0.0871880 -0.1265740 0.0297790
v 0.0514310 -0.1450970 0.0356350
v 0.0338560 -0.1450970 0.0374250
v 0.0162810 -0.1450970 0.0377510
v -0.0012940 -0.1450970 0.0377510
v -0.0187710 -0.1449990 0.0377510
v -0.0361280 -0.1446650 0.0373090
v -0.0531690 -0.1437200 0.0362290
v -0.0667690 -0.1404150 0.0348250
v 0.0514310 -0.1626720 0.0345770
v 0.0338560 -0.1626720 0.0369370
v 0.0162810 -0.1626720 0.0377510
v -0.0012940 -0.1626720 0.0377510
v -0.0187430 -0.1624070 0.0376110
v -0.0355280 -0.1616680 0.0369460
v -0.0524900 -0.1611280 0.0354380
v -0.0723510 -0.1594050 0.0311520
v 0.0338560 -0.1802470 0.0360420
v 0.0162810 -0.1802470 0.0376690
v -0.0011960 -0.1801490 0.0377510
v -0.0185530 -0.1798140 0.0373090
v -0.0355940 -0.1788700 0.0362290
v -0.0492770 -0.1754810 0.0350480
v 0.0342140 -0.1976270 0.0341050
v 0.0168670 -0.1977240 0.0363350
v -0.0005410 -0.1975570 0.0370530
v -0.0174830 -0.1968180 0.0366300
v -0.0345150 -0.1963470 0.0352610
v -0.0544760 -0.1945310 0.0315180
v 0.0188760 -0.2144620 0.0340840
v 0.0018120 -0.2148950 0.0354300
v -0.0156510 -0.2141180 0.0353540
v -0.0300320 -0.2107150 0.0345740
v 0.1012310 -0.2760820 0.0555610
v 0.0836080 -0.2706590 0.0548810
v 0.0661500 -0.2671910 0.0548150
v 0.0486940 -0.2653130 0.0556120
v 0.0311590 -0.2647960 0.0560910
v 0.0133290 -0.2647260 0.0563700
v -0.0044790 -0.2647960 0.0565790
v -0.0221230 -0.2648650 0.0565440
v -0.0396010 -0.2649630 0.0563330
v -0.0568990 -0.2652890 0.0561050
v -0.0736870 -0.2667770 0.0559440
v -0.0904050 -0.2701280 0.0553670
v 0.1477590 -0.2937430 0.0560070
v 0.1326890 -0.2862560 0.0598760
v 0.1187180 -0.2816270 0.0565370
v -0.1076560 -0.2754530 0.0555730
v -0.1247420 -0.2812890 0.0559990
v -0.1417080 -0.2873410 0.0553470
v 0.1685670 -0.3055040 0.0525260
v -0.1585020 -0.2939220 0.0545980
v -0.1752210 -0.3016590 0.0546400
v 0.2014150 -0.3265570 0.0557980
v 0.1853710 -0.3146970 0.0584540
v -0.1928900 -0.3133710 0.0557740
v 0.2194210 -0.3411030 0.0557280
v -0.2113020 -0.3270900 0.0561090
v 0.2359630 -0.3581120 0.0564890
v -0.2294780 -0.3425580 0.0554630
v 0.2520360 -0.3780650 0.0576620
v -0.2462790 -0.3600380 0.0541290
v -0.2612620 -0.3794650 0.0498280
v 0.2715830 -0.4127400 0.0569780
v 0.2624080 -0.3965110 0.0517120
v -0.2722170 -0.3965350 0.0489020
v -0.2797850 -0.4106670 0.0533490
v 0.2781290 -0.4274370 0.0545750
v -0.2864270 -0.4280190 0.0546090
v 0.2909230 -0.4642570 0.0589240
v 0.2826160 -0.4422380 0.0532320
v -0.2915190 -0.4450560 0.0544450
v -0.2949940 -0.4619060 0.0548630
v 0.2961290 -0.4808720 0.0587650
v -0.2969660 -0.4791880 0.0552960
v 0.2961460 -0.4910780 0.0521990
v -0.2988490 -0.4970370 0.0554630
v 0.3367180 -0.5369840 0.0687340
v 0.3163010 -0.5319600 0.0595370
v 0.3006900 -0.5083980 0.0518990
v -0.3027480 -0.5153420 0.0548970
v -0.3073710 -0.5333540 0.0536770
v -0.3118590 -0.5507810 0.0542580
v 0.3324150 -0.5508270 0.0647330
v 0.3176460 -0.5525850 0.0585660
v 0.3032830 -0.5481870 0.0494490
v -0.3281690 -0.5501250 0.0657290
v 0.3256610 -0.5659190 0.0657400
v 0.3088410 -0.5648890 0.0576060
v 0.2951990 -0.5614080 0.0468100
v -0.3192040 -0.5698740 0.0619120
v -0.3370750 -0.5631130 0.0694350
v 0.2945510 -0.5783470 0.0545760
v -0.3007440 -0.5868330 0.0573710
v 0.2830490 -0.5996960 0.0584720
v -0.2872870 -0.6039170 0.0559740
v 0.2706310 -0.6183290 0.0551470
v -0.2763520 -0.6210290 0.0557560
v 0.2599040 -0.6358050 0.0546920
v -0.2668510 -0.6384790 0.0560770
v 0.2478740 -0.6535710 0.0543890
v -0.2559870 -0.6556350 0.0563790
v 0.2357400 -0.6673030 0.0518940
v -0.2424780 -0.6725410 0.0556810
v 0.2261140 -0.6814850 0.0564430
v -0.2262490 -0.6887980 0.0550580
v 0.2141250 -0.6950010 0.0599180
v 0.1957250 -0.7044970 0.0539300
v -0.2096000 -0.7032320 0.0543890
v 0.1758790 -0.7208650 0.0569650
v -0.1762910 -0.7243550 0.0550580
v -0.1931640 -0.7141350 0.0543890
v 0.1613040 -0.7320780 0.0608200
v 0.1411930 -0.7389690 0.0569180
v 0.1212580 -0.7456290 0.0539710
v -0.1226130 -0.7464690 0.0550680
v -0.1405460 -0.7402250 0.0557240
v -0.1586780 -0.7327890 0.0554630
v 0.1099990 -0.7524330 0.0599610
v 0.0921220 -0.7569400 0.0593050
v 0.0687800 -0.7574610 0.0521340
v 0.0506530 -0.7627150 0.0524600
v -0.0504200 -0.7644050 0.0562020
v -0.0691390 -0.7605580 0.0560340
v -0.0876580 -0.7557480 0.0557000
v -0.1053540 -0.7505200 0.0546820
v 0.0403810 -0.7676710 0.0587460
v 0.0259650 -0.7678810 0.0565310
v 0.0084510 -0.7679530 0.0556300
v -0.0097140 -0.7678350 0.0560630
v -0.0301550 -0.7676340 0.0589340
v 0.0179460 0.8670180 0.0407750
v -0.0001130 0.8707980 0.0417370
v 0.0515530 0.8487750 0.0397990
v 0.0348240 0.8591250 0.0395220
v -0.0187250 0.8723910 0.0455240
v -0.0360670 0.8559360 0.0357230
v 0.0670860 0.8377570 0.0415490
v -0.0539490 0.8566060 0.0456870
v 0.0785500 0.8256940 0.0437120
v -0.0704390 0.8391980 0.0412960
v -0.0850570 0.8217900 0.0393920
v 0.0977420 0.7862460 0.0383420
v 0.0848910 0.8069510 0.0372290
v -0.0964530 0.8041880 0.0382040
v -0.1063260 0.7864450 0.0377480
v 0.1159740 0.7488980 0.0409990
v 0.1070930 0.7680950 0.0386410
v -0.1141490 0.7688000 0.0377480
v -0.1207400 0.7512250 0.0377490
v 0.1206810 0.7342780 0.0389690
v -0.1266790 0.7336500 0.0377490
v 0.1321360 0.6976260 0.0465830
v 0.1246390 0.7184250 0.0377920
v -0.1315610 0.7160750 0.0377490
v -0.1352230 0.6985000 0.0377490
v 0.1323330 0.6800890 0.0399340
v -0.1382330 0.6809250 0.0377490
v 0.1332570 0.6597400 0.0360630
v -0.1397790 0.6633500 0.0377490
v 0.1365730 0.6411060 0.0424180
v -0.1410810 0.6457750 0.0377490
v 0.1366430 0.6274050 0.0396870
v -0.1423020 0.6282000 0.0377490
v 0.1366800 0.6105980 0.0382410
v -0.1431150 0.6106250 0.0377490
v 0.1367500 0.5929110 0.0376090
v -0.1435570 0.5929110 0.0378880
v 0.1369820 0.5747360 0.0373720
v -0.1434790 0.5746770 0.0382050
v 0.1374590 0.5565620 0.0381390
v -0.1426980 0.5566130 0.0379070
v 0.1377150 0.5393910 0.0387340
v -0.1416810 0.5400750 0.0378560
v 0.1371100 0.5225550 0.0381070
v -0.1405130 0.5236670 0.0381390
v 0.1351740 0.5053710 0.0373910
v -0.1395600 0.5065530 0.0395800
v 0.1315100 0.4885350 0.0367630
v -0.1390930 0.4925000 0.0440150
v 0.1275510 0.4713650 0.0373580
v -0.1355550 0.4734930 0.0422030
v 0.1232760 0.4531900 0.0374740
v -0.1290390 0.4491660 0.0338490
v 0.1193190 0.4352800 0.0353220
v -0.1245710 0.4313590 0.0340640
v 0.1140090 0.4186400 0.0302440
v -0.1228860 0.4210690 0.0412600
v 0.1077320 0.4004930 0.0407800
v -0.1161030 0.4035570 0.0420620
v 0.0977780 0.3830010 0.0314770
v -0.1059190 0.3832230 0.0389600
v 0.0892270 0.3666860 0.0418270
v -0.0944820 0.3648980 0.0390500
v 0.0776410 0.3523480 0.0345250
v -0.0798520 0.3479790 0.0382230
v 0.0660000 0.3388030 0.0368420
v 0.0513790 0.3249670 0.0377180
v -0.0644520 0.3323680 0.0376160
v 0.0394400 0.3174860 0.0411390
v 0.0254720 0.3087910 0.0392650
v 0.0058990 0.3036650 0.0391670
v -0.0171040 0.3047230 0.0366740
v -0.0320090 0.3117220 0.0410470
v -0.0476620 0.3193370 0.0379990
v -0.0076240 0.2914760 0.0270610
v -0.0276810 0.2931520 0.0221600
v 0.0304560 0.2711880 0.0173830
v 0.0122640 0.2712460 0.0211650
v -0.0026890 0.2752050 0.0223030
v -0.0216460 0.2764890 0.0212900
v -0.0413970 0.2790330 0.0156690
v -0.0587410 0.2736550 0.0100860
v 0.0477650 0.2552020 0.0153140
v 0.0313970 0.2533430 0.0204340
v 0.0168630 0.2567100 0.0216760
v -0.0000710 0.2579550 0.0227230
v -0.0180780 0.2584290 0.0225100
v -0.0369650 0.2589080 0.0202260
v -0.0552460 0.2589040 0.0160530
v -0.0726460 0.2588810 0.0086030
v 0.0626340 0.2421480 0.0133270
v 0.0510500 0.2411010 0.0189250
v 0.0395380 0.2399860 0.0222850
v 0.0224600 0.2398540 0.0253670
v 0.0048480 0.2408820 0.0263470
v -0.0132200 0.2407150 0.0264380
v -0.0343990 0.2380010 0.0253380
v -0.0538790 0.2408540 0.0204310
v -0.0718590 0.2414260 0.0149260
v 0.0524790 0.2260010 0.0224250
v -0.0544090 0.2226380 0.0254240
v -0.0715520 0.2237400 0.0197710
v -0.0891830 0.2243810 0.0123410
v 0.0819200 0.2065410 0.0133400
v 0.0628140 0.2061610 0.0233200
v -0.0717200 0.2061370 0.0239920
v -0.0892110 0.2066390 0.0163740
v 0.0721030 0.1881580 0.0235920
v 0.0510570 0.1851090 0.0314810
v -0.0892390 0.1888970 0.0199430
v -0.1069020 0.1898770 0.0099210
v 0.0964310 0.1712800 0.0130050
v 0.0795210 0.1708750 0.0235230
v -0.0891690 0.1712520 0.0231040
v -0.1064190 0.1714440 0.0123150
v 0.0853100 0.1533010 0.0233880
v 0.0670770 0.1527700 0.0307990
v -0.0891690 0.1536770 0.0260330
v -0.1061400 0.1535380 0.0150260
v 0.0918070 0.1367020 0.0222670
v 0.0706560 0.1326950 0.0312540
v -0.1060840 0.1361300 0.0187150
v -0.1061910 0.1187920 0.0219280
v -0.1214510 0.1194760 0.0101600
v 0.0851450 0.1011890 0.0281910
v -0.1065490 0.1011890 0.0234690
v -0.1224070 0.1025180 0.0124170
v 0.0866560 0.0827770 0.0282560
v -0.1067440 0.0834470 0.0251500
v -0.1235740 0.0844270 0.0134370
v 0.1136920 0.0644630 0.0140650
v 0.0992770 0.0610490 0.0243260
v 0.0861910 0.0644630 0.0295250
v -0.1241240 0.0661790 0.0150880
v 0.1017870 0.0472930 0.0237880
v 0.0855960 0.0472930 0.0306220
v -0.1243190 0.0482970 0.0166760
v 0.1033260 0.0305550 0.0234620
v 0.0862230 0.0304570 0.0306550
v -0.1242210 0.0307500 0.0173600
v 0.1040750 0.0130080 0.0233600
v 0.0865810 0.0130770 0.0305900
v -0.1241240 0.0133430 0.0174740
v 0.1039610 -0.0047350 0.0233880
v 0.0865810 -0.0044970 0.0305900
v -0.1240590 -0.0042600 0.0171150
v 0.1036030 -0.0223370 0.0235550
v 0.0865810 -0.0220720 0.0305900
v -0.1237610 -0.0220720 0.0169200
v 0.1034730 -0.0397450 0.0232830
v 0.0865810 -0.0396470 0.0305900
v -0.1227990 -0.0402890 0.0169390
v 0.1035050 -0.0572220 0.0224530
v 0.0865810 -0.0572220 0.0303460
v -0.1005370 -0.0566230 0.0292370
v -0.1208840 -0.0606300 0.0170620
v 0.0865810 -0.0747970 0.0296950
v -0.1121930 -0.0753970 0.0222670
v -0.1266600 -0.0794670 0.0114770
v 0.0865810 -0.0923720 0.0284740
v -0.1071650 -0.0918980 0.0234200
v -0.1231990 -0.0930700 0.0127360
v 0.0865810 -0.1099470 0.0265210
v -0.1044430 -0.1090270 0.0238340
v -0.1202110 -0.1095150 0.0134280
v 0.0865810 -0.1275220 0.0249760
v 0.0690060 -0.1275220 0.0324610
v -0.1011010 -0.1235380 0.0244080
v 0.0866510 -0.1451670 0.0230230
v 0.0690060 -0.1450970 0.0307530
v -0.0831390 -0.1438880 0.0295130
v -0.1063150 -0.1447200 0.0188060
v 0.0867210 -0.1629740 0.0205000
v 0.0690060 -0.1626720 0.0285560
v -0.0946090 -0.1631740 0.0227890
v -0.1112800 -0.1664550 0.0138320
v 0.0690060 -0.1802470 0.0260330
v 0.0514310 -0.1802470 0.0322990
v -0.0655740 -0.1788840 0.0309050
v -0.0865790 -0.1824620 0.0231510
v -0.1059020 -0.1812190 0.0143480
v 0.0690060 -0.1978220 0.0220460
v 0.0515290 -0.1977240 0.0288490
v -0.0762280 -0.1975710 0.0245220
v -0.0887160 -0.1978220 0.0193900
v 0.0696160 -0.2155190 0.0187310
v 0.0521840 -0.2151320 0.0256780
v 0.0353110 -0.2144620 0.0306670
v -0.0462580 -0.2146200 0.0309940
v -0.0683230 -0.2180280 0.0238510
v -0.0902850 -0.2127750 0.0143880
v 0.0538650 -0.2323280 0.0240770
v 0.0365300 -0.2310280 0.0288000
v 0.0227920 -0.2278830 0.0316880
v 0.0077960 -0.2309580 0.0334720
v -0.0103500 -0.2314040 0.0339200
v -0.0313280 -0.2295680 0.0324120
v -0.0552290 -0.2362620 0.0277150
v -0.0707890 -0.2353850 0.0219530
v 0.0955600 -0.2764190 0.0377600
v 0.0795370 -0.2679310 0.0347580
v 0.0623290 -0.2608860 0.0381730
v 0.0446080 -0.2586240 0.0408000
v 0.0577580 -0.2485640 0.0277150
v 0.0265240 -0.2577620 0.0421850
v 0.0397620 -0.2467210 0.0315140
v 0.0079720 -0.2577620 0.0429990
v 0.0197800 -0.2441460 0.0339200
v -0.0103600 -0.2581470 0.0433050
v -0.0009030 -0.2464590 0.0357950
v -0.0282050 -0.2584820 0.0429060
v -0.0197000 -0.2468070 0.0356350
v -0.0456180 -0.2594360 0.0422670
v -0.0383860 -0.2481840 0.0339420
v -0.0631060 -0.2608440 0.0409540
v -0.0545710 -0.2524760 0.0322830
v -0.0783840 -0.2645090 0.0417360
v -0.0762540 -0.2539410 0.0241070
v -0.0935530 -0.2703410 0.0348500
v 0.1330930 -0.2910890 0.0411560
v 0.1127250 -0.2828630 0.0386130
v -0.1115760 -0.2781020 0.0419210
v -0.1258230 -0.2842180 0.0390980
v -0.1433340 -0.2905080 0.0382880
v 0.1687660 -0.3109390 0.0331120
v 0.1533240 -0.3010710 0.0372320
v -0.1607840 -0.2984440 0.0381110
v 0.1883590 -0.3225920 0.0367230
v -0.1780710 -0.3075430 0.0384320
v -0.1952510 -0.3183560 0.0388740
v 0.2112790 -0.3396730 0.0379810
v -0.2123190 -0.3329850 0.0381760
v 0.2285040 -0.3557580 0.0389430
v -0.2295730 -0.3488280 0.0375110
v 0.2424240 -0.3730030 0.0389100
v -0.2451380 -0.3658080 0.0361860
v 0.2538740 -0.3911770 0.0381430
v -0.2551440 -0.3802710 0.0326100
v -0.2652190 -0.3936000 0.0352940
v 0.2733490 -0.4285690 0.0409980
v 0.2639920 -0.4091990 0.0385060
v -0.2731950 -0.4098230 0.0364280
v -0.2795020 -0.4267280 0.0374320
v 0.2783010 -0.4428660 0.0390510
v -0.2843580 -0.4441360 0.0376230
v 0.2893240 -0.4777200 0.0445130
v 0.2813440 -0.4576380 0.0373980
v -0.2875060 -0.4615430 0.0376510
v -0.2894920 -0.4790210 0.0377480
v 0.2889060 -0.4935620 0.0376210
v -0.2905490 -0.4965960 0.0377480
v 0.2879970 -0.5081640 0.0337120
v -0.2917810 -0.5142400 0.0377480
v 0.2928470 -0.5274940 0.0387680
v -0.2935180 -0.5319830 0.0379430
v 0.2872810 -0.5476290 0.0355810
v -0.2961030 -0.5498650 0.0395220
v 0.2823330 -0.5648750 0.0361630
v -0.2990960 -0.5683520 0.0456710
v 0.2762110 -0.5830980 0.0380270
v -0.2819720 -0.5884720 0.0379340
v 0.2678410 -0.6016610 0.0384870
v -0.2747160 -0.6075530 0.0420550
v 0.2581190 -0.6195510 0.0381530
v -0.2622410 -0.6240440 0.0376630
v 0.2462150 -0.6375400 0.0379440
v -0.2560620 -0.6420500 0.0428950
v 0.2345980 -0.6549940 0.0387830
v -0.2443170 -0.6557050 0.0401990
v 0.2236450 -0.6708950 0.0410400
v -0.2286140 -0.6718570 0.0389360
v 0.2101150 -0.6868100 0.0452620
v 0.1926730 -0.6893120 0.0341490
v -0.2118030 -0.6869260 0.0382040
v 0.1752930 -0.7065290 0.0394220
v -0.1771410 -0.7098720 0.0380410
v -0.1944560 -0.6992610 0.0379430
v 0.1580000 -0.7225780 0.0455140
v 0.1403220 -0.7233330 0.0359100
v -0.1421820 -0.7268630 0.0383710
v -0.1596640 -0.7184480 0.0381390
v 0.1262560 -0.7350970 0.0429650
v 0.1084840 -0.7410680 0.0432180
v 0.0878060 -0.7416890 0.0385520
v 0.0694130 -0.7411150 0.0321310
v -0.0715800 -0.7468210 0.0384410
v -0.0890290 -0.7418230 0.0379150
v -0.1067110 -0.7371270 0.0377850
v -0.1245740 -0.7323610 0.0383110
v 0.0553540 -0.7526020 0.0409360
v 0.0386540 -0.7570530 0.0422910
v 0.0193680 -0.7568820 0.0394870
v 0.0011940 -0.7567920 0.0386080
v -0.0171350 -0.7564430 0.0390410
v -0.0356860 -0.7544900 0.0390410
v -0.0539070 -0.7509520 0.0386410
v 0.0201830 0.8518950 0.0282550
v 0.0040950 0.8540160 0.0274400
v 0.0547800 0.8335500 0.0291310
v 0.0343510 0.8363840 0.0211490
v -0.0168210 0.8525630 0.0280340
v -0.0367370 0.8378590 0.0212170
v 0.0680900 0.8215030 0.0303320
v 0.0104290 0.8375160 0.0152210
v -0.0081610 0.8374030 0.0146420
v -0.0236510 0.8343470 0.0143060
v -0.0536190 0.8390590 0.0301760
v 0.0521390 0.8191410 0.0165840
v -0.0531590 0.8221950 0.0156960
v -0.0691440 0.8224600 0.0260480
v 0.0841640 0.7876550 0.0215070
v 0.0684390 0.8039700 0.0182380
v -0.0813740 0.8052890 0.0227510
v 0.0957840 0.7730930 0.0250170
v -0.0922310 0.7871150 0.0207990
v -0.1023270 0.7689400 0.0201730
v 0.1141890 0.7337410 0.0260880
v 0.1015100 0.7537790 0.0197960
v -0.1111380 0.7512250 0.0201730
v -0.1176480 0.7336500 0.0201730
v 0.1154300 0.7154850 0.0167020
v -0.1236690 0.7160750 0.0201730
v 0.1253540 0.6983470 0.0276310
v -0.1286320 0.6985000 0.0201740
v 0.1258370 0.6796840 0.0207270
v -0.1322940 0.6809250 0.0201740
v 0.1323190 0.6449250 0.0265620
v 0.1263630 0.6625280 0.0151100
v -0.1349790 0.6633500 0.0201740
v -0.1371760 0.6457750 0.0201740
v 0.1320310 0.6284930 0.0219730
v -0.1386400 0.6282010 0.0201740
v 0.1321470 0.6106250 0.0203360
v -0.1393730 0.6106250 0.0201740
v 0.1324720 0.5921720 0.0194950
v -0.1398610 0.5930510 0.0201740
v 0.1330200 0.5718410 0.0180730
v -0.1399190 0.5754060 0.0202430
v 0.1357220 0.5532310 0.0248440
v -0.1397100 0.5576910 0.0207080
v 0.1345990 0.5395310 0.0221120
v -0.1393700 0.5408560 0.0219870
v 0.1327050 0.5227230 0.0206660
v -0.1391370 0.5272320 0.0249660
v 0.1302430 0.5052730 0.0200760
v -0.1360450 0.5082120 0.0196850
v 0.1270950 0.4878660 0.0200480
v -0.1352520 0.4883420 0.0275300
v 0.1236870 0.4702630 0.0202160
v -0.1293500 0.4661380 0.0177570
v 0.1207000 0.4526180 0.0196580
v -0.1252610 0.4479580 0.0162820
v 0.1175150 0.4358100 0.0180490
v -0.1233440 0.4343100 0.0207510
v 0.1132710 0.4220540 0.0150570
v -0.1195400 0.4180160 0.0272730
v 0.1066640 0.4035240 0.0198590
v -0.1104640 0.3986160 0.0200920
v 0.0957410 0.3841490 0.0123820
v -0.1002190 0.3787960 0.0244850
v 0.0840790 0.3635120 0.0205700
v -0.0899510 0.3643900 0.0213550
v 0.0686950 0.3426880 0.0194540
v -0.0756870 0.3472320 0.0201130
v 0.0551340 0.3264670 0.0210350
v -0.0600670 0.3296590 0.0194610
v 0.0403460 0.3088630 0.0230670
v -0.0428510 0.3094410 0.0199610
v 0.0524790 0.2962010 0.0035350
v 0.0378990 0.2891180 0.0148560
v 0.0172660 0.2909610 0.0246450
v -0.0405600 0.2944380 0.0157320
v -0.0545950 0.2955410 0.0051260
v -0.0708200 0.2921110 -0.0081220
v 0.0672620 0.2778070 -0.0024150
v 0.0503540 0.2753830 0.0086720
v -0.0718710 0.2767620 0.0010690
v 0.0805350 0.2646430 -0.0040550
v 0.0661060 0.2599500 0.0058660
v -0.0893150 0.2604790 -0.0018560
v -0.0897830 0.2421630 0.0075330
v -0.1095890 0.2444080 -0.0028000
v -0.1307730 0.2411880 -0.0066460
v -0.1488540 0.2414200 -0.0085900
v -0.1661220 0.2403900 -0.0096260
v -0.1806260 0.2363180 -0.0116220
v 0.0731970 0.2250370 0.0133340
v -0.1065350 0.2253720 0.0053570
v -0.1241280 0.2255110 0.0003780
v -0.1418940 0.2257760 -0.0028490
v -0.1565840 0.2285130 -0.0048600
v 0.0989370 0.2062350 0.0010470
v -0.1063670 0.2079990 0.0089010
v -0.1198660 0.2117500 0.0031200
v 0.0898240 0.1887570 0.0131190
v -0.1257930 0.1941040 -0.0004050
v 0.1107560 0.1710470 -0.0001110
v -0.1233750 0.1727920 -0.0007480
v 0.1023360 0.1544720 0.0126380
v -0.1217620 0.1534330 0.0013970
v 0.1066780 0.1407720 0.0114770
v -0.1214410 0.1358090 0.0060840
v 0.1012270 0.1218750 0.0170620
v -0.1332890 0.1193920 -0.0032370
v 0.1035060 0.1009520 0.0170130
v -0.1327060 0.1062800 0.0018140
v 0.1054340 0.0798260 0.0176920
v -0.1387990 0.0882910 -0.0020300
v 0.1287240 0.0653440 0.0002150
v -0.1403520 0.0681860 0.0010910
v 0.1181070 0.0479620 0.0132430
v -0.1416830 0.0494630 0.0027330
v 0.1202670 0.0305130 0.0128750
v -0.1415030 0.0313220 0.0044200
v 0.1211630 0.0122780 0.0126050
v -0.1408620 0.0142630 0.0048640
v 0.1201260 -0.0059800 0.0131950
v -0.1408010 -0.0028850 0.0034950
v 0.1188160 -0.0232580 0.0137470
v -0.1403080 -0.0210740 0.0020620
v 0.1185510 -0.0401080 0.0126610
v -0.1387210 -0.0395780 0.0018790
v 0.1185230 -0.0570830 0.0102250
v -0.1375260 -0.0578640 0.0018700
v 0.1035290 -0.0747280 0.0203260
v -0.1366820 -0.0757780 0.0009580
v 0.1035520 -0.0922330 0.0177920
v -0.1353060 -0.0926190 0.0002610
v 0.1035290 -0.1098770 0.0154440
v -0.1331280 -0.1088920 0.0008650
v 0.1038080 -0.1277310 0.0134220
v -0.1158340 -0.1265040 0.0146060
v 0.1045510 -0.1460870 0.0122640
v -0.1275750 -0.1431500 0.0040990
v 0.2036350 -0.1616490 -0.0129220
v 0.1861120 -0.1628950 -0.0109580
v 0.1683230 -0.1630020 -0.0091520
v 0.1509070 -0.1630390 -0.0064900
v 0.1360140 -0.1616310 -0.0025170
v 0.1046860 -0.1647260 0.0106550
v -0.1253120 -0.1617190 0.0060500
v 0.0866510 -0.1808050 0.0170830
v -0.1231570 -0.1801040 0.0064010
v -0.1425660 -0.1761870 -0.0032950
v -0.1638290 -0.1797880 -0.0095270
v -0.1826600 -0.1826530 -0.0117480
v -0.1983340 -0.1863870 -0.0139270
v 0.0864840 -0.1984080 0.0133730
v -0.1001560 -0.1975850 0.0137770
v 0.0867930 -0.2161380 0.0091920
v -0.1101510 -0.2129480 0.0028470
v 0.0714040 -0.2335700 0.0168360
v -0.0834140 -0.2336430 0.0145340
v 0.0763510 -0.2543700 0.0175760
v -0.0933970 -0.2502680 0.0036600
v 0.1195130 -0.2938470 0.0208430
v 0.1026420 -0.2846430 0.0207290
v 0.0902950 -0.2757150 0.0227520
v 0.0835920 -0.2694480 0.0165560
v -0.0885330 -0.2664080 0.0212650
v -0.0966950 -0.2738010 0.0182900
v -0.0924050 -0.2663280 0.0097900
v -0.1092500 -0.2800380 0.0258160
v -0.1279940 -0.2918230 0.0189500
v 0.1556160 -0.3108190 0.0192810
v 0.1377950 -0.3017200 0.0205500
v -0.1473380 -0.2976180 0.0243130
v -0.1638920 -0.3083600 0.0200880
v 0.1864080 -0.3303500 0.0165860
v 0.1726530 -0.3197620 0.0187930
v -0.1818980 -0.3157790 0.0253200
v 0.2014660 -0.3404380 0.0205520
v -0.1955530 -0.3273060 0.0226240
v 0.2187350 -0.3554190 0.0225260
v -0.2122910 -0.3425380 0.0213290
v 0.2320660 -0.3688000 0.0254040
v -0.2287110 -0.3593360 0.0205920
v -0.2430480 -0.3759700 0.0197920
v 0.2533300 -0.4037710 0.0245690
v 0.2407290 -0.3869250 0.0201240
v -0.2537550 -0.3923410 0.0195320
v -0.2628960 -0.4089160 0.0201040
v 0.2716620 -0.4422000 0.0273680
v 0.2593950 -0.4229570 0.0207340
v -0.2693680 -0.4261560 0.0202710
v -0.2733930 -0.4438010 0.0201730
v 0.2708830 -0.4559790 0.0200390
v -0.2763910 -0.4614460 0.0201730
v 0.2767380 -0.4746890 0.0239550
v -0.2782630 -0.4790210 0.0201730
v 0.2765320 -0.4947780 0.0203360
v -0.2789950 -0.4965960 0.0202540
v 0.2768240 -0.5128560 0.0200940
v -0.2793210 -0.5141710 0.0204990
v 0.2754370 -0.5311140 0.0205980
v -0.2798090 -0.5317460 0.0213120
v 0.2713230 -0.5489440 0.0204430
v -0.2806220 -0.5493900 0.0231140
v 0.2664060 -0.5665890 0.0205360
v -0.2814780 -0.5676070 0.0281030
v 0.2597670 -0.5849310 0.0208380
v -0.2646140 -0.5852800 0.0177280
v 0.2525080 -0.6031140 0.0215430
v -0.2633850 -0.6040260 0.0263380
v 0.2423020 -0.6204100 0.0216130
v -0.2466190 -0.6206110 0.0182580
v 0.2274970 -0.6402600 0.0215400
v -0.2454800 -0.6386180 0.0284350
v 0.2213010 -0.6590230 0.0290140
v 0.2085470 -0.6558410 0.0173650
v -0.2294110 -0.6546780 0.0243510
v 0.2084830 -0.6725640 0.0302370
v 0.1919050 -0.6725410 0.0189130
v -0.2129750 -0.6700670 0.0232000
v 0.1745950 -0.6899210 0.0228000
v -0.1779060 -0.6928240 0.0217770
v -0.1955990 -0.6820970 0.0221740
v 0.1571460 -0.7071050 0.0285980
v 0.1395010 -0.7070350 0.0202400
v 0.1217310 -0.7072590 0.0144330
v -0.1429840 -0.7103920 0.0221910
v -0.1602790 -0.7018030 0.0217940
v 0.1230130 -0.7237710 0.0297240
v 0.1049550 -0.7247080 0.0253190
v 0.0866090 -0.7247360 0.0207590
v 0.0685220 -0.7238010 0.0157630
v -0.0722210 -0.7305810 0.0220100
v -0.0899310 -0.7247030 0.0211170
v -0.1085250 -0.7215340 0.0216240
v -0.1261180 -0.7174130 0.0225160
v 0.0520020 -0.7405650 0.0270490
v 0.0334470 -0.7411760 0.0242780
v 0.0146540 -0.7418550 0.0231720
v -0.0033400 -0.7417860 0.0228460
v -0.0211700 -0.7410070 0.0229160
v -0.0388480 -0.7393930 0.0229110
v -0.0557860 -0.7359970 0.0228740
v 0.0350230 0.8131030 0.0030610
v 0.0162130 0.8192340 0.0024140
v -0.0031580 0.8207210 0.0019730
v -0.0209240 0.8205210 0.0033330
v 0.0517600 0.8012130 0.0031080
v -0.0373040 0.8208560 0.0084280
v -0.0537260 0.8051920 0.0034350
v 0.0681740 0.7857800 0.0046840
v -0.0667150 0.8087040 0.0139720
v 0.0847230 0.7697830 0.0097250
v -0.0727780 0.7900700 0.0052210
v -0.0871580 0.7697070 0.0035650
v 0.1017430 0.7312650 0.0048570
v 0.0857510 0.7511800 -0.0017660
v -0.0973360 0.7515320 0.0027940
v -0.1062450 0.7337200 0.0025980
v 0.1160450 0.6972260 0.0082860
v 0.1075800 0.7122110 0.0005950
v -0.1135790 0.7160750 0.0025980
v -0.1193560 0.6985000 0.0025980
v 0.1168650 0.6776210 0.0006820
v -0.1244820 0.6809250 0.0025980
v 0.1214040 0.6630780 0.0029890
v -0.1282250 0.6633500 0.0025980
v 0.1246490 0.6482980 0.0064040
v -0.1309920 0.6457750 0.0025980
v 0.1250890 0.6284520 0.0035100
v -0.1327000 0.6282010 0.0025980
v 0.1258610 0.6095660 0.0021010
v -0.1341650 0.6106260 0.0025990
v 0.1267280 0.5912710 0.0014450
v -0.1346530 0.5930510 0.0025990
v 0.1307170 0.5572030 0.0088330
v 0.1265300 0.5751410 -0.0025530
v -0.1347350 0.5754760 0.0025990
v -0.1346880 0.5577610 0.0029010
v 0.1290900 0.5407020 0.0041750
v -0.1346180 0.5399490 0.0041750
v 0.1271600 0.5228900 0.0029010
v -0.1350030 0.5232210 0.0090050
v 0.1246610 0.5051760 0.0025990
v -0.1296890 0.5040560 -0.0024780
v 0.1221390 0.4876010 0.0025990
v -0.1292430 0.4847250 0.0050170
v 0.1201050 0.4700260 0.0025990
v -0.1248710 0.4661810 -0.0004810
v 0.1175990 0.4526460 0.0022410
v -0.1233560 0.4518250 0.0028690
v 0.1138540 0.4358100 0.0016130
v -0.1218710 0.4383090 0.0075890
v 0.1086070 0.4187380 0.0016690
v -0.1160540 0.4209770 0.0075020
v 0.1014350 0.4013810 0.0004970
v -0.1080030 0.4044170 0.0004830
v 0.0935310 0.3871380 -0.0034720
v -0.0985820 0.3847670 0.0053350
v 0.0844620 0.3711500 0.0002510
v -0.0844470 0.3648540 0.0030720
v 0.0702410 0.3499310 -0.0009080
v -0.0708580 0.3462630 0.0016770
v 0.0590810 0.3292660 0.0029800
v -0.0586230 0.3245210 -0.0006480
v 0.0520150 0.3146140 0.0079550
v -0.0522960 0.3104250 0.0056100
v -0.0566400 0.3107590 -0.0009070
v -0.0632400 0.3111070 -0.0127940
v 0.0680260 0.2942410 -0.0137640
v -0.0748080 0.2974640 -0.0196930
v 0.1307320 0.2766810 -0.0282680
v 0.1125300 0.2769450 -0.0243810
v 0.0972410 0.2803850 -0.0225670
v 0.0832570 0.2783720 -0.0137020
v -0.0855040 0.2799850 -0.0149380
v 0.1187560 0.2599280 -0.0190150
v 0.0982380 0.2636040 -0.0121670
v -0.1045240 0.2633580 -0.0153300
v -0.1207610 0.2538190 -0.0140970
v -0.1382360 0.2562260 -0.0202190
v -0.1591060 0.2550290 -0.0192070
v -0.1798770 0.2527630 -0.0191930
v -0.2002580 0.2551150 -0.0239140
v -0.2185580 0.2554210 -0.0273350
v -0.2345940 0.2535450 -0.0313740
v 0.1045640 0.2426900 -0.0095340
v 0.0831460 0.2457040 0.0018470
v -0.1950050 0.2398640 -0.0159590
v -0.2119240 0.2412030 -0.0203240
v -0.2289220 0.2406360 -0.0261780
v 0.0922730 0.2247480 0.0019240
v -0.1706140 0.2241600 -0.0084990
v -0.1899480 0.2216880 -0.0149800
v -0.2058680 0.2279100 -0.0185170
v 0.1127220 0.2048500 -0.0139410
v -0.1352770 0.2097490 -0.0013870
v -0.1550290 0.2115240 -0.0070400
v 0.1055160 0.1884920 0.0003540
v -0.1440030 0.1962200 -0.0076380
v -0.1423650 0.1770370 -0.0185050
v 0.1256350 0.1517570 -0.0145990
v 0.1156100 0.1541190 -0.0000740
v -0.1346390 0.1541600 -0.0153510
v 0.1177120 0.1370830 0.0009580
v -0.1345790 0.1333610 -0.0114370
v 0.1181580 0.1190290 0.0018700
v 0.1197070 0.1004500 0.0018600
v 0.1237940 0.0825680 0.0011720
v -0.1510430 0.0853370 -0.0208500
v -0.1509400 0.0723450 -0.0128030
v 0.1490820 0.0471820 -0.0151150
v 0.1335870 0.0479250 -0.0000620
v -0.1587720 0.0539500 -0.0143740
v 0.1370620 0.0298700 -0.0003490
v -0.1587690 0.0332030 -0.0083000
v -0.1785920 0.0355210 -0.0217080
v -0.1998540 0.0297270 -0.0272750
v -0.2155920 0.0251840 -0.0300480
v 0.1384100 0.0087630 -0.0020270
v -0.1571670 0.0156340 -0.0067360
v -0.1714200 0.0191800 -0.0151950
v 0.1309720 -0.0102410 0.0035530
v -0.1543350 0.0013420 -0.0064140
v 0.1309170 -0.0245390 0.0015860
v -0.1576200 -0.0170150 -0.0148030
v 0.1300820 -0.0406660 -0.0002300
v -0.1514930 -0.0383880 -0.0156750
v 0.1298540 -0.0563630 -0.0046340
v -0.1488240 -0.0568880 -0.0147570
v 0.1187090 -0.0740580 0.0064750
v 0.1187090 -0.0917310 0.0025860
v 0.1190580 -0.1100870 0.0009610
v 0.1210780 -0.1290300 0.0004730
v -0.1306670 -0.1256310 0.0018900
v 0.2763550 -0.1520220 -0.0263730
v 0.2562480 -0.1488670 -0.0247880
v 0.2384650 -0.1470630 -0.0241970
v 0.2243400 -0.1441480 -0.0250630
v 0.2099910 -0.1468960 -0.0220030
v 0.1925190 -0.1478300 -0.0196830
v 0.1742310 -0.1474060 -0.0176950
v 0.1561230 -0.1471150 -0.0127090
v 0.1416700 -0.1500440 -0.0059300
v 0.1243550 -0.1497740 0.0010490
v -0.1427300 -0.1394110 -0.0123810
v 0.3076780 -0.1649380 -0.0297900
v 0.2897720 -0.1651960 -0.0237810
v 0.2743530 -0.1678440 -0.0195060
v 0.2602420 -0.1645730 -0.0188350
v 0.2424490 -0.1625690 -0.0178920
v 0.2229920 -0.1591410 -0.0161410
v 0.1219000 -0.1705060 0.0017200
v -0.1390660 -0.1566050 -0.0039360
v -0.1559020 -0.1588100 -0.0155020
v -0.1764470 -0.1659180 -0.0195930
v -0.1954700 -0.1722600 -0.0204790
v 0.2800860 -0.1807470 -0.0205420
v 0.2635810 -0.1805070 -0.0191550
v 0.2463780 -0.1794850 -0.0179640
v 0.2283850 -0.1776620 -0.0158230
v 0.2132380 -0.1744050 -0.0128440
v 0.1980980 -0.1781500 -0.0113860
v 0.1802950 -0.1792890 -0.0106770
v 0.1619440 -0.1793630 -0.0098320
v 0.1405650 -0.1794360 -0.0068890
v 0.1205590 -0.1888760 -0.0028280
v 0.1040720 -0.1830180 0.0076930
v -0.2143170 -0.1824180 -0.0211150
v -0.2304150 -0.1867190 -0.0258870
v 0.1164080 -0.2039550 -0.0072310
v 0.1032910 -0.2004160 0.0029910
v -0.1169490 -0.1967900 0.0053320
v -0.1339810 -0.1959910 -0.0023590
v -0.1521280 -0.1962740 -0.0076750
v -0.1707340 -0.1973800 -0.0108140
v -0.1886520 -0.1990410 -0.0128380
v -0.2088140 -0.2016150 -0.0163770
v -0.2272400 -0.1987080 -0.0208980
v -0.2410820 -0.1990150 -0.0295780
v 0.1027810 -0.2170110 -0.0036640
v -0.1253940 -0.2095910 -0.0035740
v -0.2239340 -0.2123350 -0.0202330
v 0.0878360 -0.2343560 0.0044400
v -0.1012230 -0.2310730 0.0010710
v 0.0888420 -0.2521000 -0.0032910
v -0.1080760 -0.2473290 -0.0169180
v 0.0909120 -0.2812130 0.0028030
v 0.0847190 -0.2654710 0.0046160
v -0.0998260 -0.2669840 -0.0082000
v 0.1397010 -0.3147100 0.0030910
v 0.1216610 -0.3069410 0.0028310
v 0.1049260 -0.2962520 0.0025400
v -0.1065940 -0.2841250 0.0029190
v -0.1249510 -0.3043030 -0.0028150
v 0.1746420 -0.3320950 0.0035840
v 0.1575740 -0.3227680 0.0030960
v -0.1437610 -0.3064650 0.0082990
v -0.1604590 -0.3221820 0.0006830
v 0.1906870 -0.3422210 0.0048440
v -0.1784660 -0.3238980 0.0108600
v 0.2069040 -0.3565600 0.0065810
v -0.1948840 -0.3400640 0.0067110
v 0.2236010 -0.3721480 0.0108600
v -0.2118360 -0.3566950 0.0055930
v -0.2271320 -0.3733750 0.0052020
v 0.2428090 -0.4068000 0.0090670
v 0.2260420 -0.3901550 0.0007640
v -0.2387430 -0.3906490 0.0043960
v -0.2488620 -0.4079280 0.0040970
v 0.2594780 -0.4422710 0.0107670
v 0.2439160 -0.4254490 0.0008470
v -0.2556910 -0.4251570 0.0040100
v -0.2597530 -0.4432150 0.0033980
v 0.2604470 -0.4598930 0.0064620
v -0.2622570 -0.4613060 0.0032490
v 0.2613110 -0.4782640 0.0051540
v -0.2634540 -0.4790210 0.0032490
v 0.2610990 -0.4969310 0.0041490
v -0.2640240 -0.4965960 0.0034930
v 0.2611900 -0.5152730 0.0046970
v -0.2642680 -0.5141710 0.0039810
v 0.2600040 -0.5326110 0.0053690
v -0.2642680 -0.5317460 0.0048760
v 0.2551990 -0.5494880 0.0049090
v -0.2643490 -0.5493210 0.0068290
v 0.2481590 -0.5674220 0.0041160
v -0.2645930 -0.5670350 0.0112460
v 0.2405260 -0.5878630 0.0042860
v -0.2473440 -0.5845400 0.0016330
v 0.2387830 -0.6056290 0.0100230
v 0.2292130 -0.5999280 -0.0006420
v -0.2471490 -0.6024220 0.0095770
v 0.2239870 -0.6175540 0.0051600
v -0.2296990 -0.6196210 0.0034470
v 0.2078200 -0.6370320 0.0051680
v -0.2124450 -0.6366660 0.0005780
v -0.2296710 -0.6373350 0.0132480
v 0.1910210 -0.6546210 0.0060750
v 0.1730790 -0.6548720 -0.0031520
v -0.1961980 -0.6531280 0.0009970
v -0.2130730 -0.6535340 0.0110280
v 0.1741490 -0.6722340 0.0091820
v 0.1562150 -0.6718750 0.0004150
v -0.1582580 -0.6747770 -0.0003720
v -0.1787610 -0.6710270 0.0053170
v -0.1989580 -0.6667650 0.0114230
v 0.1567410 -0.6897810 0.0135130
v 0.1387100 -0.6895200 0.0065680
v 0.1205490 -0.6901060 0.0012470
v 0.1029290 -0.6898930 -0.0033000
v -0.1049360 -0.6920630 -0.0027770
v -0.1204350 -0.6892710 -0.0012450
v -0.1431980 -0.6889060 0.0049380
v -0.1633110 -0.6864050 0.0101360
v 0.1038210 -0.7074820 0.0106830
v 0.0858050 -0.7067150 0.0057780
v 0.0677680 -0.7057990 0.0012000
v 0.0539490 -0.7036730 -0.0024340
v 0.0397010 -0.7070210 -0.0017560
v 0.0224830 -0.7073840 -0.0024380
v 0.0046570 -0.7074260 -0.0030510
v -0.0131500 -0.7073560 -0.0032610
v -0.0312690 -0.7066490 -0.0028700
v -0.0496660 -0.7067570 -0.0011310
v -0.0708650 -0.7100680 0.0048740
v -0.0934440 -0.7045050 0.0045630
v -0.1132830 -0.7053860 0.0088390
v -0.1287180 -0.7029990 0.0108390
v 0.0489790 -0.7214170 0.0103310
v 0.0280810 -0.7244290 0.0098000
v 0.0098650 -0.7250010 0.0092350
v -0.0078030 -0.7249890 0.0091070
v -0.0253830 -0.7241710 0.0091400
v -0.0427440 -0.7229200 0.0096930
v -0.0579520 -0.7215700 0.0111290
v 0.0375520 0.7975150 -0.0079730
v 0.0204500 0.7989090 -0.0127910
v 0.0002220 0.8022670 -0.0123760
v -0.0187480 0.8031410 -0.0099000
v 0.0495200 0.7820800 -0.0119760
v -0.0367040 0.8038530 -0.0045670
v 0.0690060 0.7676290 -0.0073980
v 0.0320480 0.7866190 -0.0185540
v -0.0359700 0.7857340 -0.0186080
v -0.0539680 0.7872400 -0.0090330
v -0.0698620 0.7703770 -0.0112760
v 0.0852680 0.7336770 -0.0141070
v 0.0695360 0.7502210 -0.0185520
v -0.0814530 0.7527880 -0.0128520
v 0.0967070 0.7185850 -0.0101850
v -0.0913290 0.7346410 -0.0142510
v -0.0997650 0.7164520 -0.0147810
v 0.1022280 0.6980820 -0.0133920
v -0.1077900 0.6985700 -0.0149770
v 0.1150580 0.6632270 -0.0081870
v 0.1075190 0.6778050 -0.0159920
v -0.1138230 0.6809250 -0.0149770
v -0.1182980 0.6633510 -0.0149770
v 0.1148270 0.6459150 -0.0128700
v -0.1218790 0.6457750 -0.0149760
v 0.1162040 0.6264890 -0.0147820
v -0.1248890 0.6282010 -0.0149770
v 0.1175750 0.6065300 -0.0169300
v -0.1266790 0.6106260 -0.0149770
v 0.1216460 0.5892110 -0.0124700
v -0.1276560 0.5930510 -0.0149760
v 0.1202730 0.5792150 -0.0173820
v -0.1281440 0.5754760 -0.0149760
v 0.1228720 0.5611840 -0.0122180
v -0.1282020 0.5578310 -0.0149070
v 0.1215000 0.5409670 -0.0143390
v -0.1281180 0.5397820 -0.0142420
v 0.1202560 0.5228200 -0.0149070
v -0.1276000 0.5195110 -0.0126010
v 0.1188030 0.5051760 -0.0149760
v -0.1233830 0.5006560 -0.0189380
v 0.1167690 0.4876010 -0.0149760
v -0.1234690 0.4868140 -0.0145760
v 0.1144910 0.4700260 -0.0149760
v -0.1231540 0.4729110 -0.0107560
v 0.1117730 0.4525480 -0.0150740
v -0.1183100 0.4550690 -0.0151990
v 0.1078930 0.4351410 -0.0151020
v -0.1171670 0.4365120 -0.0065800
v 0.1025480 0.4176640 -0.0153620
v -0.1099740 0.4189010 -0.0123070
v 0.0950160 0.4004830 -0.0166410
v -0.1005220 0.4007540 -0.0144690
v 0.0837130 0.3817820 -0.0186510
v -0.0902280 0.3824820 -0.0144500
v 0.0747000 0.3637110 -0.0132350
v -0.0775400 0.3643320 -0.0152200
v 0.0644640 0.3516950 -0.0194990
v -0.0658600 0.3459300 -0.0166780
v 0.0581000 0.3309750 -0.0202680
v -0.0614670 0.3306620 -0.0187930
v 0.0630740 0.3086710 -0.0296690
v 0.0576200 0.3121560 -0.0084370
v 0.1836850 0.2941730 -0.0455180
v 0.1656040 0.2940080 -0.0423760
v 0.1517580 0.2960250 -0.0416300
v 0.1386220 0.2922420 -0.0384260
v 0.1217490 0.2906340 -0.0365320
v 0.1039630 0.2898290 -0.0348830
v 0.0834130 0.2924750 -0.0302180
v 0.1718470 0.2773740 -0.0380730
v 0.1512380 0.2794960 -0.0335710
v -0.0979730 0.2766630 -0.0320500
v -0.1350270 0.2645090 -0.0365850
v -0.1508950 0.2648490 -0.0341970
v -0.1692460 0.2654810 -0.0336380
v -0.1877370 0.2662160 -0.0342680
v -0.2064180 0.2669450 -0.0365780
v -0.2278310 0.2674330 -0.0409230
v 0.1572290 0.2598740 -0.0347450
v 0.1377530 0.2594410 -0.0272800
v -0.2507210 0.2590850 -0.0408060
v -0.2685850 0.2554090 -0.0459250
v 0.1227930 0.2409140 -0.0214170
v -0.2462090 0.2413270 -0.0336280
v -0.2634960 0.2428330 -0.0422560
v 0.1096330 0.2233170 -0.0115620
v -0.2209400 0.2258770 -0.0246290
v -0.1747890 0.2079690 -0.0155780
v -0.1909320 0.2058290 -0.0237090
v -0.2079820 0.2120780 -0.0258250
v 0.1165950 0.1870920 -0.0152560
v -0.1595940 0.1943780 -0.0183510
v 0.1273230 0.1637100 -0.0313550
v 0.1219370 0.1692660 -0.0158070
v 0.1278970 0.1351300 -0.0141010
v 0.1294270 0.1180950 -0.0146590
v -0.1396170 0.1185900 -0.0133310
v 0.1314490 0.1004080 -0.0151520
v -0.1427430 0.1043480 -0.0136690
v -0.1497610 0.0971650 -0.0345940
v 0.1357380 0.0826400 -0.0160630
v 0.1567650 0.0619900 -0.0324230
v 0.1425730 0.0647680 -0.0160910
v 0.2204390 0.0447270 -0.0462540
v 0.2030820 0.0448150 -0.0428930
v 0.1845450 0.0454270 -0.0385480
v 0.1661450 0.0463330 -0.0291100
v -0.1755540 0.0552470 -0.0329360
v -0.1936930 0.0467260 -0.0357210
v -0.2149750 0.0418750 -0.0370400
v -0.2355480 0.0442670 -0.0419630
v -0.2510650 0.0441300 -0.0451590
v 0.2088010 0.0301920 -0.0399260
v 0.1903610 0.0296760 -0.0356530
v 0.1720200 0.0297390 -0.0277470
v 0.1541830 0.0295090 -0.0153430
v -0.2303220 0.0290390 -0.0339240
v -0.2475620 0.0316660 -0.0382780
v -0.2639380 0.0357500 -0.0453220
v 0.1758530 0.0127880 -0.0322530
v 0.1576710 0.0112940 -0.0202790
v -0.1872030 0.0152730 -0.0223280
v -0.2056100 0.0124470 -0.0285150
v -0.2255610 0.0108020 -0.0336640
v -0.2419400 0.0177850 -0.0364140
v 0.1436420 -0.0101480 -0.0124050
v -0.1717830 0.0011740 -0.0184680
v 0.1380740 -0.0280720 -0.0106160
v 0.1375190 -0.0411060 -0.0148270
v 0.1364590 -0.0536840 -0.0182100
v 0.1309560 -0.0713710 -0.0128270
v -0.1467510 -0.0738950 -0.0140320
v 0.1302170 -0.0919400 -0.0148030
v -0.1451400 -0.0903540 -0.0142220
v -0.1502080 -0.0868770 -0.0268880
v 0.1326450 -0.1111660 -0.0157220
v -0.1424460 -0.1072320 -0.0140080
v -0.1473870 -0.1025200 -0.0300120
v 0.2840560 -0.1411480 -0.0388140
v 0.2684990 -0.1392890 -0.0365640
v 0.2507950 -0.1378430 -0.0359210
v 0.2337640 -0.1370660 -0.0356450
v 0.2173280 -0.1370660 -0.0350750
v 0.2002970 -0.1375780 -0.0340340
v 0.1821070 -0.1368230 -0.0327960
v 0.1610590 -0.1321570 -0.0299110
v 0.1402480 -0.1323520 -0.0137570
v -0.1399520 -0.1216100 -0.0107020
v 0.3151570 -0.1563130 -0.0394130
v 0.2983720 -0.1506020 -0.0352770
v -0.1540810 -0.1409180 -0.0308900
v -0.1689430 -0.1517780 -0.0332970
v -0.1895180 -0.1579100 -0.0366230
v 0.3225600 -0.1665030 -0.0375650
v -0.2097670 -0.1673720 -0.0334740
v -0.2245030 -0.1767250 -0.0313700
v 0.3150830 -0.1771750 -0.0305050
v 0.2984930 -0.1821290 -0.0248670
v -0.2372490 -0.1845600 -0.0366310
v 0.3119280 -0.1943530 -0.0312460
v 0.2950520 -0.1990090 -0.0281210
v 0.2845290 -0.1939430 -0.0250080
v 0.2693650 -0.1954820 -0.0249440
v 0.2513340 -0.1947830 -0.0244460
v 0.2330570 -0.1938050 -0.0231560
v 0.2125270 -0.1912910 -0.0194270
v 0.1919560 -0.1938750 -0.0192270
v 0.1737160 -0.1944280 -0.0189460
v 0.1550020 -0.1952540 -0.0184690
v 0.1338820 -0.2005040 -0.0168620
v -0.2495520 -0.1992350 -0.0431190
v 0.3146520 -0.2134910 -0.0362520
v 0.3001000 -0.2099370 -0.0329680
v 0.1180410 -0.2156880 -0.0179910
v -0.1401870 -0.2121880 -0.0118370
v -0.1588410 -0.2124650 -0.0173470
v -0.1771220 -0.2129280 -0.0187320
v -0.1947700 -0.2155640 -0.0204360
v -0.2122100 -0.2211520 -0.0225840
v -0.2378110 -0.2144680 -0.0263340
v 0.3168950 -0.2317860 -0.0399370
v 0.2972650 -0.2285570 -0.0411200
v 0.1022330 -0.2346760 -0.0146990
v -0.1224350 -0.2259170 -0.0132960
v -0.2176960 -0.2364180 -0.0285730
v -0.2290300 -0.2276950 -0.0264130
v -0.2466510 -0.2343020 -0.0360520
v 0.0954990 -0.2531400 -0.0195640
v -0.2338050 -0.2482150 -0.0339270
v -0.2502050 -0.2528130 -0.0418430
v 0.0893690 -0.2700930 -0.0133000
v -0.2304930 -0.2677770 -0.0374440
v -0.2473200 -0.2676180 -0.0425780
v 0.0886530 -0.2843880 -0.0142010
v -0.1005120 -0.2845320 -0.0201770
v -0.2278410 -0.2853620 -0.0402380
v -0.2446510 -0.2855150 -0.0437300
v 0.1418120 -0.3297910 -0.0122480
v 0.1230160 -0.3228630 -0.0136490
v 0.1050580 -0.3131890 -0.0150050
v 0.0915530 -0.2978980 -0.0167120
v -0.1083080 -0.3035670 -0.0171280
v -0.1242050 -0.3217340 -0.0194480
v 0.1788800 -0.3444960 -0.0063540
v 0.1612650 -0.3396860 -0.0120320
v -0.1421400 -0.3213900 -0.0088350
v -0.1595380 -0.3384210 -0.0143960
v 0.1923790 -0.3573560 -0.0066770
v -0.1772810 -0.3388760 -0.0043600
v 0.2089220 -0.3734310 -0.0043270
v 0.1759060 -0.3570140 -0.0172060
v -0.1770440 -0.3559960 -0.0175810
v -0.1945210 -0.3559790 -0.0069700
v 0.1922960 -0.3736960 -0.0172710
v -0.1939350 -0.3733750 -0.0184110
v -0.2108920 -0.3727890 -0.0073120
v 0.2269860 -0.4083440 -0.0074280
v 0.2096060 -0.3910760 -0.0139080
v -0.2101020 -0.3903890 -0.0175730
v -0.2240370 -0.3870740 -0.0062970
v -0.2282400 -0.4080090 -0.0126580
v 0.2442030 -0.4434660 -0.0046640
v 0.2271810 -0.4262260 -0.0139890
v -0.2314560 -0.4287080 -0.0183500
v -0.2424620 -0.4223350 -0.0074770
v 0.2271810 -0.4438710 -0.0183130
v -0.2420890 -0.4409180 -0.0126890
v 0.2444910 -0.4612780 -0.0077750
v 0.2268790 -0.4615850 -0.0211610
v -0.2455310 -0.4608880 -0.0124200
v 0.2441190 -0.4795930 -0.0099860
v -0.2469490 -0.4789510 -0.0122920
v 0.2425820 -0.5002060 -0.0116850
v -0.2472620 -0.4965960 -0.0118040
v 0.2484630 -0.5189240 -0.0060830
v 0.2334950 -0.5154120 -0.0173460
v -0.2473440 -0.5141710 -0.0110710
v 0.2440000 -0.5324850 -0.0076220
v 0.2274690 -0.5312300 -0.0190130
v -0.2473440 -0.5317460 -0.0094440
v 0.2374820 -0.5488570 -0.0088420
v 0.2219470 -0.5454830 -0.0198900
v -0.2297690 -0.5493210 -0.0191270
v -0.2473440 -0.5493210 -0.0070030
v 0.2245450 -0.5672790 -0.0130330
v -0.2298660 -0.5667980 -0.0154980
v -0.2473440 -0.5668960 -0.0036670
v 0.2239930 -0.5883460 -0.0076050
v 0.2084860 -0.5850750 -0.0177010
v -0.2129750 -0.5836900 -0.0202500
v -0.2298940 -0.5842060 -0.0103810
v 0.2145060 -0.6022740 -0.0082350
v 0.1937290 -0.6043830 -0.0177950
v -0.2124490 -0.6009340 -0.0149230
v -0.2297270 -0.6018080 -0.0043860
v 0.2036070 -0.6193810 -0.0069310
v 0.1906940 -0.6202150 -0.0130920
v 0.1754280 -0.6220690 -0.0182600
v -0.1736120 -0.6232190 -0.0211370
v -0.1924030 -0.6170710 -0.0174270
v -0.2118910 -0.6189270 -0.0077070
v 0.1879230 -0.6354490 -0.0066910
v 0.1701330 -0.6407060 -0.0117940
v 0.1561890 -0.6365040 -0.0190420
v -0.1599050 -0.6371580 -0.0195680
v -0.1772390 -0.6370280 -0.0144330
v -0.1950550 -0.6360700 -0.0081970
v 0.1561320 -0.6542170 -0.0097960
v 0.1419410 -0.6503420 -0.0165960
v 0.1224630 -0.6560330 -0.0190820
v -0.1229620 -0.6575390 -0.0192370
v -0.1415650 -0.6521180 -0.0174850
v -0.1629980 -0.6564140 -0.0091270
v -0.1815960 -0.6510370 -0.0061870
v 0.1364860 -0.6698130 -0.0072190
v 0.1174200 -0.6757000 -0.0085490
v 0.1031720 -0.6715010 -0.0143190
v 0.0890690 -0.6672960 -0.0196610
v 0.0727630 -0.6714350 -0.0192540
v 0.0515750 -0.6749270 -0.0196000
v -0.0522160 -0.6756160 -0.0198840
v -0.0672990 -0.6731350 -0.0192250
v -0.0857500 -0.6716960 -0.0179130
v -0.1076330 -0.6720320 -0.0141090
v -0.1299870 -0.6718170 -0.0095170
v -0.1465960 -0.6689640 -0.0070520
v 0.0837950 -0.6863820 -0.0084750
v 0.0631900 -0.6895260 -0.0097370
v 0.0487580 -0.6933370 -0.0091580
v 0.0347220 -0.6903330 -0.0119920
v 0.0165320 -0.6895060 -0.0137870
v -0.0018290 -0.6897110 -0.0141520
v -0.0200130 -0.6892650 -0.0142940
v -0.0398110 -0.6871470 -0.0142160
v -0.0593750 -0.6903570 -0.0098980
v -0.0779910 -0.6895910 -0.0081400
v -0.0934170 -0.6862030 -0.0080730
v 0.0206590 0.7816710 -0.0249110
v 0.0051630 0.7842750 -0.0251400
v 0.0550430 0.7638920 -0.0207620
v 0.0350180 0.7667980 -0.0295550
v -0.0161230 0.7824300 -0.0247150
v -0.0360120 0.7670850 -0.0307040
v 0.0127710 0.7674780 -0.0352290
v -0.0056270 0.7670430 -0.0362160
v -0.0216980 0.7632940 -0.0371330
v -0.0529910 0.7694980 -0.0220320
v 0.0689370 0.7333160 -0.0296600
v 0.0528510 0.7494230 -0.0316260
v -0.0530430 0.7517560 -0.0334490
v -0.0664470 0.7560800 -0.0228580
v 0.0850270 0.7165340 -0.0243090
v -0.0716440 0.7378710 -0.0294450
v -0.0830600 0.7181400 -0.0307110
v 0.0967410 0.6845640 -0.0270540
v 0.0850270 0.6992660 -0.0336010
v -0.0921430 0.6994910 -0.0318260
v -0.0997720 0.6812600 -0.0321610
v 0.1017970 0.6657330 -0.0273430
v -0.1064790 0.6636160 -0.0321610
v 0.1022680 0.6426640 -0.0333660
v -0.1112270 0.6460130 -0.0323560
v 0.1089770 0.6230840 -0.0295230
v -0.1138350 0.6282700 -0.0325520
v 0.1142320 0.5932040 -0.0270560
v 0.1068860 0.6103890 -0.0366570
v -0.1161830 0.6106260 -0.0325520
v -0.1178920 0.5930510 -0.0325520
v 0.1130610 0.5771720 -0.0313140
v -0.1189500 0.5754760 -0.0325520
v 0.1131190 0.5587790 -0.0318730
v -0.1195190 0.5579010 -0.0325510
v 0.1126770 0.5403950 -0.0324820
v -0.1197820 0.5403810 -0.0320540
v 0.1119190 0.5225140 -0.0325930
v -0.1194940 0.5229460 -0.0311890
v 0.1107310 0.5049110 -0.0324260
v -0.1177450 0.5051900 -0.0322630
v 0.1093150 0.4875030 -0.0324540
v -0.1159370 0.4871620 -0.0323320
v 0.1068420 0.4700260 -0.0325510
v -0.1162760 0.4702650 -0.0264040
v 0.1039130 0.4524510 -0.0325510
v -0.1088370 0.4518170 -0.0356880
v 0.0996820 0.4348760 -0.0325510
v -0.1099620 0.4353640 -0.0246570
v 0.0940020 0.4173570 -0.0328860
v -0.1004770 0.4168690 -0.0302680
v 0.0867890 0.4003020 -0.0338450
v -0.0911620 0.3986240 -0.0315150
v 0.0767870 0.3863860 -0.0366190
v -0.0803080 0.3812160 -0.0315660
v 0.0677400 0.3682020 -0.0310720
v -0.0683560 0.3640310 -0.0329810
v 0.0543200 0.3485970 -0.0344000
v -0.0581290 0.3437830 -0.0355650
v 0.0541640 0.3206440 -0.0348520
v 0.0479190 0.3311680 -0.0407260
v -0.0614080 0.3245860 -0.0287430
v 0.2229880 0.3066040 -0.0608290
v 0.2070800 0.3117960 -0.0604130
v 0.1921800 0.3094000 -0.0567740
v 0.1745160 0.3079630 -0.0541240
v 0.1575640 0.3059770 -0.0521600
v 0.1444290 0.3027730 -0.0483780
v 0.1307450 0.3018640 -0.0503950
v 0.1131290 0.2988180 -0.0506760
v -0.0687090 0.3097090 -0.0314030
v 0.2370710 0.2939600 -0.0610060
v 0.2211280 0.2899750 -0.0541580
v 0.2044650 0.2958190 -0.0506680
v -0.0819560 0.2926090 -0.0326050
v 0.2089370 0.2773340 -0.0496650
v 0.1909670 0.2778130 -0.0433250
v -0.1185630 0.2652230 -0.0306680
v -0.2459800 0.2752710 -0.0539580
v -0.2677260 0.2706670 -0.0546400
v -0.2864940 0.2704060 -0.0619130
v 0.1962100 0.2646860 -0.0474720
v 0.1776720 0.2590790 -0.0428220
v -0.2820330 0.2577380 -0.0530580
v -0.2981600 0.2586920 -0.0636540
v 0.1606960 0.2463180 -0.0429360
v 0.1415600 0.2400300 -0.0360390
v -0.2771470 0.2456420 -0.0484820
v 0.1233900 0.2199760 -0.0299430
v -0.2388490 0.2256070 -0.0337070
v -0.2573640 0.2271770 -0.0433500
v 0.1202380 0.2007530 -0.0285700
v -0.2274640 0.2114760 -0.0359910
v 0.1226490 0.1844610 -0.0345900
v -0.1602780 0.1846320 -0.0350570
v -0.1797810 0.1953440 -0.0317960
v -0.2006770 0.1989000 -0.0356390
v -0.2158540 0.2019100 -0.0389150
v -0.1471770 0.1705880 -0.0415870
v 0.1314820 0.1480140 -0.0272220
v -0.1412990 0.1541370 -0.0341470
v 0.1328440 0.1344230 -0.0307750
v -0.1402320 0.1350870 -0.0306080
v 0.1347360 0.1170810 -0.0317700
v -0.1427850 0.1173480 -0.0252880
v 0.1380140 0.0995300 -0.0324250
v 0.1453040 0.0808390 -0.0363590
v -0.1560040 0.0831940 -0.0331700
v 0.2299420 0.0543380 -0.0563460
v 0.2154590 0.0556260 -0.0542960
v 0.1975910 0.0564490 -0.0524200
v 0.1762490 0.0593670 -0.0481330
v -0.1611320 0.0704640 -0.0299800
v -0.1703680 0.0665950 -0.0484440
v -0.1864210 0.0587260 -0.0500410
v -0.2045360 0.0553050 -0.0511200
v -0.2235290 0.0544960 -0.0527220
v -0.2440270 0.0543870 -0.0565880
v 0.2548500 0.0441550 -0.0617490
v 0.2373020 0.0449550 -0.0524800
v -0.2635740 0.0494830 -0.0555050
v -0.2806810 0.0404690 -0.0562180
v 0.2429790 0.0309870 -0.0518850
v 0.2263580 0.0312570 -0.0447590
v -0.2768020 0.0267170 -0.0491460
v -0.2949460 0.0260080 -0.0599770
v 0.2309710 0.0196050 -0.0488840
v 0.2156050 0.0162850 -0.0444920
v 0.1952510 0.0121640 -0.0408470
v -0.2604480 0.0174690 -0.0432580
v 0.1785310 -0.0003190 -0.0418850
v 0.1606330 -0.0073860 -0.0335010
v -0.1923410 -0.0019540 -0.0301180
v -0.2114650 -0.0029050 -0.0378620
v -0.2273320 -0.0045270 -0.0428700
v -0.2441880 0.0015270 -0.0438950
v 0.1452910 -0.0273190 -0.0272800
v -0.1766700 -0.0168190 -0.0333540
v 0.1403560 -0.0437620 -0.0270490
v -0.1623000 -0.0363030 -0.0369690
v 0.1383140 -0.0567600 -0.0305330
v -0.1544970 -0.0563200 -0.0330200
v 0.1363310 -0.0741560 -0.0317510
v -0.1521160 -0.0737280 -0.0305050
v 0.1372740 -0.0928400 -0.0332120
v 0.1445970 -0.1130840 -0.0358440
v 0.2958770 -0.1421010 -0.0508210
v -0.1466610 -0.1228320 -0.0281450
v 0.3257720 -0.1598630 -0.0502000
v -0.2046300 -0.1605620 -0.0497530
v 0.3323120 -0.1707090 -0.0472210
v 0.3268780 -0.1808160 -0.0383090
v 0.3286870 -0.1975050 -0.0405950
v 0.3305710 -0.2153220 -0.0429740
v 0.2805090 -0.2107840 -0.0352810
v 0.2576070 -0.2065290 -0.0358610
v 0.2388740 -0.2051080 -0.0353980
v 0.2204990 -0.2043880 -0.0343940
v 0.2019480 -0.2043880 -0.0334990
v 0.1838100 -0.2047970 -0.0329370
v 0.1665000 -0.2049990 -0.0324530
v 0.1491570 -0.2065800 -0.0325700
v 0.1316730 -0.2129270 -0.0337410
v -0.2506000 -0.2154950 -0.0378210
v 0.3329330 -0.2324600 -0.0448690
v 0.2790960 -0.2301000 -0.0557730
v 0.1152150 -0.2256380 -0.0338270
v -0.1249140 -0.2367520 -0.0336610
v -0.1449610 -0.2255740 -0.0293170
v -0.1672770 -0.2243130 -0.0313440
v -0.1834270 -0.2248540 -0.0290330
v -0.1998700 -0.2335990 -0.0317730
v -0.2585450 -0.2327640 -0.0497860
v 0.3362630 -0.2461220 -0.0478460
v 0.3221600 -0.2488870 -0.0439360
v 0.3050920 -0.2493890 -0.0454910
v 0.1030010 -0.2430830 -0.0339070
v -0.1109300 -0.2502280 -0.0393750
v -0.2152720 -0.2508940 -0.0353240
v -0.2572440 -0.2471040 -0.0479210
v 0.3310920 -0.2636980 -0.0505690
v 0.3122720 -0.2664480 -0.0491070
v 0.2967570 -0.2677170 -0.0562390
v 0.0926000 -0.2636820 -0.0358030
v -0.1020640 -0.2663800 -0.0277990
v -0.2139710 -0.2679820 -0.0408420
v -0.2614270 -0.2653840 -0.0549920
v 0.3195730 -0.2799560 -0.0535410
v 0.0853380 -0.2863870 -0.0296160
v -0.0957910 -0.2809510 -0.0360660
v -0.2127600 -0.2846920 -0.0447760
v -0.2600860 -0.2851670 -0.0542050
v 0.0871390 -0.3161790 -0.0317900
v 0.0839420 -0.3015540 -0.0313900
v -0.0918370 -0.3030590 -0.0353010
v -0.2101760 -0.2982450 -0.0490180
v -0.2237240 -0.3018730 -0.0445230
v -0.2405500 -0.3030350 -0.0458850
v 0.1449620 -0.3442960 -0.0231350
v 0.1285030 -0.3403680 -0.0257980
v 0.1051530 -0.3366060 -0.0315360
v 0.0739800 -0.3236810 -0.0434150
v -0.0787970 -0.3214610 -0.0439460
v -0.0913730 -0.3211350 -0.0365970
v -0.1053750 -0.3239790 -0.0306100
v -0.1236070 -0.3403040 -0.0313960
v -0.2347590 -0.3200480 -0.0498420
v -0.2518070 -0.3207770 -0.0563200
v 0.1583070 -0.3574420 -0.0257740
v 0.0844990 -0.3340540 -0.0396520
v -0.0915330 -0.3367370 -0.0410540
v -0.1086260 -0.3428660 -0.0381420
v -0.1416430 -0.3388670 -0.0230410
v -0.2287100 -0.3374550 -0.0554350
v -0.2462620 -0.3382820 -0.0592610
v 0.1747490 -0.3738640 -0.0269560
v 0.1389960 -0.3594670 -0.0342990
v 0.1204940 -0.3529620 -0.0363230
v -0.1406960 -0.3575560 -0.0348440
v -0.1591900 -0.3562750 -0.0262290
v 0.1920310 -0.3911460 -0.0253100
v 0.1575260 -0.3747940 -0.0355270
v -0.1576910 -0.3749040 -0.0365190
v -0.1761830 -0.3737800 -0.0277400
v 0.2096060 -0.4087210 -0.0210790
v 0.1745810 -0.3914110 -0.0349860
v -0.1736090 -0.3919970 -0.0368530
v -0.1920800 -0.3911880 -0.0276840
v 0.1920310 -0.4087210 -0.0316570
v -0.1867240 -0.4093580 -0.0366470
v -0.2059130 -0.4087870 -0.0267970
v 0.2096060 -0.4262960 -0.0257990
v 0.1920310 -0.4262960 -0.0358880
v -0.1974420 -0.4269890 -0.0364700
v -0.2161830 -0.4267050 -0.0267020
v 0.2096060 -0.4438710 -0.0288910
v 0.1920310 -0.4438710 -0.0387360
v -0.2050380 -0.4442330 -0.0362440
v -0.2228120 -0.4438650 -0.0265060
v 0.2255680 -0.4796620 -0.0230740
v 0.2090480 -0.4615150 -0.0319010
v -0.2097110 -0.4614040 -0.0360020
v -0.2277280 -0.4609850 -0.0256340
v 0.2071880 -0.4791600 -0.0345050
v -0.2116360 -0.4789510 -0.0355630
v -0.2294670 -0.4788810 -0.0251480
v 0.2214340 -0.4973350 -0.0257270
v 0.2030690 -0.4964280 -0.0358530
v -0.2121940 -0.4965960 -0.0350740
v -0.2297690 -0.4965960 -0.0245780
v 0.2157850 -0.5141430 -0.0276450
v 0.1976100 -0.5134040 -0.0366530
v -0.2121940 -0.5141710 -0.0333660
v -0.2297690 -0.5141710 -0.0235210
v 0.2105820 -0.5309650 -0.0280280
v 0.1923460 -0.5315270 -0.0363870
v -0.1946190 -0.5317460 -0.0389800
v -0.2121940 -0.5317460 -0.0310060
v -0.2297690 -0.5317460 -0.0213240
v 0.2071410 -0.5491680 -0.0268250
v 0.1871380 -0.5522320 -0.0354790
v -0.1946190 -0.5493210 -0.0352370
v -0.2121940 -0.5493210 -0.0280770
v 0.2015140 -0.5672420 -0.0258870
v 0.1888920 -0.5677030 -0.0318650
v 0.1744510 -0.5694310 -0.0364140
v -0.1771130 -0.5669650 -0.0376200
v -0.1948560 -0.5669370 -0.0314110
v -0.2124590 -0.5667700 -0.0239340
v 0.1883180 -0.5824920 -0.0275330
v 0.1739480 -0.5845600 -0.0325220
v 0.1585240 -0.5863360 -0.0365750
v -0.1597340 -0.5843450 -0.0382060
v -0.1776390 -0.5848710 -0.0322720
v -0.1957310 -0.5842160 -0.0269600
v 0.1719590 -0.5998120 -0.0278860
v 0.1569110 -0.6018660 -0.0323280
v 0.1417010 -0.6035340 -0.0359730
v -0.1424460 -0.6010350 -0.0377720
v -0.1600920 -0.6022790 -0.0323950
v -0.1795700 -0.6044040 -0.0261470
v -0.1984850 -0.5981790 -0.0214210
v 0.1543960 -0.6168070 -0.0274660
v 0.1400540 -0.6186880 -0.0313750
v 0.1268750 -0.6191690 -0.0343390
v 0.1057890 -0.6212530 -0.0378210
v -0.1041420 -0.6219590 -0.0386880
v -0.1227310 -0.6170710 -0.0367040
v -0.1427310 -0.6189230 -0.0313430
v -0.1599950 -0.6199510 -0.0263250
v 0.1370120 -0.6338080 -0.0254350
v 0.1163360 -0.6367890 -0.0294000
v 0.1041220 -0.6368760 -0.0321330
v 0.0920020 -0.6363730 -0.0340310
v 0.0737290 -0.6365160 -0.0360540
v 0.0552340 -0.6369310 -0.0369810
v 0.0379060 -0.6363310 -0.0378830
v 0.0214000 -0.6362610 -0.0383250
v 0.0044620 -0.6369310 -0.0383640
v -0.0130110 -0.6371960 -0.0384110
v -0.0306600 -0.6372370 -0.0380990
v -0.0486300 -0.6375860 -0.0373550
v -0.0674600 -0.6370980 -0.0365880
v -0.0885550 -0.6342670 -0.0357600
v -0.1078870 -0.6365260 -0.0318550
v -0.1275800 -0.6385480 -0.0268620
v -0.1459780 -0.6334460 -0.0247190
v 0.1015750 -0.6515560 -0.0253580
v 0.0822190 -0.6534080 -0.0272780
v 0.0635900 -0.6547810 -0.0281910
v 0.0449960 -0.6540730 -0.0300440
v 0.0302900 -0.6501720 -0.0327260
v 0.0157320 -0.6534910 -0.0318440
v -0.0018560 -0.6545330 -0.0318080
v -0.0195290 -0.6545750 -0.0316970
v -0.0368380 -0.6546230 -0.0311730
v -0.0556290 -0.6574610 -0.0282520
v -0.0765730 -0.6546730 -0.0274750
v -0.0958260 -0.6538000 -0.0257330
v -0.1117060 -0.6517920 -0.0242280
v 0.0293890 -0.6693770 -0.0237050
v 0.0084880 -0.6716660 -0.0238630
v -0.0097370 -0.6720390 -0.0240110
v -0.0273530 -0.6713610 -0.0239200
v -0.0418400 -0.6691590 -0.0239690
v 0.0386280 0.7461330 -0.0408840
v 0.0223590 0.7496040 -0.0434610
v 0.0035880 0.7505560 -0.0451060
v -0.0146290 0.7494820 -0.0450640
v 0.0522400 0.7320330 -0.0418140
v -0.0348260 0.7469570 -0.0425290
v 0.0686720 0.7159360 -0.0391610
v 0.0334220 0.7292270 -0.0515820
v 0.0125750 0.7326600 -0.0540980
v -0.0059990 0.7331060 -0.0544420
v -0.0244480 0.7314890 -0.0536000
v -0.0404500 0.7284450 -0.0511540
v -0.0537820 0.7337480 -0.0425460
v 0.0519890 0.7144020 -0.0515260
v -0.0540190 0.7160750 -0.0518940
v -0.0674210 0.7212810 -0.0413230
v 0.0851700 0.6819340 -0.0403030
v 0.0686720 0.6984310 -0.0476350
v -0.0720760 0.7026370 -0.0472570
v 0.0688670 0.6807580 -0.0552990
v -0.0827870 0.6824220 -0.0481560
v 0.0856930 0.6633640 -0.0461210
v -0.0915050 0.6643110 -0.0485300
v 0.0976750 0.6277020 -0.0446920
v 0.0851590 0.6453610 -0.0535910
v -0.0968680 0.6470570 -0.0488270
v -0.1003080 0.6290690 -0.0497640
v 0.0957320 0.6149780 -0.0514240
v -0.1033620 0.6108350 -0.0501270
v 0.1011320 0.5966020 -0.0469800
v -0.1056050 0.5930510 -0.0501270
v 0.1010600 0.5763540 -0.0493660
v -0.1078840 0.5754760 -0.0501270
v 0.1009720 0.5579010 -0.0501270
v -0.1096740 0.5579010 -0.0501270
v 0.1008110 0.5395860 -0.0505030
v -0.1104390 0.5403540 -0.0496340
v 0.1013650 0.5214120 -0.0497360
v -0.1111800 0.5235740 -0.0480530
v 0.1007880 0.5042410 -0.0491410
v -0.1118610 0.5097790 -0.0452610
v 0.0985260 0.4874060 -0.0497690
v -0.1053400 0.4912730 -0.0517470
v 0.0961830 0.4700260 -0.0501260
v -0.1038390 0.4676350 -0.0480660
v 0.0931720 0.4524510 -0.0501260
v -0.0980460 0.4478410 -0.0514810
v 0.0899180 0.4348760 -0.0501260
v -0.0993890 0.4334390 -0.0429200
v 0.0834130 0.4173570 -0.0503910
v -0.0865190 0.4135230 -0.0497480
v 0.0750370 0.4002700 -0.0507120
v -0.0803460 0.3949720 -0.0450100
v 0.0648080 0.3830810 -0.0494240
v -0.0687770 0.3816350 -0.0482110
v 0.0518750 0.3652550 -0.0486140
v -0.0543970 0.3655070 -0.0508580
v 0.0404380 0.3474240 -0.0501860
v 0.0231670 0.3464610 -0.0627120
v -0.0236190 0.3421730 -0.0639620
v -0.0406990 0.3482570 -0.0556060
v 0.2300490 0.3184490 -0.0721890
v 0.2162640 0.3196750 -0.0705210
v 0.2003480 0.3201960 -0.0702300
v 0.1831360 0.3184550 -0.0692250
v 0.1651150 0.3155210 -0.0678330
v 0.0518250 0.3124220 -0.0509050
v 0.0344660 0.3292850 -0.0561090
v -0.0377160 0.3275960 -0.0606600
v -0.0557550 0.3246180 -0.0457370
v 0.2710950 0.3131440 -0.0818450
v 0.2556290 0.3146970 -0.0770410
v 0.2416950 0.3100330 -0.0690380
v 0.0939380 0.2965830 -0.0500220
v 0.0734140 0.3000890 -0.0491570
v -0.0700610 0.3028930 -0.0477930
v 0.2565920 0.2986540 -0.0705770
v -0.0862720 0.2855410 -0.0488290
v -0.1411500 0.2660110 -0.0501960
v -0.1591150 0.2692890 -0.0495540
v -0.1766160 0.2716000 -0.0492840
v -0.1935630 0.2728090 -0.0499820
v -0.2110350 0.2742800 -0.0526680
v -0.2279310 0.2782480 -0.0588290
v -0.2276480 0.2802450 -0.0734480
v -0.2416520 0.2827820 -0.0698300
v -0.2593740 0.2830820 -0.0687410
v -0.2802350 0.2834750 -0.0729850
v 0.2460780 0.2828830 -0.0656660
v 0.2280570 0.2756530 -0.0593390
v -0.1038980 0.2712830 -0.0491540
v -0.1226730 0.2651000 -0.0499730
v -0.3029280 0.2763550 -0.0744310
v -0.3205770 0.2726300 -0.0823290
v 0.2093820 0.2617620 -0.0572410
v -0.3142080 0.2598770 -0.0752310
v 0.1912630 0.2519520 -0.0552490
v 0.1728510 0.2429160 -0.0540700
v -0.2907840 0.2436170 -0.0584480
v 0.1529750 0.2339620 -0.0552780
v 0.1335820 0.2238670 -0.0510660
v -0.2772100 0.2306470 -0.0536460
v 0.1215690 0.2044460 -0.0495660
v -0.2477690 0.2123500 -0.0502470
v -0.2666930 0.2177430 -0.0558910
v 0.1213610 0.1882990 -0.0496070
v -0.1556460 0.1848090 -0.0553180
v -0.1754260 0.1909080 -0.0510290
v -0.1943300 0.1936780 -0.0499440
v -0.2119280 0.1958880 -0.0505770
v -0.2289730 0.2020140 -0.0515270
v 0.1291630 0.1520770 -0.0432490
v 0.1227870 0.1734000 -0.0509730
v -0.1404860 0.1701890 -0.0595230
v -0.1395460 0.1534100 -0.0530150
v 0.1303740 0.1328540 -0.0505830
v -0.1393720 0.1354530 -0.0498890
v 0.1357220 0.1136780 -0.0454680
v -0.1428520 0.1140850 -0.0471260
v 0.1383510 0.0998320 -0.0502330
v -0.1472830 0.0942510 -0.0537950
v 0.1586460 0.0711030 -0.0523690
v 0.1443960 0.0846630 -0.0588740
v -0.1570640 0.0801630 -0.0477290
v 0.2643610 0.0536290 -0.0737760
v 0.2465690 0.0563540 -0.0678200
v -0.2594130 0.0570780 -0.0702630
v -0.2796640 0.0536750 -0.0716590
v 0.2744840 0.0416330 -0.0730840
v -0.3008370 0.0447920 -0.0712300
v -0.3196860 0.0415680 -0.0793970
v 0.2880140 0.0301320 -0.0813870
v 0.2742120 0.0265020 -0.0711400
v 0.2598870 0.0292270 -0.0627190
v -0.3148360 0.0291740 -0.0714380
v -0.3315540 0.0295700 -0.0828530
v 0.2439170 0.0162570 -0.0587620
v -0.2799320 0.0129380 -0.0537580
v -0.2943470 0.0103910 -0.0633630
v 0.2237820 0.0061710 -0.0572640
v 0.2062320 0.0042480 -0.0504590
v 0.1904920 -0.0036280 -0.0524450
v -0.2642040 0.0003880 -0.0539870
v 0.1709490 -0.0130010 -0.0545860
v 0.1527090 -0.0248800 -0.0485140
v -0.1761540 -0.0259650 -0.0549310
v -0.1974300 -0.0148840 -0.0484540
v -0.2190660 -0.0127640 -0.0520380
v -0.2365250 -0.0113610 -0.0541260
v -0.2513290 -0.0090010 -0.0565560
v 0.1430210 -0.0409270 -0.0414790
v -0.1590560 -0.0400580 -0.0585940
v 0.1384850 -0.0567840 -0.0479830
v -0.1529720 -0.0557470 -0.0518000
v 0.1364820 -0.0746580 -0.0500560
v -0.1493830 -0.0743320 -0.0489860
v 0.1379950 -0.0927470 -0.0520660
v -0.1489100 -0.0914730 -0.0425550
v 0.2791660 -0.1364710 -0.0511810
v 0.2617120 -0.1346420 -0.0510190
v 0.2441690 -0.1339330 -0.0508090
v 0.2268220 -0.1338350 -0.0507610
v 0.2095080 -0.1339330 -0.0504840
v 0.1918440 -0.1336810 -0.0499860
v 0.1737890 -0.1314250 -0.0494330
v 0.1565090 -0.1235530 -0.0511500
v 0.1429200 -0.1094160 -0.0582390
v -0.1452580 -0.1133190 -0.0505320
v 0.3120010 -0.1496990 -0.0508210
v -0.1498730 -0.1306820 -0.0456040
v -0.1592450 -0.1419850 -0.0493620
v -0.1755470 -0.1499280 -0.0506390
v -0.1903320 -0.1535290 -0.0533180
v -0.2244790 -0.1720120 -0.0469370
v 0.3371340 -0.1831340 -0.0501320
v -0.2421380 -0.1855840 -0.0516900
v 0.3401980 -0.1996440 -0.0524360
v -0.2530790 -0.2006620 -0.0586670
v 0.3513390 -0.2240170 -0.0678470
v 0.3432110 -0.2174840 -0.0539960
v 0.2636570 -0.2154100 -0.0517620
v 0.2457840 -0.2102830 -0.0509080
v 0.2277380 -0.2089000 -0.0506140
v 0.2099080 -0.2087490 -0.0502890
v 0.1919420 -0.2086560 -0.0498890
v 0.1742000 -0.2085170 -0.0486190
v 0.1594530 -0.2090180 -0.0453390
v 0.1446490 -0.2093610 -0.0493660
v 0.1243910 -0.2140780 -0.0533520
v -0.2581840 -0.2158660 -0.0530830
v 0.3457840 -0.2344460 -0.0543120
v 0.1080920 -0.2305590 -0.0509050
v -0.1216920 -0.2358340 -0.0544810
v -0.1406530 -0.2303420 -0.0496000
v -0.1602610 -0.2291810 -0.0484030
v -0.1816900 -0.2352180 -0.0456560
v 0.3463530 -0.2505140 -0.0564740
v 0.2901790 -0.2494020 -0.0546400
v 0.0970310 -0.2478350 -0.0511360
v -0.1075380 -0.2483350 -0.0547340
v -0.1996490 -0.2508720 -0.0443220
v 0.3468630 -0.2671590 -0.0614230
v 0.2862160 -0.2679820 -0.0694440
v 0.0884740 -0.2620330 -0.0541380
v -0.0983230 -0.2647820 -0.0477930
v -0.2014730 -0.2679680 -0.0518510
v -0.2688500 -0.2688050 -0.0741450
v 0.3334730 -0.2826980 -0.0576560
v 0.3054050 -0.2845350 -0.0585910
v 0.0818780 -0.2783210 -0.0496790
v -0.0860000 -0.2846020 -0.0499820
v -0.2015730 -0.2847850 -0.0553650
v -0.2699680 -0.2854040 -0.0699090
v 0.3361730 -0.2971190 -0.0643300
v 0.3192330 -0.2981850 -0.0615830
v 0.2999180 -0.3053760 -0.0714240
v 0.0730390 -0.3027260 -0.0458570
v -0.0729780 -0.3033250 -0.0520460
v -0.2010810 -0.3011250 -0.0596700
v -0.2567010 -0.3032020 -0.0544260
v 0.3308130 -0.3149540 -0.0696560
v 0.3133310 -0.3159000 -0.0696320
v 0.0709270 -0.3393040 -0.0468200
v 0.0570390 -0.3246350 -0.0527280
v -0.0573350 -0.3230420 -0.0552270
v -0.2150300 -0.3167100 -0.0529780
v -0.2660420 -0.3207490 -0.0690670
v 0.1085630 -0.3578620 -0.0415320
v 0.0893080 -0.3533650 -0.0449780
v 0.0571350 -0.3437270 -0.0522110
v 0.0418220 -0.3403320 -0.0561810
v 0.0234000 -0.3386590 -0.0598910
v 0.0052150 -0.3382820 -0.0613670
v -0.0132190 -0.3377050 -0.0614850
v -0.0348750 -0.3355800 -0.0593730
v -0.0524170 -0.3429120 -0.0543690
v -0.0710180 -0.3419070 -0.0490490
v -0.0859770 -0.3526560 -0.0480190
v -0.1010370 -0.3553810 -0.0451770
v -0.2116690 -0.3370940 -0.0610770
v -0.2608180 -0.3380630 -0.0699460
v 0.1435400 -0.3776380 -0.0413370
v 0.1252850 -0.3717860 -0.0435850
v 0.0693360 -0.3569040 -0.0516140
v 0.0509290 -0.3596900 -0.0562830
v 0.0311830 -0.3569030 -0.0584290
v 0.0131190 -0.3560660 -0.0595420
v -0.0047340 -0.3558570 -0.0598450
v -0.0230480 -0.3555400 -0.0593700
v -0.0414410 -0.3565860 -0.0577800
v -0.0595820 -0.3584040 -0.0555450
v -0.0751540 -0.3600250 -0.0530060
v -0.1208090 -0.3597930 -0.0421630
v -0.2093800 -0.3524700 -0.0662950
v -0.2230820 -0.3547190 -0.0618360
v -0.2398070 -0.3556900 -0.0631460
v 0.1576620 -0.3919270 -0.0417300
v 0.1053920 -0.3736350 -0.0489570
v 0.0848930 -0.3759380 -0.0543880
v 0.0661420 -0.3713330 -0.0569160
v -0.0906020 -0.3710380 -0.0537090
v -0.1089170 -0.3701590 -0.0496560
v -0.1211230 -0.3773750 -0.0494990
v -0.1382220 -0.3778200 -0.0446540
v -0.2325110 -0.3724700 -0.0684930
v -0.2485450 -0.3731020 -0.0747350
v 0.1745530 -0.4088180 -0.0398430
v 0.1405010 -0.3914850 -0.0468410
v 0.1225360 -0.3910940 -0.0505510
v 0.1047770 -0.3920860 -0.0552890
v -0.1076600 -0.3887550 -0.0561410
v -0.1282780 -0.3917210 -0.0525010
v -0.1404540 -0.3925510 -0.0494770
v -0.1541940 -0.3947950 -0.0452470
v 0.1571460 -0.4088460 -0.0463430
v 0.1395430 -0.4086790 -0.0504670
v 0.1219260 -0.4089160 -0.0554320
v -0.1386560 -0.4074150 -0.0538110
v -0.1546930 -0.4121010 -0.0500360
v -0.1688720 -0.4097210 -0.0442020
v 0.1744560 -0.4262960 -0.0430480
v 0.1568810 -0.4262960 -0.0489880
v 0.1393060 -0.4262960 -0.0535450
v -0.1460870 -0.4262620 -0.0553980
v -0.1614110 -0.4234270 -0.0501550
v -0.1767030 -0.4289820 -0.0452620
v 0.1913800 -0.4614460 -0.0404450
v 0.1744560 -0.4438710 -0.0454890
v 0.1568810 -0.4438710 -0.0505340
v 0.1393060 -0.4438710 -0.0555790
v -0.1562720 -0.4417560 -0.0544740
v -0.1714750 -0.4477370 -0.0501270
v -0.1870550 -0.4449830 -0.0439000
v 0.1738700 -0.4613480 -0.0472790
v 0.1565230 -0.4612510 -0.0515920
v 0.1392080 -0.4613480 -0.0563930
v -0.1578360 -0.4617010 -0.0554590
v -0.1747650 -0.4622270 -0.0498830
v -0.1920520 -0.4617110 -0.0435600
v 0.1894640 -0.4787560 -0.0421770
v 0.1723310 -0.4780860 -0.0479170
v 0.1558950 -0.4780860 -0.0519040
v 0.1391110 -0.4788260 -0.0564740
v -0.1590410 -0.4791460 -0.0552300
v -0.1764580 -0.4791180 -0.0493950
v -0.1939680 -0.4790210 -0.0432110
v 0.1851310 -0.4952570 -0.0430110
v 0.1696740 -0.4918420 -0.0482020
v 0.1563510 -0.4953960 -0.0511830
v 0.1386310 -0.4970600 -0.0559890
v -0.1594690 -0.4965960 -0.0537890
v -0.1770440 -0.4965960 -0.0485810
v -0.1946190 -0.4965960 -0.0424790
v 0.1762410 -0.5107390 -0.0444360
v 0.1563080 -0.5142030 -0.0500840
v 0.1360900 -0.5179350 -0.0550800
v -0.1419910 -0.5140730 -0.0574180
v -0.1594690 -0.5141710 -0.0517550
v -0.1770440 -0.5141710 -0.0472790
v -0.1946190 -0.5141710 -0.0409330
v 0.1729390 -0.5317640 -0.0434350
v 0.1548810 -0.5323630 -0.0489400
v 0.1416110 -0.5361310 -0.0514300
v 0.1237850 -0.5358560 -0.0555490
v -0.1420190 -0.5314810 -0.0542700
v -0.1594690 -0.5317460 -0.0497210
v -0.1770440 -0.5317460 -0.0448390
v 0.1663110 -0.5492090 -0.0431230
v 0.1514780 -0.5459880 -0.0480780
v 0.1387480 -0.5495240 -0.0500600
v 0.1256490 -0.5535500 -0.0517100
v 0.1075860 -0.5529730 -0.0555430
v -0.1245740 -0.5482090 -0.0555170
v -0.1418520 -0.5490840 -0.0510250
v -0.1594690 -0.5493210 -0.0470350
v -0.1770440 -0.5493210 -0.0415030
v 0.1521460 -0.5635060 -0.0440950
v 0.1350530 -0.5628100 -0.0484250
v 0.1217310 -0.5668960 -0.0499840
v 0.1083310 -0.5710990 -0.0513210
v 0.0907200 -0.5700780 -0.0548800
v -0.0857640 -0.5691960 -0.0573380
v -0.1044020 -0.5642090 -0.0555640
v -0.1241550 -0.5663420 -0.0511630
v -0.1420890 -0.5667000 -0.0476210
v -0.1595660 -0.5667980 -0.0430160
v 0.1354380 -0.5806030 -0.0439390
v 0.1176670 -0.5806020 -0.0479800
v 0.1038850 -0.5850370 -0.0491650
v 0.0902650 -0.5879880 -0.0503780
v 0.0762320 -0.5842570 -0.0532350
v 0.0581540 -0.5837310 -0.0552070
v 0.0399000 -0.5843310 -0.0558110
v 0.0221390 -0.5844710 -0.0559860
v 0.0045640 -0.5844710 -0.0559860
v -0.0130110 -0.5844710 -0.0559860
v -0.0306780 -0.5844010 -0.0559620
v -0.0488390 -0.5838150 -0.0557670
v -0.0693780 -0.5815300 -0.0552840
v -0.0884250 -0.5839810 -0.0522420
v -0.1070180 -0.5842200 -0.0498810
v -0.1253750 -0.5839920 -0.0470390
v -0.1426750 -0.5836900 -0.0431140
v 0.1185500 -0.5990240 -0.0423190
v 0.0976470 -0.6015570 -0.0457080
v 0.0833040 -0.5983780 -0.0487440
v 0.0693360 -0.6009110 -0.0492070
v 0.0516120 -0.6017390 -0.0498250
v 0.0338560 -0.6020460 -0.0501270
v 0.0162810 -0.6020460 -0.0501270
v -0.0012940 -0.6020460 -0.0501270
v -0.0188690 -0.6020460 -0.0501270
v -0.0366300 -0.6019060 -0.0500810
v -0.0549250 -0.6014880 -0.0497790
v -0.0733420 -0.6013200 -0.0489090
v -0.0912980 -0.6015730 -0.0473660
v -0.1100220 -0.6036780 -0.0438570
v -0.1283570 -0.5981500 -0.0422170
v 0.0836100 -0.6165100 -0.0422520
v 0.0631190 -0.6189410 -0.0433440
v 0.0450800 -0.6194530 -0.0438970
v 0.0276400 -0.6194250 -0.0441880
v 0.0103250 -0.6195230 -0.0442690
v -0.0071520 -0.6196210 -0.0442690
v -0.0247270 -0.6196210 -0.0442690
v -0.0424650 -0.6196210 -0.0441060
v -0.0606490 -0.6193840 -0.0435390
v -0.0788880 -0.6186360 -0.0426850
v -0.0939860 -0.6161610 -0.0421950
v 0.0380960 0.7104680 -0.0595840
v 0.0220650 0.7140110 -0.0619040
v 0.0034760 0.7156290 -0.0629740
v -0.0150940 0.7150150 -0.0625320
v 0.0519890 0.6968270 -0.0589540
v -0.0358300 0.7118070 -0.0603690
v 0.0335610 0.6940770 -0.0687240
v 0.0129940 0.6974400 -0.0711850
v -0.0057160 0.6979150 -0.0716940
v -0.0243370 0.6964500 -0.0709400
v -0.0400710 0.6933120 -0.0686110
v -0.0537030 0.6983470 -0.0603560
v 0.0689690 0.6630160 -0.0614180
v 0.0521430 0.6794050 -0.0669300
v -0.0527140 0.6804130 -0.0692930
v -0.0668360 0.6853490 -0.0589770
v -0.0704710 0.6642650 -0.0650540
v 0.0842380 0.6288980 -0.0603650
v 0.0685140 0.6456360 -0.0689520
v -0.0737630 0.6445330 -0.0709550
v -0.0841120 0.6500490 -0.0602890
v -0.0835930 0.6323050 -0.0661000
v 0.0847450 0.6119650 -0.0642840
v -0.0869180 0.6118890 -0.0669020
v 0.0857540 0.5937900 -0.0655350
v -0.0904250 0.5932600 -0.0670510
v 0.0859310 0.5755450 -0.0667370
v -0.0940510 0.5754760 -0.0670510
v 0.0858890 0.5572590 -0.0677690
v -0.0968180 0.5579010 -0.0670510
v 0.0854380 0.5367150 -0.0693180
v -0.0987710 0.5401860 -0.0667480
v 0.0917650 0.5179970 -0.0628220
v -0.0999730 0.5225560 -0.0651630
v 0.0887340 0.5043110 -0.0654140
v -0.1017540 0.5065930 -0.0603820
v 0.0855330 0.4876430 -0.0670340
v -0.0939370 0.4914910 -0.0692820
v 0.0832460 0.4700260 -0.0677020
v -0.0883330 0.4727350 -0.0702770
v 0.0803560 0.4522140 -0.0675060
v -0.0873330 0.4517200 -0.0660660
v 0.0761880 0.4344710 -0.0671480
v -0.0864870 0.4333690 -0.0605060
v 0.0698200 0.4165620 -0.0669390
v -0.0709300 0.4168220 -0.0696710
v 0.0603800 0.3986520 -0.0656490
v -0.0698560 0.3989730 -0.0600670
v 0.0492740 0.3814530 -0.0636400
v -0.0538940 0.3844520 -0.0649210
v 0.0355440 0.3645430 -0.0618300
v 0.0174530 0.3653810 -0.0719190
v -0.0197870 0.3597990 -0.0691870
v -0.0372110 0.3715000 -0.0674530
v 0.0155340 0.3253690 -0.0682650
v -0.0014860 0.3454670 -0.0686420
v 0.2939500 0.3341420 -0.0995500
v 0.2787850 0.3286970 -0.0929460
v 0.2615720 0.3257910 -0.0881280
v 0.2422900 0.3232770 -0.0833380
v 0.1449840 0.3106940 -0.0647030
v 0.1252500 0.3057410 -0.0669170
v 0.0476610 0.3013110 -0.0674900
v 0.0342550 0.3123060 -0.0662100
v -0.0035500 0.3235760 -0.0724900
v -0.0193170 0.3269780 -0.0683280
v -0.0347520 0.3100770 -0.0713890
v 0.1067780 0.2989530 -0.0675340
v 0.0852700 0.2920950 -0.0682590
v 0.0631610 0.2969150 -0.0647580
v -0.0534720 0.3088210 -0.0610060
v 0.2757120 0.2964920 -0.0827450
v -0.0698600 0.2901720 -0.0637680
v -0.1490780 0.2637730 -0.0647010
v -0.1674190 0.2687720 -0.0646380
v -0.1826850 0.2726430 -0.0623230
v -0.1967250 0.2737360 -0.0662420
v -0.2136810 0.2766560 -0.0695560
v -0.2970560 0.2935370 -0.0901890
v -0.3207160 0.2889880 -0.0905590
v -0.3376520 0.2882720 -0.0985920
v 0.2595040 0.2811070 -0.0762880
v 0.0691580 0.2829990 -0.0777240
v -0.0868230 0.2739010 -0.0648150
v -0.1050900 0.2592970 -0.0666660
v -0.1287490 0.2573640 -0.0654440
v -0.3330660 0.2757330 -0.0921320
v 0.2424820 0.2697760 -0.0722080
v 0.2243680 0.2596160 -0.0707430
v -0.3276900 0.2608460 -0.0873780
v 0.2045880 0.2492900 -0.0722800
v 0.1845260 0.2411770 -0.0686610
v -0.1145630 0.2429900 -0.0756390
v -0.1299050 0.2447640 -0.0759610
v -0.3069800 0.2446530 -0.0708870
v 0.1676670 0.2351630 -0.0686770
v 0.1539560 0.2312770 -0.0723370
v 0.1394910 0.2277950 -0.0691380
v 0.1226200 0.2197370 -0.0683730
v -0.2959020 0.2301210 -0.0695090
v 0.1157250 0.1897780 -0.0614630
v 0.1096670 0.2068030 -0.0720180
v -0.1237140 0.2003380 -0.0799540
v -0.2440610 0.2047330 -0.0711310
v -0.2645220 0.2105480 -0.0691270
v -0.2813310 0.2183780 -0.0692300
v -0.1217660 0.1834210 -0.0783270
v -0.1387430 0.1879100 -0.0694710
v -0.1545360 0.1964790 -0.0694050
v -0.1695400 0.1964850 -0.0670670
v -0.1902900 0.1977230 -0.0683950
v -0.2063850 0.1951700 -0.0630230
v -0.2224450 0.1987870 -0.0668010
v 0.1131940 0.1764070 -0.0678670
v -0.1274950 0.1700480 -0.0736030
v 0.1184810 0.1568050 -0.0645320
v -0.1303590 0.1534400 -0.0694540
v 0.1302610 0.1172480 -0.0610090
v 0.1187050 0.1360640 -0.0716040
v -0.1320030 0.1359630 -0.0674810
v -0.1334820 0.1176060 -0.0666550
v 0.1317510 0.1009900 -0.0678550
v -0.1370350 0.0983430 -0.0677230
v 0.2289660 0.0608560 -0.0688610
v 0.2114050 0.0617630 -0.0684890
v 0.1928670 0.0628050 -0.0676080
v 0.1742050 0.0655500 -0.0684870
v 0.1539580 0.0710400 -0.0737630
v 0.1347320 0.0847520 -0.0763410
v -0.1460560 0.0774240 -0.0709060
v -0.1623950 0.0703730 -0.0630370
v -0.1763750 0.0630850 -0.0658050
v -0.1941580 0.0598500 -0.0671960
v -0.2125140 0.0589920 -0.0681010
v -0.2302660 0.0589830 -0.0695090
v -0.2447820 0.0588680 -0.0729060
v 0.2788890 0.0551370 -0.0871750
v -0.1445370 0.0644590 -0.0823710
v -0.2954160 0.0556660 -0.0831890
v -0.3131750 0.0531850 -0.0904320
v 0.2931560 0.0446520 -0.0894430
v -0.3327000 0.0437740 -0.0922350
v 0.3036960 0.0318870 -0.0961020
v -0.3454920 0.0290310 -0.0967740
v 0.2801590 0.0180670 -0.0794080
v 0.2625220 0.0135510 -0.0725840
v -0.3090060 0.0137140 -0.0705850
v -0.3254970 0.0147260 -0.0808630
v 0.2401630 0.0037600 -0.0737310
v 0.2216430 -0.0014920 -0.0727480
v 0.2051830 -0.0045200 -0.0657640
v -0.2826050 -0.0003630 -0.0679720
v -0.3004990 0.0032950 -0.0738320
v 0.1857590 -0.0110600 -0.0680120
v 0.1715030 -0.0158040 -0.0721700
v 0.1570150 -0.0216840 -0.0683990
v -0.1650290 -0.0280950 -0.0710940
v -0.1788150 -0.0212000 -0.0721670
v -0.1928360 -0.0187130 -0.0682540
v -0.2109710 -0.0163860 -0.0674960
v -0.2291870 -0.0155080 -0.0684380
v -0.2463480 -0.0138810 -0.0690680
v -0.2632540 -0.0088990 -0.0687770
v -0.2752330 -0.0059110 -0.0856570
v 0.1417430 -0.0367710 -0.0637620
v -0.1501420 -0.0401400 -0.0746610
v 0.1324240 -0.0561220 -0.0665180
v -0.1483890 -0.0529310 -0.0663210
v 0.1304610 -0.0746580 -0.0674570
v -0.1399070 -0.0717370 -0.0691590
v 0.1314210 -0.0922510 -0.0694360
v -0.1387770 -0.0957870 -0.0645030
v 0.2893330 -0.1422170 -0.0663870
v 0.2719780 -0.1395450 -0.0669710
v 0.2540080 -0.1381570 -0.0670500
v 0.2362930 -0.1379360 -0.0670500
v 0.2187180 -0.1379360 -0.0670500
v 0.2011430 -0.1379360 -0.0668060
v 0.1835310 -0.1370900 -0.0660790
v 0.1662490 -0.1337750 -0.0658290
v 0.1479020 -0.1261230 -0.0693180
v 0.1332890 -0.1090130 -0.0738220
v -0.1350720 -0.1164580 -0.0701030
v 0.3218430 -0.1586850 -0.0657910
v 0.3059080 -0.1483970 -0.0662960
v 0.1329770 -0.1234110 -0.0795340
v -0.1431410 -0.1347440 -0.0660210
v -0.1612850 -0.1506100 -0.0665510
v -0.1816090 -0.1558310 -0.0648680
v 0.3354160 -0.1716060 -0.0622710
v -0.1438730 -0.1518710 -0.0764490
v -0.1967470 -0.1590360 -0.0624160
v -0.2125130 -0.1702570 -0.0657150
v -0.2313000 -0.1789540 -0.0619480
v 0.3428770 -0.1870200 -0.0626040
v -0.2433830 -0.1911720 -0.0671620
v 0.3467350 -0.2030220 -0.0696180
v 0.1399270 -0.2015100 -0.0659650
v 0.1208340 -0.1988570 -0.0723120
v -0.2521950 -0.2041200 -0.0717100
v 0.2691800 -0.2194670 -0.0702660
v 0.2538620 -0.2089930 -0.0681620
v 0.2358860 -0.2056340 -0.0671720
v 0.2180670 -0.2049830 -0.0670500
v 0.2002600 -0.2047970 -0.0669810
v 0.1816620 -0.2041210 -0.0659910
v 0.1606300 -0.2040590 -0.0625770
v 0.1067110 -0.2151090 -0.0680570
v -0.1242250 -0.2213150 -0.0716130
v -0.2587540 -0.2166750 -0.0692540
v 0.3537330 -0.2392430 -0.0651060
v 0.2770690 -0.2352190 -0.0760560
v 0.0951510 -0.2326590 -0.0667710
v -0.1054360 -0.2372400 -0.0694960
v -0.1371780 -0.2250310 -0.0635110
v -0.1537540 -0.2238720 -0.0645220
v -0.1755860 -0.2287570 -0.0675560
v -0.2622570 -0.2335150 -0.0666290
v 0.3558650 -0.2525640 -0.0693660
v 0.2813670 -0.2503860 -0.0703980
v 0.0864290 -0.2497030 -0.0669470
v -0.0974900 -0.2539730 -0.0625250
v -0.1910770 -0.2488390 -0.0638340
v -0.2641130 -0.2503010 -0.0621040
v 0.3574770 -0.2680150 -0.0746760
v 0.0769550 -0.2663810 -0.0662090
v -0.0858440 -0.2680880 -0.0637570
v -0.1935740 -0.2733210 -0.0809080
v -0.1947870 -0.2694230 -0.0672790
v 0.3479230 -0.2838140 -0.0673960
v 0.2918360 -0.2860270 -0.0700210
v 0.0666160 -0.2843600 -0.0643080
v -0.0709530 -0.2852690 -0.0650910
v -0.1940100 -0.2862100 -0.0697320
v 0.3476800 -0.3009060 -0.0741750
v 0.2871400 -0.3039370 -0.0861170
v 0.0520300 -0.3028290 -0.0636590
v -0.0554290 -0.3015980 -0.0657420
v -0.1929940 -0.3000290 -0.0723330
v -0.2688240 -0.3031320 -0.0688980
v 0.3473870 -0.3185090 -0.0802940
v 0.3032000 -0.3240690 -0.0773640
v 0.0362900 -0.3210520 -0.0620860
v 0.0171980 -0.3202990 -0.0671520
v -0.0012940 -0.3204050 -0.0686200
v -0.0199240 -0.3189580 -0.0684640
v -0.0384580 -0.3133190 -0.0669060
v -0.1980290 -0.3178150 -0.0682040
v -0.2736740 -0.3206510 -0.0849990
v 0.3352290 -0.3317530 -0.0784060
v 0.3175870 -0.3336030 -0.0778320
v 0.2996580 -0.3410320 -0.0887640
v -0.1979970 -0.3402940 -0.0748170
v 0.3307640 -0.3498490 -0.0864300
v 0.3132690 -0.3510110 -0.0869900
v 0.0561810 -0.3771310 -0.0601890
v 0.0412570 -0.3746390 -0.0610160
v 0.0235620 -0.3738080 -0.0616840
v 0.0058660 -0.3735710 -0.0618440
v -0.0118020 -0.3735010 -0.0618210
v -0.0296280 -0.3735990 -0.0615880
v -0.0477560 -0.3746870 -0.0608400
v -0.2029110 -0.3585310 -0.0747430
v -0.2549640 -0.3555040 -0.0716590
v 0.0906200 -0.3950410 -0.0596950
v 0.0723440 -0.3894530 -0.0613120
v -0.0683010 -0.3777630 -0.0594120
v -0.2149120 -0.3698050 -0.0709250
v -0.2609260 -0.3717530 -0.0873970
v 0.1049370 -0.4095020 -0.0599560
v 0.0539370 -0.3914370 -0.0641880
v 0.0364920 -0.3913410 -0.0648710
v 0.0188850 -0.3911460 -0.0650990
v 0.0013100 -0.3911460 -0.0650990
v -0.0162650 -0.3911460 -0.0650990
v -0.0339280 -0.3913830 -0.0650060
v -0.0515410 -0.3926520 -0.0647640
v -0.0659470 -0.3966310 -0.0647380
v -0.0841240 -0.3949510 -0.0617950
v -0.0982110 -0.4095960 -0.0629650
v -0.2115270 -0.3850320 -0.0811930
v -0.2245200 -0.3880740 -0.0771450
v -0.2398510 -0.3896170 -0.0792000
v 0.1218280 -0.4263930 -0.0583940
v 0.0877760 -0.4090600 -0.0638460
v 0.0699460 -0.4085020 -0.0658230
v 0.0521560 -0.4086790 -0.0667400
v 0.0345070 -0.4087210 -0.0670520
v 0.0169320 -0.4087210 -0.0670520
v -0.0006430 -0.4087210 -0.0670520
v -0.0182180 -0.4087210 -0.0670520
v -0.0356910 -0.4089860 -0.0670050
v -0.0526700 -0.4099070 -0.0667730
v -0.0691150 -0.4108650 -0.0662320
v -0.0826230 -0.4135370 -0.0656980
v -0.1176660 -0.4087250 -0.0589580
v -0.2314910 -0.4021440 -0.0844850
v 0.1044210 -0.4264210 -0.0633480
v 0.0868180 -0.4262540 -0.0661700
v 0.0690760 -0.4262260 -0.0675630
v 0.0514310 -0.4262960 -0.0677030
v 0.0338560 -0.4262960 -0.0677030
v 0.0162810 -0.4262960 -0.0677030
v -0.0012940 -0.4262960 -0.0677030
v -0.0188690 -0.4262960 -0.0677030
v -0.0363460 -0.4263940 -0.0677030
v -0.0535580 -0.4267560 -0.0675630
v -0.0702040 -0.4273280 -0.0672170
v -0.0867140 -0.4272300 -0.0663100
v -0.1044480 -0.4270310 -0.0646370
v -0.1247570 -0.4293630 -0.0612680
v 0.1217310 -0.4438710 -0.0603790
v 0.1041560 -0.4438710 -0.0647730
v 0.0865810 -0.4438710 -0.0670520
v 0.0690060 -0.4438710 -0.0677030
v 0.0514310 -0.4438710 -0.0677030
v 0.0338560 -0.4438710 -0.0677030
v 0.0162810 -0.4438710 -0.0677030
v -0.0012940 -0.4438710 -0.0677030
v -0.0188690 -0.4438710 -0.0677030
v -0.0364440 -0.4438710 -0.0677030
v -0.0539210 -0.4439690 -0.0677030
v -0.0712360 -0.4440660 -0.0676210
v -0.0886250 -0.4442060 -0.0670170
v -0.1058280 -0.4451500 -0.0659480
v -0.1194100 -0.4484690 -0.0648610
v -0.1353660 -0.4445820 -0.0609000
v 0.1217310 -0.4614460 -0.0611120
v 0.1041560 -0.4614460 -0.0650990
v 0.0865810 -0.4614460 -0.0670520
v 0.0690060 -0.4614460 -0.0677030
v 0.0514310 -0.4614460 -0.0677030
v 0.0338560 -0.4614460 -0.0677030
v 0.0162810 -0.4614460 -0.0677030
v -0.0012940 -0.4614460 -0.0677030
v -0.0188690 -0.4614460 -0.0677030
v -0.0364440 -0.4614460 -0.0677030
v -0.0540190 -0.4614460 -0.0677030
v -0.0715940 -0.4614460 -0.0677030
v -0.0890430 -0.4617110 -0.0675630
v -0.1057580 -0.4623800 -0.0668750
v -0.1223800 -0.4622410 -0.0650380
v -0.1401960 -0.4613100 -0.0608290
v 0.1214290 -0.4791600 -0.0611470
v 0.1036630 -0.4789930 -0.0650750
v 0.0862230 -0.4788260 -0.0670520
v 0.0689080 -0.4789230 -0.0677030
v 0.0514310 -0.4790210 -0.0677030
v 0.0338560 -0.4790210 -0.0677030
v 0.0162810 -0.4790210 -0.0677030
v -0.0012940 -0.4790210 -0.0677030
v -0.0188690 -0.4790210 -0.0677030
v -0.0364440 -0.4790210 -0.0677030
v -0.0540190 -0.4790210 -0.0677030
v -0.0715940 -0.4790210 -0.0677030
v -0.0890710 -0.4791180 -0.0677030
v -0.1063860 -0.4792160 -0.0670520
v -0.1238260 -0.4790490 -0.0648310
v -0.1414940 -0.4789790 -0.0605770
v 0.1198430 -0.4971020 -0.0609870
v 0.1018170 -0.4958710 -0.0650150
v 0.0851910 -0.4955640 -0.0668750
v 0.0685460 -0.4961350 -0.0675630
v 0.0513330 -0.4964980 -0.0677030
v 0.0338560 -0.4965960 -0.0677030
v 0.0162810 -0.4965960 -0.0677030
v -0.0012940 -0.4965960 -0.0677030
v -0.0188690 -0.4965960 -0.0677030
v -0.0364440 -0.4965960 -0.0677030
v -0.0540190 -0.4965960 -0.0677030
v -0.0715940 -0.4965960 -0.0677030
v -0.0891690 -0.4965960 -0.0677030
v -0.1067440 -0.4965960 -0.0668070
v -0.1243190 -0.4965960 -0.0642850
v -0.1418940 -0.4965960 -0.0591590
v 0.1138210 -0.5141550 -0.0609330
v 0.0977220 -0.5094390 -0.0649170
v 0.0841020 -0.5120270 -0.0661480
v 0.0677230 -0.5128880 -0.0670890
v 0.0509710 -0.5137100 -0.0675630
v 0.0337580 -0.5140730 -0.0677030
v 0.0162810 -0.5141710 -0.0677030
v -0.0012940 -0.5141710 -0.0677030
v -0.0188690 -0.5141710 -0.0677030
v -0.0364440 -0.5141710 -0.0677030
v -0.0540190 -0.5141710 -0.0677030
v -0.0715940 -0.5141710 -0.0677030
v -0.0892380 -0.5142410 -0.0674820
v -0.1069810 -0.5142130 -0.0656820
v -0.1245840 -0.5140450 -0.0621280
v 0.0993820 -0.5283180 -0.0617560
v 0.0808110 -0.5261430 -0.0652630
v 0.0667180 -0.5294580 -0.0660530
v 0.0500830 -0.5305600 -0.0667730
v 0.0331030 -0.5314810 -0.0670050
v 0.0156300 -0.5317460 -0.0670520
v -0.0019450 -0.5317460 -0.0670520
v -0.0195200 -0.5317460 -0.0670520
v -0.0370950 -0.5317460 -0.0670520
v -0.0546700 -0.5317460 -0.0670520
v -0.0723190 -0.5317880 -0.0667400
v -0.0901090 -0.5319650 -0.0655790
v -0.1079390 -0.5314070 -0.0633420
v -0.1251000 -0.5309650 -0.0587200
v 0.0827430 -0.5453630 -0.0615060
v 0.0635210 -0.5438640 -0.0645900
v 0.0490090 -0.5478980 -0.0647500
v 0.0313410 -0.5490840 -0.0650060
v 0.0136770 -0.5493210 -0.0650990
v -0.0038980 -0.5493210 -0.0650990
v -0.0214730 -0.5493210 -0.0650990
v -0.0390470 -0.5493210 -0.0650990
v -0.0566550 -0.5491250 -0.0648710
v -0.0741000 -0.5490290 -0.0641880
v -0.0924560 -0.5509620 -0.0611920
v -0.1107110 -0.5453540 -0.0592520
v 0.0667710 -0.5634250 -0.0596960
v 0.0456240 -0.5661560 -0.0608100
v 0.0274400 -0.5668260 -0.0611470
v 0.0097720 -0.5668960 -0.0611930
v -0.0078030 -0.5668960 -0.0611930
v -0.0253780 -0.5668960 -0.0611930
v -0.0430740 -0.5666590 -0.0611140
v -0.0608710 -0.5659110 -0.0607020
v -0.0760760 -0.5634360 -0.0601050
v 0.0388220 0.6759880 -0.0746620
v 0.0233530 0.6793220 -0.0776430
v 0.0048800 0.6800290 -0.0794600
v -0.0142250 0.6794990 -0.0792580
v 0.0522780 0.6622770 -0.0736580
v -0.0343640 0.6772670 -0.0770820
v 0.0353150 0.6619460 -0.0816140
v 0.0172520 0.6624940 -0.0852040
v -0.0027600 0.6598080 -0.0880520
v -0.0240130 0.6618840 -0.0857590
v -0.0365990 0.6628370 -0.0830360
v -0.0488420 0.6632210 -0.0777970
v 0.0684110 0.6282290 -0.0742570
v 0.0513890 0.6449850 -0.0799800
v 0.0319570 0.6429460 -0.0888530
v 0.0133720 0.6479030 -0.0914800
v -0.0386150 0.6473150 -0.0872140
v -0.0592840 0.6466830 -0.0785980
v 0.0516860 0.6270890 -0.0861220
v -0.0523580 0.6291810 -0.0875100
v -0.0676430 0.6330270 -0.0778290
v 0.0689370 0.6105980 -0.0783120
v -0.0669990 0.6146890 -0.0824890
v 0.0691040 0.5930230 -0.0808620
v -0.0729550 0.5940590 -0.0824820
v 0.0690070 0.5753360 -0.0824060
v -0.0776970 0.5756150 -0.0826500
v 0.0685580 0.5572590 -0.0844490
v -0.0818460 0.5579010 -0.0826730
v 0.0782170 0.5216490 -0.0778400
v 0.0664310 0.5398520 -0.0888100
v -0.0850200 0.5402560 -0.0826030
v -0.0862870 0.5221930 -0.0817080
v 0.0734350 0.5056500 -0.0824220
v -0.0872170 0.5025810 -0.0790560
v 0.0693410 0.4881030 -0.0842240
v -0.0822270 0.4845140 -0.0809510
v 0.0672240 0.4694260 -0.0844490
v -0.0704620 0.4698780 -0.0889950
v 0.0657400 0.4510420 -0.0834400
v -0.0712040 0.4527440 -0.0832190
v 0.0610100 0.4333000 -0.0825940
v -0.0711390 0.4347080 -0.0772520
v 0.0505990 0.4137260 -0.0821980
v -0.0550890 0.4184400 -0.0852900
v 0.0461340 0.3950560 -0.0753230
v 0.0326660 0.3994700 -0.0859550
v -0.0548940 0.4018600 -0.0761730
v 0.0332360 0.3817790 -0.0743820
v 0.0165560 0.3843270 -0.0827950
v 0.0014510 0.3879090 -0.0880820
v -0.0177610 0.3825930 -0.0823190
v -0.0381970 0.3905570 -0.0801690
v 0.3087020 0.3639070 -0.1171140
v 0.2944340 0.3590700 -0.1139780
v -0.0006640 0.3707050 -0.0771940
v 0.3020330 0.3479930 -0.1070700
v 0.2832170 0.3450330 -0.1065980
v 0.2676170 0.3359490 -0.1011990
v 0.2513320 0.3315750 -0.1021570
v 0.2256790 0.3247740 -0.0816320
v 0.2117180 0.3255350 -0.0847910
v 0.1941460 0.3239990 -0.0854520
v 0.1759480 0.3212790 -0.0846600
v 0.1578710 0.3158720 -0.0836300
v 0.1398210 0.3093860 -0.0834770
v 0.0211780 0.3072780 -0.0754510
v 0.0050300 0.3089880 -0.0775720
v -0.3354610 0.3202240 -0.1151210
v 0.2916720 0.3153630 -0.0930960
v 0.1225810 0.3008110 -0.0837900
v 0.0538430 0.2905970 -0.0743640
v 0.0367420 0.2944040 -0.0776400
v -0.0151990 0.3074460 -0.0775890
v -0.0302040 0.2931520 -0.0814580
v -0.2368540 0.2803480 -0.0856220
v -0.2538880 0.2855730 -0.0842750
v -0.2683060 0.2886130 -0.0821370
v -0.2796320 0.2913190 -0.0885690
v -0.2959790 0.3014900 -0.1067590
v -0.3147150 0.3079370 -0.1058830
v -0.3353740 0.3023660 -0.1032880
v -0.3510890 0.3092060 -0.1148410
v 0.2914480 0.2951290 -0.0969530
v 0.1057400 0.2895340 -0.0841360
v 0.0170800 0.2929280 -0.0833720
v -0.0030870 0.2904110 -0.0862570
v -0.0176750 0.2928570 -0.0844860
v -0.0506510 0.2904810 -0.0757750
v -0.1808720 0.2658320 -0.0778200
v -0.2016620 0.2687150 -0.0826260
v -0.2198310 0.2743110 -0.0853920
v -0.3493780 0.2929650 -0.1086450
v 0.2734220 0.2796780 -0.0924980
v 0.0887650 0.2768190 -0.0848160
v 0.0728520 0.2629950 -0.0871100
v 0.0525220 0.2772730 -0.0830360
v 0.0323390 0.2740490 -0.0887520
v 0.0127260 0.2782800 -0.0907160
v -0.0201320 0.2772770 -0.0903100
v -0.0413550 0.2760650 -0.0865750
v -0.0543430 0.2758050 -0.0830770
v -0.0679130 0.2733000 -0.0777300
v -0.1410270 0.2538760 -0.0737320
v -0.1584570 0.2570430 -0.0780670
v -0.3452900 0.2777180 -0.1044520
v 0.2540590 0.2683920 -0.0874700
v 0.2366380 0.2589560 -0.0854640
v 0.0525130 0.2590050 -0.0906590
v -0.0561750 0.2607050 -0.0883090
v -0.0706270 0.2594860 -0.0837920
v -0.0833290 0.2590140 -0.0778030
v 0.2200580 0.2519700 -0.0859710
v 0.2064030 0.2474310 -0.0895110
v 0.1917620 0.2433870 -0.0852060
v 0.0872840 0.2441270 -0.0903130
v 0.0692660 0.2431510 -0.0914070
v -0.0730900 0.2436910 -0.0882690
v -0.0949760 0.2430130 -0.0801660
v -0.1049140 0.2288060 -0.0827260
v -0.1258800 0.2254030 -0.0803700
v -0.1430690 0.2419240 -0.0806770
v -0.1600480 0.2407490 -0.0862270
v -0.3198800 0.2482710 -0.0828220
v 0.1773350 0.2383080 -0.0809580
v 0.1634090 0.2362100 -0.0844070
v 0.1461360 0.2349210 -0.0850250
v 0.1275240 0.2324650 -0.0842550
v 0.1046130 0.2282590 -0.0852330
v 0.0836460 0.2296280 -0.0896610
v -0.0875470 0.2248520 -0.0890280
v -0.1472210 0.2279690 -0.0832300
v -0.1645920 0.2218740 -0.0856830
v -0.3121400 0.2353570 -0.0852330
v 0.1033190 0.1905070 -0.0765470
v 0.0894310 0.2104120 -0.0866270
v -0.1028340 0.2087790 -0.0871810
v -0.1451010 0.2092460 -0.0778620
v -0.1624090 0.2057700 -0.0765180
v -0.1779160 0.2082760 -0.0803300
v -0.1959620 0.2093120 -0.0863670
v -0.2298150 0.2062980 -0.0863460
v -0.2481120 0.2087690 -0.0893320
v -0.2626110 0.2095980 -0.0860430
v -0.2799360 0.2135350 -0.0851430
v -0.2970380 0.2223090 -0.0856640
v 0.0868040 0.1897860 -0.0893330
v -0.1067350 0.1870460 -0.0866950
v -0.2099530 0.2014670 -0.0779640
v 0.1025940 0.1728140 -0.0798700
v -0.1113480 0.1696840 -0.0853990
v 0.1033520 0.1543470 -0.0829040
v -0.1164100 0.1535100 -0.0835050
v 0.1188490 0.1183600 -0.0776820
v 0.1035290 0.1361720 -0.0871600
v -0.1195580 0.1363390 -0.0827890
v -0.1209720 0.1185270 -0.0825800
v 0.1194720 0.1011900 -0.0831170
v -0.1225730 0.1003320 -0.0828000
v 0.2627210 0.0608540 -0.0860010
v 0.2448650 0.0623190 -0.0857640
v 0.2263790 0.0623030 -0.0857130
v 0.2077920 0.0619680 -0.0848580
v 0.1896270 0.0622510 -0.0845460
v 0.1718800 0.0624930 -0.0859340
v 0.1559280 0.0592590 -0.0911820
v 0.1360050 0.0675280 -0.0881850
v 0.1196880 0.0844910 -0.0888710
v -0.1258450 0.0816380 -0.0840780
v -0.1598680 0.0600130 -0.0807330
v -0.1826770 0.0556860 -0.0827520
v -0.2021130 0.0548340 -0.0842060
v -0.2204130 0.0552030 -0.0848900
v -0.2375840 0.0554050 -0.0856530
v -0.2542010 0.0560320 -0.0858810
v -0.2707520 0.0569370 -0.0855070
v -0.2846990 0.0578350 -0.0876490
v 0.2954110 0.0564240 -0.1040160
v 0.1176830 0.0707760 -0.0949450
v -0.1316650 0.0646620 -0.0871240
v -0.1415780 0.0526890 -0.0904390
v -0.3291540 0.0560060 -0.1088200
v 0.3090200 0.0457980 -0.1056490
v -0.3490660 0.0430340 -0.1104000
v 0.2936090 0.0172160 -0.0921300
v -0.3404360 0.0145330 -0.0917280
v 0.2756600 0.0067590 -0.0909690
v 0.2560680 0.0026260 -0.0871520
v 0.2415970 0.0000190 -0.0898500
v 0.2273200 -0.0009480 -0.0868190
v 0.2101920 -0.0037290 -0.0839320
v -0.2947740 -0.0035340 -0.0868160
v -0.3161690 0.0001380 -0.0880860
v -0.3333310 0.0038640 -0.0920750
v 0.1956130 -0.0078510 -0.0800420
v 0.1810160 -0.0101890 -0.0841140
v 0.1632630 -0.0126390 -0.0851700
v 0.1424230 -0.0190540 -0.0850390
v 0.1244440 -0.0161190 -0.0937660
v -0.1364280 -0.0267980 -0.0942390
v -0.1526460 -0.0233440 -0.0861290
v -0.1714960 -0.0164330 -0.0839920
v -0.1871880 -0.0138020 -0.0836160
v -0.2036100 -0.0122720 -0.0838490
v -0.2212130 -0.0116820 -0.0843110
v -0.2388160 -0.0111380 -0.0847230
v -0.2564890 -0.0092570 -0.0849830
v 0.1247220 -0.0350630 -0.0843570
v -0.1373600 -0.0404560 -0.0874470
v 0.1197860 -0.0563220 -0.0828840
v -0.1369290 -0.0562040 -0.0794890
v 0.1188720 -0.0747270 -0.0829980
v -0.1232060 -0.0741880 -0.0876390
v 0.1192350 -0.0923160 -0.0842820
v -0.1233830 -0.0925300 -0.0835050
v 0.1191250 -0.1099290 -0.0860660
v -0.1228630 -0.1116380 -0.0827050
v 0.2976210 -0.1514490 -0.0777410
v 0.2818460 -0.1517420 -0.0818250
v 0.2622090 -0.1492640 -0.0813800
v 0.2441740 -0.1484210 -0.0813710
v 0.2265290 -0.1483510 -0.0813710
v 0.2089540 -0.1483510 -0.0811270
v 0.1913560 -0.1480160 -0.0803480
v 0.1737760 -0.1462310 -0.0782970
v 0.1585110 -0.1411760 -0.0765960
v 0.1412290 -0.1416910 -0.0813090
v 0.1190610 -0.1298650 -0.0879550
v -0.1237510 -0.1303360 -0.0826580
v 0.3287570 -0.1727360 -0.0799730
v 0.3106380 -0.1629190 -0.0822870
v 0.1265310 -0.1487910 -0.0862250
v 0.1098330 -0.1456970 -0.0910560
v -0.1257960 -0.1504770 -0.0839790
v -0.1344960 -0.1652380 -0.0831220
v -0.1519040 -0.1646200 -0.0784820
v -0.1701710 -0.1656350 -0.0758530
v 0.3403490 -0.1851070 -0.0762510
v 0.2949850 -0.1608960 -0.0875940
v 0.1601620 -0.1583960 -0.0845600
v 0.1401480 -0.1624870 -0.0841440
v 0.1216470 -0.1638580 -0.0859880
v 0.1027290 -0.1625640 -0.0912180
v -0.1194760 -0.1678520 -0.0882910
v -0.1905340 -0.1697310 -0.0743060
v -0.2050620 -0.1841160 -0.0796640
v 0.1552420 -0.1778040 -0.0835190
v 0.1351710 -0.1829710 -0.0793210
v 0.1137340 -0.1808560 -0.0833960
v 0.0959290 -0.1794100 -0.0902890
v -0.1058980 -0.1813210 -0.0921680
v -0.1229280 -0.1817350 -0.0862370
v -0.1405860 -0.1805780 -0.0831730
v -0.1579530 -0.1801030 -0.0816090
v -0.1750340 -0.1818600 -0.0811500
v -0.1891780 -0.1855020 -0.0820040
v -0.2264090 -0.1882540 -0.0763750
v 0.3419310 -0.1999940 -0.0877890
v 0.2804600 -0.1994660 -0.0968530
v 0.2679580 -0.2033550 -0.0870270
v 0.2465280 -0.1963260 -0.0822040
v 0.2279530 -0.1946900 -0.0814320
v 0.2101860 -0.1944980 -0.0813710
v 0.1919880 -0.1937050 -0.0808670
v 0.1712640 -0.1909320 -0.0799540
v 0.1525730 -0.1925000 -0.0755410
v 0.1022990 -0.1972320 -0.0812200
v 0.0874350 -0.1931190 -0.0900950
v -0.1070870 -0.1988040 -0.0882920
v -0.1276820 -0.2005350 -0.0817490
v -0.1465900 -0.1937210 -0.0817510
v -0.1613460 -0.1964920 -0.0814050
v -0.1783920 -0.1980920 -0.0826390
v -0.1949850 -0.1989050 -0.0843900
v -0.2132760 -0.2026190 -0.0874420
v -0.2303090 -0.2041860 -0.0878540
v -0.2425770 -0.2019400 -0.0805320
v 0.3564370 -0.2383770 -0.0815910
v 0.3498600 -0.2174090 -0.0849390
v 0.2763030 -0.2237400 -0.0874720
v 0.0854930 -0.2142040 -0.0836080
v -0.0893090 -0.2158390 -0.0908100
v -0.1072040 -0.2174890 -0.0808750
v -0.1451770 -0.2109980 -0.0753330
v -0.1662800 -0.2127410 -0.0767230
v -0.1846870 -0.2143750 -0.0816380
v -0.1993410 -0.2131980 -0.0872640
v -0.2518230 -0.2168700 -0.0831750
v 0.2797160 -0.2387250 -0.0908310
v 0.0819020 -0.2357280 -0.0779090
v 0.0707790 -0.2287010 -0.0880120
v -0.0889000 -0.2340590 -0.0834020
v -0.1957490 -0.2332960 -0.0849890
v -0.2585750 -0.2337110 -0.0832560
v 0.3608430 -0.2553470 -0.0821960
v 0.2801390 -0.2516280 -0.0875310
v 0.0670920 -0.2497870 -0.0822510
v -0.0715240 -0.2505190 -0.0866130
v -0.0872340 -0.2517310 -0.0745160
v -0.1947840 -0.2567450 -0.0825140
v -0.2646960 -0.2537270 -0.0823850
v 0.3620860 -0.2659490 -0.0872610
v 0.2815430 -0.2681500 -0.0858500
v 0.0634660 -0.2701520 -0.0762140
v 0.0526730 -0.2646450 -0.0851310
v 0.0349270 -0.2691760 -0.0895750
v -0.0547310 -0.2666010 -0.0874430
v -0.0708880 -0.2679820 -0.0769150
v -0.2679600 -0.2725070 -0.0897120
v 0.3587100 -0.2828440 -0.0837020
v 0.2834260 -0.2858360 -0.0856010
v 0.0481940 -0.2826240 -0.0777350
v 0.0342360 -0.2845700 -0.0831850
v 0.0214620 -0.2847470 -0.0857090
v 0.0028440 -0.2849760 -0.0878620
v -0.0160230 -0.2844740 -0.0879570
v -0.0364200 -0.2810980 -0.0864680
v -0.0547190 -0.2838880 -0.0773100
v -0.1921380 -0.2889640 -0.0864450
v -0.2719350 -0.2864220 -0.0872150
v 0.3577010 -0.3022810 -0.0884300
v 0.0314780 -0.3000740 -0.0747640
v 0.0107120 -0.3025840 -0.0774510
v -0.0078310 -0.3025000 -0.0784100
v -0.0260850 -0.3004450 -0.0778660
v -0.0415770 -0.2969390 -0.0756800
v -0.1902890 -0.3065710 -0.0813980
v -0.2742270 -0.3032990 -0.0857690
v 0.3577980 -0.3194570 -0.0943780
v 0.2920720 -0.3223390 -0.0874140
v -0.1902210 -0.3211340 -0.0855190
v 0.3475260 -0.3358050 -0.0879240
v 0.2881420 -0.3390730 -0.1033130
v -0.1901770 -0.3370410 -0.0930690
v -0.2705980 -0.3372820 -0.0844620
v 0.3477260 -0.3530360 -0.0975810
v 0.3040700 -0.3583540 -0.0953970
v -0.1947510 -0.3549590 -0.0873150
v -0.2670530 -0.3538110 -0.0851590
v -0.2723810 -0.3505010 -0.0973550
v 0.3359600 -0.3661310 -0.0969940
v 0.3185990 -0.3679490 -0.0969490
v -0.2027070 -0.3717570 -0.0830790
v -0.2678420 -0.3663500 -0.1020570
v -0.2032160 -0.3874520 -0.0939600
v -0.2535050 -0.3902110 -0.0891660
v -0.2163360 -0.4021430 -0.0903490
v -0.2439660 -0.4068480 -0.0919000
v -0.2298380 -0.4177190 -0.0965940
v -0.2454800 -0.4277180 -0.1072410
v 0.0026920 0.6414700 -0.0944910
v 0.0378230 0.6242340 -0.0930490
v 0.0194170 0.6295670 -0.0962440
v -0.0155920 0.6412030 -0.0936530
v 0.0522120 0.6098450 -0.0896380
v 0.0007060 0.6263570 -0.0994290
v -0.0138520 0.6224550 -0.1001310
v -0.0318110 0.6241900 -0.0961130
v 0.0349120 0.6101470 -0.0975500
v 0.0166860 0.6099380 -0.1017700
v -0.0015780 0.6087710 -0.1036290
v -0.0190880 0.6084270 -0.1029810
v -0.0328220 0.6067530 -0.1011090
v -0.0466640 0.6110060 -0.0946930
v 0.0516270 0.5928550 -0.0926160
v 0.0337170 0.5923530 -0.1009110
v 0.0141610 0.5892970 -0.1071540
v -0.0074680 0.5914370 -0.1082230
v -0.0257640 0.5926460 -0.1055630
v -0.0399720 0.5967180 -0.1010350
v -0.0543360 0.5947470 -0.0945690
v 0.0513900 0.5751690 -0.0951940
v 0.0342470 0.5741370 -0.1049930
v -0.0388900 0.5783200 -0.1050190
v -0.0596040 0.5762950 -0.0952800
v 0.0508900 0.5575940 -0.0983790
v -0.0466230 0.5583150 -0.1058110
v -0.0648180 0.5580400 -0.0956450
v 0.0616510 0.5238530 -0.0935900
v 0.0492420 0.5410930 -0.1025630
v -0.0513220 0.5403960 -0.1060830
v -0.0686650 0.5403260 -0.0956920
v 0.0465520 0.5275050 -0.1055520
v -0.0533680 0.5227510 -0.1061070
v -0.0703740 0.5226110 -0.0954710
v 0.0532670 0.5087270 -0.0996440
v -0.0540190 0.5051060 -0.1057930
v -0.0707950 0.5045200 -0.0944660
v 0.0513500 0.4876010 -0.0996200
v -0.0538240 0.4873640 -0.1048120
v -0.0701830 0.4866160 -0.0927380
v 0.0481820 0.4666780 -0.0997390
v -0.0537260 0.4699280 -0.1022170
v 0.0522660 0.4476140 -0.0941530
v 0.0368880 0.4518790 -0.1047280
v -0.0539500 0.4527580 -0.0975980
v 0.0442690 0.4337040 -0.0952380
v 0.0267750 0.4360480 -0.1052420
v -0.0373740 0.4363130 -0.1034560
v -0.0543360 0.4353780 -0.0919230
v 0.0319270 0.4179560 -0.0956030
v 0.0175930 0.4223220 -0.1035940
v 0.0018910 0.4195600 -0.1050950
v -0.0191360 0.4213860 -0.1038840
v -0.0383920 0.4191090 -0.0959590
v 0.0139220 0.4041100 -0.0947340
v -0.0072450 0.4020370 -0.0956220
v -0.0264200 0.4024550 -0.0928900
v -0.0419680 0.4055840 -0.0879550
v 0.3267510 0.3866540 -0.1353510
v 0.3130800 0.3803010 -0.1288510
v 0.2971260 0.3728670 -0.1250320
v 0.2819370 0.3608110 -0.1232680
v 0.3169370 0.3519400 -0.1143880
v 0.2291800 0.3272130 -0.0988830
v 0.2081650 0.3246860 -0.1012380
v 0.1886070 0.3193770 -0.1030680
v -0.3394180 0.3412220 -0.1304070
v -0.3578070 0.3407880 -0.1322430
v 0.3110650 0.3328490 -0.1081150
v 0.1702430 0.3168180 -0.0975230
v 0.1553860 0.3073590 -0.1007670
v -0.3184690 0.3263220 -0.1240390
v -0.3532620 0.3264380 -0.1225640
v -0.3682180 0.3280360 -0.1331710
v 0.3087370 0.3092080 -0.1098760
v 0.1372630 0.3012380 -0.0962720
v -0.2690040 0.2884510 -0.0989380
v -0.2850650 0.2954710 -0.1003100
v -0.3653120 0.3121310 -0.1263340
v 0.2996270 0.2932070 -0.1097710
v 0.1261130 0.2874900 -0.0989910
v -0.2313070 0.2690470 -0.0997130
v -0.2497370 0.2785530 -0.1002930
v -0.3614330 0.2959540 -0.1213640
v 0.2869160 0.2836760 -0.1064370
v 0.2741470 0.2748240 -0.1069530
v 0.1260370 0.2718310 -0.1045990
v 0.1093740 0.2718960 -0.0958010
v 0.0379780 0.2551480 -0.0946130
v 0.0195720 0.2597200 -0.0961610
v -0.0002240 0.2700130 -0.0939040
v -0.0112990 0.2569750 -0.0975630
v -0.1728700 0.2527290 -0.0873980
v -0.1899130 0.2553190 -0.0917040
v -0.2118640 0.2586810 -0.0982290
v 0.2610890 0.2691440 -0.1030480
v 0.2441600 0.2620430 -0.1009840
v 0.1215710 0.2589190 -0.1013680
v 0.1082510 0.2557220 -0.0969570
v 0.0941350 0.2594480 -0.0921560
v 0.0522260 0.2411750 -0.0951270
v 0.0046660 0.2542240 -0.0991430
v -0.0328940 0.2554950 -0.0948600
v -0.3380170 0.2646310 -0.0996300
v 0.2298590 0.2559790 -0.0980810
v 0.2159610 0.2532300 -0.1017720
v 0.1984610 0.2511610 -0.1018940
v 0.1776870 0.2463750 -0.0979800
v 0.1566950 0.2460560 -0.0990550
v 0.1359710 0.2473100 -0.0986750
v 0.1163230 0.2438960 -0.0943030
v 0.1016610 0.2458250 -0.0926770
v 0.0691180 0.2254140 -0.0934690
v 0.0351490 0.2409760 -0.0989550
v 0.0180160 0.2408650 -0.1007890
v 0.0010730 0.2403290 -0.1012710
v -0.0165440 0.2397610 -0.1009040
v -0.0314550 0.2362010 -0.1003310
v -0.0499960 0.2373890 -0.0965120
v -0.1780010 0.2392910 -0.0925040
v -0.1992400 0.2380110 -0.0996110
v -0.3287010 0.2487840 -0.0997380
v 0.0517380 0.2240890 -0.0985720
v 0.0341210 0.2238510 -0.1015410
v 0.0163320 0.2236700 -0.1033850
v -0.0015740 0.2230240 -0.1039030
v -0.0194930 0.2223690 -0.1035100
v -0.0364950 0.2224150 -0.1022460
v -0.0498220 0.2195180 -0.1010200
v -0.0665190 0.2203130 -0.0965970
v -0.1854630 0.2228690 -0.0917110
v -0.2009630 0.2211300 -0.0963130
v -0.2147000 0.2259120 -0.1030930
v -0.3114290 0.2321740 -0.1051440
v 0.0695220 0.2071930 -0.0950830
v 0.0513610 0.2063320 -0.1009230
v 0.0331900 0.2059320 -0.1039250
v 0.0147320 0.2058110 -0.1056670
v -0.0048320 0.2029790 -0.1079380
v -0.0263820 0.2060220 -0.1064300
v -0.0413610 0.2096180 -0.1039230
v -0.0539590 0.2063420 -0.1026450
v -0.0665210 0.2030310 -0.1007710
v -0.0809680 0.2060590 -0.0953400
v -0.2127560 0.2121630 -0.0927660
v -0.2264600 0.2166860 -0.0998100
v -0.2416110 0.2158730 -0.1005120
v -0.2586090 0.2154090 -0.1006660
v -0.2750730 0.2163930 -0.1000920
v -0.2919140 0.2210350 -0.1011590
v 0.0864560 0.1715590 -0.0916510
v 0.0690760 0.1888970 -0.0975980
v 0.0510310 0.1882310 -0.1029720
v 0.0314540 0.1860810 -0.1078170
v 0.0126470 0.1909550 -0.1094960
v -0.0405510 0.1919300 -0.1077230
v -0.0579050 0.1932860 -0.1040470
v -0.0712600 0.1902260 -0.1013580
v -0.0884120 0.1893100 -0.0953430
v 0.0689640 0.1710150 -0.1003970
v 0.0516860 0.1701400 -0.1059240
v -0.0565270 0.1752490 -0.1075930
v -0.0756440 0.1758600 -0.1018240
v -0.0915430 0.1688780 -0.0965150
v 0.0865810 0.1537470 -0.0948080
v 0.0691320 0.1534120 -0.1028130
v 0.0522120 0.1528960 -0.1093450
v -0.0697270 0.1562030 -0.1069420
v -0.0860640 0.1508250 -0.1020930
v -0.1005910 0.1534020 -0.0945370
v 0.1035870 0.1185270 -0.0909720
v 0.0865810 0.1361020 -0.0980510
v 0.0691040 0.1360050 -0.1057320
v -0.0760190 0.1365070 -0.1081250
v -0.0911680 0.1398580 -0.1017360
v -0.1041910 0.1371570 -0.0946760
v 0.0865810 0.1185270 -0.1008180
v 0.0690060 0.1185270 -0.1083040
v -0.0862710 0.1218100 -0.1056580
v -0.1051470 0.1192660 -0.0953890
v 0.1035660 0.1011480 -0.0947320
v 0.0864840 0.1010500 -0.1030640
v 0.0690060 0.1009520 -0.1103380
v -0.0885320 0.1015940 -0.1059670
v -0.1061050 0.1010220 -0.0956680
v 0.2788380 0.0625960 -0.1027910
v 0.2614490 0.0636900 -0.1027670
v 0.2432130 0.0595000 -0.1060150
v 0.2219340 0.0568170 -0.1022650
v 0.2031610 0.0558910 -0.0999640
v 0.1852840 0.0550860 -0.0992200
v 0.1032940 0.0843120 -0.0980210
v 0.0864560 0.0836420 -0.1056580
v -0.0895410 0.0831680 -0.1061760
v -0.1077130 0.0825680 -0.0959820
v -0.2961200 0.0572010 -0.1000670
v -0.3120770 0.0591610 -0.1074460
v 0.3121930 0.0562350 -0.1211840
v 0.1702040 0.0542260 -0.0982290
v 0.1588420 0.0460420 -0.1025230
v 0.1436730 0.0521070 -0.0969360
v 0.1245800 0.0528440 -0.0987910
v 0.1039610 0.0672850 -0.1010930
v 0.0866230 0.0660400 -0.1076670
v -0.0911640 0.0646130 -0.1066380
v -0.1112640 0.0624540 -0.0977690
v -0.1536260 0.0445410 -0.0934930
v -0.1702260 0.0446470 -0.0940400
v -0.1914740 0.0416820 -0.0981630
v -0.2122680 0.0442810 -0.0986000
v -0.2304380 0.0451250 -0.0992290
v -0.2486240 0.0464420 -0.1001330
v -0.2664110 0.0507160 -0.1005680
v -0.2799930 0.0558930 -0.0981370
v -0.3430000 0.0565180 -0.1240100
v 0.3234970 0.0450570 -0.1210160
v 0.1046860 0.0491800 -0.1040110
v 0.0866510 0.0482970 -0.1088150
v -0.0949680 0.0471800 -0.1075300
v -0.1075490 0.0473640 -0.1028220
v -0.1216000 0.0458700 -0.0983510
v -0.1370720 0.0326860 -0.0990290
v -0.3571410 0.0485270 -0.1278040
v 0.3174390 0.0345800 -0.1097030
v 0.1432190 0.0349400 -0.1040100
v 0.1222510 0.0322510 -0.1028870
v 0.1037790 0.0309590 -0.1050720
v 0.0862230 0.0308480 -0.1092800
v -0.1029070 0.0322760 -0.1071910
v -0.1184460 0.0274340 -0.1035760
v -0.1570190 0.0297010 -0.0995530
v -0.1756440 0.0279130 -0.1017700
v -0.3572630 0.0266260 -0.1102650
v -0.3668000 0.0320840 -0.1268320
v 0.3124900 0.0189670 -0.1107140
v 0.1375280 0.0154250 -0.1029720
v 0.1192390 0.0139840 -0.1024940
v 0.1019660 0.0141100 -0.1045960
v 0.0855950 0.0140120 -0.1089410
v -0.1049450 0.0128920 -0.1087950
v -0.1227380 0.0128090 -0.1042230
v -0.1414170 0.0126410 -0.1014240
v -0.1607120 0.0116500 -0.1005710
v -0.1810320 0.0092870 -0.1017260
v -0.3538030 0.0138270 -0.1058950
v -0.3644780 0.0138290 -0.1216670
v 0.2925270 0.0047000 -0.1093310
v 0.2750510 0.0009190 -0.1067950
v 0.2641270 0.0006340 -0.0999220
v 0.2501520 0.0008760 -0.1014360
v 0.2338280 0.0026690 -0.1016300
v 0.2159470 0.0031500 -0.1001660
v 0.1951070 -0.0003640 -0.0966460
v 0.1742830 -0.0007020 -0.0986720
v 0.1532300 0.0006550 -0.0992220
v 0.1322190 -0.0022680 -0.0973940
v 0.1143330 -0.0021640 -0.1002280
v 0.0993010 0.0005450 -0.1041050
v 0.0861940 -0.0030150 -0.1080180
v -0.1064790 -0.0046230 -0.1087220
v -0.1244180 -0.0051950 -0.1035590
v -0.1438340 -0.0080920 -0.0978180
v -0.1652680 -0.0052690 -0.0948300
v -0.1800900 -0.0061160 -0.0930260
v -0.1943300 -0.0026990 -0.0959220
v -0.2115190 -0.0015780 -0.0979230
v -0.2291170 -0.0012440 -0.0987020
v -0.2469480 -0.0006160 -0.0994340
v -0.2657300 -0.0000440 -0.1015410
v -0.2869400 -0.0018150 -0.1062590
v -0.3070390 -0.0070270 -0.1043690
v -0.3315010 -0.0053380 -0.1012340
v -0.3450140 -0.0000830 -0.1063770
v 0.1061550 -0.0172600 -0.0990440
v 0.0870320 -0.0211200 -0.1067760
v -0.1067860 -0.0223100 -0.1076670
v -0.1236540 -0.0234120 -0.1009200
v -0.3225510 -0.0086970 -0.1061700
v 0.1048510 -0.0382410 -0.0964330
v 0.0867900 -0.0394380 -0.1061530
v -0.1065370 -0.0399120 -0.1054140
v -0.1224820 -0.0405820 -0.0972890
v 0.1037150 -0.0570130 -0.0957150
v 0.0865120 -0.0572920 -0.1060830
v -0.0891690 -0.0572220 -0.1103380
v -0.1063210 -0.0573200 -0.1025750
v -0.1226450 -0.0571810 -0.0927390
v 0.1034470 -0.0749370 -0.0957270
v 0.0859440 -0.0754390 -0.1059670
v -0.0891690 -0.0747970 -0.1084660
v -0.1063370 -0.0747280 -0.0996670
v 0.1030540 -0.0931530 -0.0959850
v 0.0838230 -0.0956550 -0.1057370
v -0.0891690 -0.0923720 -0.1070020
v -0.1065810 -0.0923020 -0.0969820
v 0.1027160 -0.1114020 -0.0960070
v 0.0889870 -0.1136860 -0.1021600
v 0.0740880 -0.1096820 -0.1082920
v -0.0891690 -0.1099470 -0.1057000
v -0.1065490 -0.1101140 -0.0953940
v 0.0989210 -0.1277730 -0.0966400
v 0.0840200 -0.1239380 -0.1030460
v 0.0695270 -0.1265270 -0.1078810
v -0.0891690 -0.1275220 -0.1039100
v -0.1064930 -0.1280490 -0.0943730
v 0.2846420 -0.1671240 -0.0917400
v 0.2692740 -0.1652090 -0.0906870
v 0.2509960 -0.1638210 -0.0899080
v 0.2330390 -0.1633230 -0.0898330
v 0.2154640 -0.1633230 -0.0897520
v 0.1978560 -0.1629880 -0.0890610
v 0.0883820 -0.1425070 -0.0990200
v 0.0660260 -0.1481720 -0.1063570
v -0.0716920 -0.1449990 -0.1094910
v -0.0892390 -0.1451670 -0.1018760
v -0.1068700 -0.1462440 -0.0936560
v 0.3335340 -0.1869390 -0.0890980
v 0.3194680 -0.1823140 -0.0933900
v 0.2991560 -0.1782380 -0.0951470
v 0.1803460 -0.1615890 -0.0873490
v 0.0845060 -0.1630330 -0.0976810
v 0.0705640 -0.1669580 -0.1021870
v 0.0531840 -0.1663070 -0.1072610
v -0.0717200 -0.1624070 -0.1061810
v -0.0892110 -0.1629090 -0.1002650
v -0.1062980 -0.1641990 -0.0929680
v 0.2784320 -0.1840170 -0.0949750
v 0.2581430 -0.1816210 -0.0911630
v 0.2392340 -0.1799100 -0.0899780
v 0.2213220 -0.1795960 -0.0898330
v 0.2036730 -0.1793590 -0.0895400
v 0.1859390 -0.1780270 -0.0887780
v 0.1706930 -0.1741520 -0.0871200
v 0.0796870 -0.1793600 -0.0965540
v 0.0661480 -0.1780290 -0.1017230
v 0.0560100 -0.1841600 -0.1031370
v 0.0381270 -0.1834720 -0.1075010
v -0.0544100 -0.1789080 -0.1080850
v -0.0715520 -0.1800100 -0.1030170
v -0.0890430 -0.1805120 -0.0979210
v 0.3418160 -0.2131890 -0.0978180
v 0.3296370 -0.2016310 -0.1005730
v 0.3103420 -0.1981930 -0.1038440
v 0.2922240 -0.1978890 -0.1013860
v 0.0704600 -0.1944550 -0.0964900
v 0.0523700 -0.1980630 -0.1016410
v 0.0393260 -0.2014560 -0.1037220
v 0.0248170 -0.1982590 -0.1066230
v 0.0060900 -0.1972780 -0.1086060
v -0.0129360 -0.1969430 -0.1089410
v -0.0343400 -0.1942110 -0.1079810
v -0.0536420 -0.1970830 -0.1042330
v -0.0715240 -0.1977520 -0.1007130
v -0.0891410 -0.1979890 -0.0945810
v -0.2092250 -0.2201240 -0.0920220
v -0.2236490 -0.2180170 -0.0948970
v 0.2851530 -0.2147420 -0.1004560
v 0.0632430 -0.2131760 -0.0948740
v 0.0483450 -0.2114730 -0.1004110
v 0.0354700 -0.2148390 -0.1020970
v 0.0186290 -0.2151880 -0.1040030
v 0.0008590 -0.2149920 -0.1051190
v -0.0173530 -0.2146580 -0.1050790
v -0.0358070 -0.2147550 -0.1041840
v -0.0538790 -0.2152570 -0.1016670
v -0.0715940 -0.2153970 -0.0974010
v -0.2393300 -0.2170790 -0.0920000
v 0.3584870 -0.2544060 -0.0974470
v 0.3472740 -0.2322940 -0.1018490
v 0.2845690 -0.2347160 -0.1022460
v 0.0521810 -0.2289790 -0.0951640
v 0.0321550 -0.2320230 -0.0998280
v 0.0144770 -0.2320370 -0.1018760
v -0.0021910 -0.2319670 -0.1026780
v -0.0193200 -0.2325670 -0.1025970
v -0.0369600 -0.2328040 -0.1015760
v -0.0543770 -0.2327760 -0.0991250
v -0.0716920 -0.2329440 -0.0927180
v -0.2021080 -0.2490340 -0.0952170
v -0.2138210 -0.2367420 -0.0996440
v -0.2325280 -0.2341150 -0.1022180
v -0.2481040 -0.2332500 -0.0959190
v 0.2831630 -0.2513510 -0.1031230
v 0.0446670 -0.2494880 -0.0924610
v 0.0255160 -0.2493850 -0.0974040
v 0.0099250 -0.2459490 -0.1001380
v -0.0039080 -0.2492680 -0.1000790
v -0.0213470 -0.2500450 -0.0999040
v -0.0385690 -0.2496120 -0.0987160
v -0.0550050 -0.2496120 -0.0944040
v -0.2545200 -0.2505040 -0.0983320
v 0.3622030 -0.2715490 -0.0965410
v 0.2824330 -0.2680800 -0.1030140
v 0.0125520 -0.2648150 -0.0945970
v -0.0079530 -0.2672050 -0.0953390
v -0.0262240 -0.2666290 -0.0949150
v -0.0414930 -0.2632680 -0.0937990
v -0.1989040 -0.2676280 -0.0966270
v -0.2595180 -0.2684040 -0.1008840
v 0.3616710 -0.2858860 -0.1006130
v 0.2820310 -0.2856270 -0.1028510
v -0.1906590 -0.3041820 -0.0958710
v -0.1991950 -0.2865010 -0.1047830
v -0.2648880 -0.2860910 -0.1029410
v 0.3616710 -0.3030820 -0.1047000
v 0.2825190 -0.3033410 -0.1028510
v -0.2697610 -0.3033270 -0.1028840
v 0.3621790 -0.3176590 -0.1077840
v 0.2841160 -0.3212230 -0.1030460
v -0.1906330 -0.3201950 -0.1022160
v -0.2727250 -0.3208180 -0.1022770
v 0.3586700 -0.3350980 -0.1038510
v -0.1914650 -0.3336900 -0.1076240
v -0.2737720 -0.3374910 -0.1006650
v 0.3574540 -0.3536860 -0.1122820
v 0.2938650 -0.3560710 -0.1041680
v -0.1925060 -0.3492960 -0.1039670
v 0.3474130 -0.3700470 -0.1078550
v 0.3021410 -0.3717210 -0.1068270
v -0.1958690 -0.3693310 -0.1009140
v 0.3322800 -0.3820760 -0.1068980
v 0.3146210 -0.3876790 -0.1120630
v -0.1980680 -0.3852280 -0.1080620
v -0.2630120 -0.3883650 -0.1070970
v 0.3284450 -0.4042940 -0.1196000
v 0.3083550 -0.4066670 -0.1268440
v -0.2032940 -0.4028990 -0.1084780
v -0.2557870 -0.4084470 -0.1054270
v 0.3329760 -0.4249010 -0.1269550
v 0.3156170 -0.4255850 -0.1298790
v -0.2142730 -0.4217370 -0.1048170
v -0.2578780 -0.4267940 -0.1217080
v -0.2107610 -0.4374840 -0.1152890
v -0.2270800 -0.4385690 -0.1094050
v -0.2410030 -0.4462330 -0.1157670
v -0.2146830 -0.4555250 -0.1209770
v -0.2312500 -0.4557510 -0.1186040
v 0.0209510 0.5706390 -0.1106830
v 0.0049840 0.5734570 -0.1125630
v 0.0344840 0.5571620 -0.1085290
v -0.0156850 0.5722200 -0.1119620
v 0.0182200 0.5568270 -0.1145870
v 0.0012830 0.5563570 -0.1166060
v -0.0125130 0.5533030 -0.1168880
v -0.0280660 0.5572030 -0.1126910
v 0.0332290 0.5410650 -0.1114120
v 0.0168440 0.5402280 -0.1167520
v 0.0001610 0.5393910 -0.1186320
v -0.0163440 0.5394610 -0.1176330
v -0.0335520 0.5402000 -0.1131740
v 0.0334660 0.5240900 -0.1117740
v 0.0164210 0.5228900 -0.1173680
v -0.0009360 0.5225560 -0.1191250
v -0.0182830 0.5226530 -0.1178230
v -0.0357930 0.5227510 -0.1132670
v 0.0339310 0.5057760 -0.1108630
v 0.0158580 0.5052730 -0.1171730
v -0.0016520 0.5053710 -0.1191250
v -0.0189670 0.5052730 -0.1178230
v -0.0364440 0.5051760 -0.1132670
v 0.0324200 0.4873640 -0.1108680
v 0.0143420 0.4883960 -0.1173210
v -0.0022800 0.4885350 -0.1189490
v -0.0189950 0.4878660 -0.1176840
v -0.0364440 0.4876010 -0.1129410
v 0.0271150 0.4706260 -0.1118440
v 0.0112770 0.4746960 -0.1174420
v -0.0022890 0.4713650 -0.1179610
v -0.0194130 0.4703610 -0.1165350
v -0.0368020 0.4702210 -0.1114120
v 0.0160060 0.4560260 -0.1132610
v -0.0035020 0.4535530 -0.1158330
v -0.0209240 0.4534550 -0.1143450
v -0.0374300 0.4533850 -0.1082200
v 0.0091400 0.4366890 -0.1102720
v -0.0086960 0.4366190 -0.1115120
v -0.0239850 0.4396290 -0.1100270
v 0.3437920 0.4035220 -0.1513060
v 0.3312450 0.4001220 -0.1452260
v 0.3157690 0.3964770 -0.1412920
v 0.2999340 0.3885640 -0.1396310
v 0.2853200 0.3767920 -0.1392780
v 0.3272520 0.3683370 -0.1267710
v 0.2724320 0.3599380 -0.1415010
v -0.3370530 0.3613420 -0.1482270
v -0.3573550 0.3580810 -0.1438800
v -0.3742730 0.3571510 -0.1519100
v 0.3294030 0.3471450 -0.1235510
v 0.2647630 0.3428280 -0.1214360
v 0.2438810 0.3258650 -0.1210780
v 0.2218110 0.3200630 -0.1167260
v -0.3204220 0.3440150 -0.1413780
v -0.3708050 0.3437480 -0.1416580
v 0.3263420 0.3258810 -0.1255130
v 0.2050080 0.3176160 -0.1145150
v 0.1935600 0.3079470 -0.1189640
v -0.3010150 0.3120450 -0.1211490
v -0.3040820 0.3255670 -0.1402590
v -0.3797990 0.3283670 -0.1467330
v 0.3178340 0.3088460 -0.1259030
v 0.1754740 0.3082670 -0.1105040
v 0.1647610 0.2934680 -0.1140030
v -0.2843800 0.2958210 -0.1192220
v -0.2932040 0.3088490 -0.1339230
v -0.3758850 0.3127250 -0.1396600
v 0.3075270 0.2975550 -0.1219920
v 0.1824290 0.2943050 -0.1212310
v 0.1463860 0.2915110 -0.1073470
v -0.2658980 0.2770690 -0.1159370
v 0.2940120 0.2874780 -0.1208240
v 0.2781590 0.2795030 -0.1191640
v 0.1746960 0.2781800 -0.1188160
v 0.1567730 0.2767710 -0.1139380
v 0.1395460 0.2756520 -0.1088590
v -0.2277850 0.2558470 -0.1082030
v -0.2458300 0.2611280 -0.1124090
v -0.3551060 0.2821610 -0.1167250
v 0.2654330 0.2730140 -0.1151520
v 0.2503800 0.2693720 -0.1160710
v 0.2299700 0.2637470 -0.1139460
v 0.2094330 0.2629220 -0.1161170
v 0.1886280 0.2642250 -0.1157360
v 0.1672860 0.2610180 -0.1107980
v 0.1487030 0.2608550 -0.1085560
v 0.1343890 0.2628150 -0.1064110
v -0.2195530 0.2423030 -0.1071680
v -0.2678260 0.2561460 -0.1236470
v -0.3460950 0.2654830 -0.1169370
v -0.2345270 0.2460400 -0.1131550
v -0.2490910 0.2424570 -0.1163650
v -0.2637760 0.2373280 -0.1183060
v -0.2815900 0.2387750 -0.1222420
v -0.3288820 0.2484100 -0.1235800
v -0.2336330 0.2298280 -0.1090190
v -0.2528250 0.2267290 -0.1110490
v -0.2696740 0.2254480 -0.1117210
v -0.2838590 0.2246410 -0.1111660
v -0.2978220 0.2312800 -0.1162130
v -0.3119880 0.2390240 -0.1228530
v 0.0023570 0.1845210 -0.1122170
v 0.0378230 0.1672850 -0.1102810
v 0.0194770 0.1726780 -0.1132370
v -0.0163600 0.1846440 -0.1119910
v 0.0010080 0.1695480 -0.1163280
v -0.0132540 0.1656620 -0.1170270
v -0.0319690 0.1676620 -0.1140460
v 0.0516960 0.1359770 -0.1118090
v 0.0350520 0.1533380 -0.1140750
v 0.0173230 0.1536310 -0.1174360
v 0.0001290 0.1525330 -0.1191040
v -0.0163900 0.1515330 -0.1187300
v -0.0301770 0.1487780 -0.1176260
v -0.0467230 0.1528760 -0.1136650
v 0.0340930 0.1361440 -0.1169260
v 0.0164480 0.1360740 -0.1194740
v -0.0008340 0.1356420 -0.1202880
v -0.0175480 0.1350000 -0.1196230
v -0.0345150 0.1346280 -0.1180920
v -0.0544760 0.1329310 -0.1144740
v 0.0514310 0.1185270 -0.1140810
v 0.0338560 0.1185270 -0.1183120
v 0.0162810 0.1185270 -0.1201020
v -0.0011960 0.1184300 -0.1204270
v -0.0185530 0.1180950 -0.1199860
v -0.0355940 0.1171500 -0.1189060
v -0.0491100 0.1139290 -0.1176690
v -0.0650900 0.1179590 -0.1135350
v 0.0690060 0.0833770 -0.1118020
v 0.0514310 0.1009520 -0.1157890
v 0.0338560 0.1009520 -0.1190440
v 0.0162810 0.1009520 -0.1203460
v -0.0012940 0.1009520 -0.1204270
v -0.0187430 0.1006870 -0.1202880
v -0.0354580 0.1000180 -0.1196000
v -0.0520800 0.1001570 -0.1177630
v -0.0700180 0.1013290 -0.1131510
v 0.2944550 0.0639460 -0.1228270
v 0.3000530 0.0664320 -0.1415680
v 0.2758880 0.0646350 -0.1167430
v 0.0514310 0.0833770 -0.1170910
v 0.0338560 0.0833770 -0.1195320
v 0.0162810 0.0833770 -0.1204270
v -0.0012940 0.0833770 -0.1204270
v -0.0187710 0.0832800 -0.1204270
v -0.0360860 0.0831820 -0.1197760
v -0.0535260 0.0833490 -0.1178000
v -0.0713620 0.0834470 -0.1132440
v -0.3016990 0.0569900 -0.1187030
v -0.3173570 0.0607200 -0.1212330
v -0.3296160 0.0613490 -0.1248100
v 0.3283990 0.0537120 -0.1371350
v 0.2629050 0.0619370 -0.1206390
v 0.2515270 0.0554050 -0.1250340
v 0.2369400 0.0467300 -0.1209360
v 0.2164170 0.0451750 -0.1130840
v 0.1975860 0.0442200 -0.1101560
v 0.0690060 0.0658020 -0.1132670
v 0.0514310 0.0658020 -0.1175790
v 0.0338560 0.0658020 -0.1197760
v 0.0162810 0.0658020 -0.1204270
v -0.0012940 0.0658020 -0.1204270
v -0.0188690 0.0658020 -0.1204270
v -0.0364440 0.0658020 -0.1197760
v -0.0541580 0.0656630 -0.1178700
v -0.0723010 0.0650910 -0.1134760
v -0.2836590 0.0491760 -0.1145230
v 0.3353670 0.0421880 -0.1341500
v 0.1777510 0.0418240 -0.1084450
v 0.0690060 0.0482270 -0.1138370
v 0.0514310 0.0482270 -0.1178240
v 0.0338560 0.0482270 -0.1197760
v 0.0162810 0.0482270 -0.1204270
v -0.0012940 0.0482270 -0.1204270
v -0.0188690 0.0482270 -0.1204270
v -0.0365140 0.0481580 -0.1198000
v -0.0543960 0.0474880 -0.1181720
v -0.0738380 0.0446170 -0.1143780
v -0.1909860 0.0248110 -0.1049830
v -0.2061260 0.0285560 -0.1064410
v -0.2239280 0.0298340 -0.1072080
v -0.2424540 0.0307710 -0.1085670
v -0.2645070 0.0343510 -0.1136150
v 0.3286730 0.0312050 -0.1229580
v 0.2298940 0.0302040 -0.1227070
v 0.2106090 0.0299550 -0.1159790
v 0.1919280 0.0288440 -0.1136480
v 0.1771720 0.0259320 -0.1124680
v 0.1630590 0.0303820 -0.1091300
v 0.0689080 0.0307500 -0.1139180
v 0.0514310 0.0306520 -0.1178240
v 0.0338560 0.0306520 -0.1197760
v 0.0162810 0.0306520 -0.1204270
v -0.0012940 0.0306520 -0.1204270
v -0.0188690 0.0306520 -0.1204270
v -0.0364860 0.0304150 -0.1199860
v -0.0536280 0.0293130 -0.1189250
v -0.0669240 0.0259830 -0.1176930
v -0.0827770 0.0296580 -0.1135980
v -0.3810880 0.0296260 -0.1473020
v 0.3299470 0.0162210 -0.1300790
v 0.2432370 0.0053370 -0.1132410
v 0.2259620 0.0138130 -0.1145090
v 0.2038860 0.0143580 -0.1103390
v 0.1851310 0.0133280 -0.1089840
v 0.1677220 0.0141000 -0.1082010
v 0.1529850 0.0185050 -0.1062760
v 0.0688810 0.0133430 -0.1137780
v 0.0514310 0.0130770 -0.1178240
v 0.0338560 0.0130770 -0.1197760
v 0.0162810 0.0130770 -0.1204270
v -0.0012940 0.0130770 -0.1204270
v -0.0188690 0.0130770 -0.1204270
v -0.0363180 0.0128120 -0.1202880
v -0.0530330 0.0121430 -0.1196000
v -0.0696550 0.0122820 -0.1177630
v -0.0872680 0.0131290 -0.1136360
v -0.2005880 0.0120540 -0.1049040
v -0.2180190 0.0133930 -0.1066360
v -0.2358590 0.0138680 -0.1076750
v -0.2547890 0.0145760 -0.1100550
v -0.2758710 0.0136940 -0.1189780
v -0.2905940 0.0030930 -0.1255760
v 0.3117740 0.0029930 -0.1276860
v 0.2936110 -0.0016300 -0.1262740
v 0.2793510 -0.0004570 -0.1207040
v 0.2608860 0.0023370 -0.1152940
v 0.0690480 -0.0042600 -0.1134760
v 0.0514310 -0.0044970 -0.1178230
v 0.0338560 -0.0044970 -0.1197760
v 0.0162810 -0.0044970 -0.1204270
v -0.0012940 -0.0044970 -0.1204270
v -0.0188690 -0.0044970 -0.1204270
v -0.0363460 -0.0045950 -0.1204270
v -0.0536610 -0.0046930 -0.1197760
v -0.0711010 -0.0045250 -0.1178000
v -0.0887690 -0.0044560 -0.1137900
v -0.3033290 -0.0063390 -0.1225880
v -0.3576680 0.0021800 -0.1175790
v 0.0690760 -0.0220030 -0.1132900
v 0.0514310 -0.0220720 -0.1178230
v 0.0338560 -0.0220720 -0.1197760
v 0.0162810 -0.0220720 -0.1204270
v -0.0012940 -0.0220720 -0.1204270
v -0.0188690 -0.0220720 -0.1204270
v -0.0364440 -0.0220720 -0.1204270
v -0.0540190 -0.0220720 -0.1197760
v -0.0715940 -0.0220720 -0.1175790
v -0.0891690 -0.0220720 -0.1132670
v -0.3201540 -0.0122660 -0.1209400
v -0.3377420 -0.0112090 -0.1185090
v -0.3530800 -0.0069350 -0.1229260
v 0.0690060 -0.0396470 -0.1132670
v 0.0514310 -0.0396470 -0.1178230
v 0.0338560 -0.0396470 -0.1197760
v 0.0162810 -0.0396470 -0.1204270
v -0.0012940 -0.0396470 -0.1204270
v -0.0188690 -0.0396470 -0.1204270
v -0.0364440 -0.0396470 -0.1204270
v -0.0540190 -0.0396470 -0.1195320
v -0.0715940 -0.0396470 -0.1170910
v -0.0891690 -0.0396470 -0.1118020
v 0.0687040 -0.0573620 -0.1132200
v 0.0509380 -0.0571940 -0.1178000
v 0.0334980 -0.0570270 -0.1197760
v 0.0161830 -0.0571250 -0.1204270
v -0.0012940 -0.0572220 -0.1204270
v -0.0188690 -0.0572220 -0.1204270
v -0.0364440 -0.0572220 -0.1203460
v -0.0540190 -0.0572220 -0.1190440
v -0.0715940 -0.0572220 -0.1158710
v 0.0674300 -0.0751740 -0.1131510
v 0.0494920 -0.0740020 -0.1177630
v 0.0328700 -0.0738630 -0.1196000
v 0.0161560 -0.0745320 -0.1202880
v -0.0012940 -0.0747970 -0.1204270
v -0.0188690 -0.0747970 -0.1204270
v -0.0364440 -0.0747970 -0.1201020
v -0.0540190 -0.0747970 -0.1185560
v -0.0715940 -0.0747970 -0.1145690
v 0.0627710 -0.0916750 -0.1135780
v 0.0467610 -0.0877020 -0.1176930
v 0.0334660 -0.0910330 -0.1189250
v 0.0163230 -0.0921350 -0.1199860
v -0.0012940 -0.0923720 -0.1204270
v -0.0188690 -0.0923720 -0.1204270
v -0.0364440 -0.0923720 -0.1198580
v -0.0540190 -0.0923720 -0.1180680
v -0.0715940 -0.0923720 -0.1137550
v 0.0532720 -0.1064320 -0.1145970
v 0.0337400 -0.1091800 -0.1181490
v 0.0159930 -0.1096820 -0.1198000
v -0.0013920 -0.1098490 -0.1204270
v -0.0188690 -0.1099470 -0.1204270
v -0.0364440 -0.1099470 -0.1197760
v -0.0540190 -0.1099470 -0.1175790
v -0.0715940 -0.1099470 -0.1127790
v 0.0502120 -0.1271590 -0.1134990
v 0.0316570 -0.1266570 -0.1177860
v 0.0148910 -0.1264900 -0.1196000
v -0.0017540 -0.1270620 -0.1202880
v -0.0189670 -0.1274240 -0.1204270
v -0.0364440 -0.1275220 -0.1195320
v -0.0540190 -0.1275220 -0.1170100
v -0.0715940 -0.1275220 -0.1112330
v 0.0435680 -0.1448680 -0.1133630
v 0.0274220 -0.1403650 -0.1175700
v 0.0138020 -0.1429530 -0.1187300
v -0.0026420 -0.1439110 -0.1194970
v -0.0196220 -0.1448320 -0.1196480
v -0.0370300 -0.1449990 -0.1181980
v -0.0543770 -0.1449020 -0.1148290
v 0.0292700 -0.1591930 -0.1140670
v 0.0107010 -0.1572870 -0.1172910
v -0.0037160 -0.1612490 -0.1174750
v -0.0213470 -0.1621700 -0.1172350
v -0.0385690 -0.1617380 -0.1157060
v -0.0550050 -0.1617370 -0.1113930
v 0.0140610 -0.1769110 -0.1124040
v -0.0072220 -0.1792710 -0.1134550
v -0.0256760 -0.1788380 -0.1130020
v -0.0412250 -0.1754930 -0.1117150
v 0.3347780 -0.2195800 -0.1076660
v 0.3201820 -0.2169770 -0.1115380
v 0.3024480 -0.2153890 -0.1098000
v 0.3477920 -0.2524230 -0.1151680
v 0.3313720 -0.2370060 -0.1181410
v 0.3117050 -0.2337340 -0.1201980
v 0.2953780 -0.2327920 -0.1136300
v -0.2096160 -0.2545750 -0.1045320
v -0.2234850 -0.2520710 -0.1089640
v 0.3578180 -0.2695240 -0.1100490
v 0.2911280 -0.2498300 -0.1163650
v -0.2404130 -0.2506540 -0.1072550
v 0.2887260 -0.2669400 -0.1182200
v -0.2121770 -0.2693380 -0.1102520
v -0.2309530 -0.2712530 -0.1161800
v -0.2482180 -0.2646730 -0.1094820
v 0.3577010 -0.2866870 -0.1169690
v 0.2865590 -0.2850170 -0.1194890
v -0.1988250 -0.3038060 -0.1116200
v -0.2128340 -0.2875430 -0.1175480
v -0.2482400 -0.2841460 -0.1161800
v 0.3587100 -0.3063080 -0.1215280
v 0.2843050 -0.3030340 -0.1197430
v -0.2575110 -0.3033260 -0.1180680
v 0.3621790 -0.3239160 -0.1167390
v 0.2838470 -0.3205810 -0.1198730
v -0.1989320 -0.3208280 -0.1174130
v -0.2641860 -0.3209860 -0.1186360
v 0.3615460 -0.3376350 -0.1203870
v 0.2851280 -0.3382260 -0.1197380
v -0.1992080 -0.3403580 -0.1209480
v -0.2681160 -0.3388340 -0.1177590
v 0.3603990 -0.3509750 -0.1256840
v 0.2877830 -0.3552710 -0.1186170
v -0.1954210 -0.3581220 -0.1151760
v -0.2695350 -0.3551210 -0.1129260
v 0.3561840 -0.3690750 -0.1256550
v 0.2929970 -0.3688470 -0.1168480
v -0.1975370 -0.3725530 -0.1185360
v -0.2643370 -0.3765590 -0.1226310
v 0.3458350 -0.3885600 -0.1196890
v 0.2990110 -0.3863930 -0.1245820
v -0.1994880 -0.3889200 -0.1215120
v -0.2626330 -0.3951680 -0.1253960
v 0.3456630 -0.4083530 -0.1281640
v 0.2957860 -0.4055850 -0.1428520
v -0.2004230 -0.4040420 -0.1253340
v -0.2618240 -0.4090600 -0.1219080
v 0.3471600 -0.4257660 -0.1334340
v 0.2996600 -0.4260270 -0.1413280
v -0.2024670 -0.4227740 -0.1213480
v 0.3367410 -0.4387610 -0.1326770
v 0.3223830 -0.4421710 -0.1331360
v 0.3043220 -0.4464770 -0.1419320
v -0.1924580 -0.4488140 -0.1372300
v -0.2008330 -0.4435840 -0.1261930
v -0.2520530 -0.4446430 -0.1235960
v 0.3315570 -0.4560430 -0.1394000
v 0.3149380 -0.4572120 -0.1398950
v -0.1987340 -0.4601130 -0.1319550
v -0.2430930 -0.4605080 -0.1264670
v -0.2091610 -0.4715690 -0.1306890
v -0.2263790 -0.4728260 -0.1300950
v -0.2113140 -0.4866750 -0.1383540
v 0.3336640 0.4251510 -0.1663490
v 0.3477780 0.4163720 -0.1621710
v 0.3356250 0.4123880 -0.1542400
v 0.3196770 0.4127290 -0.1570610
v 0.3043300 0.4022680 -0.1524480
v 0.3555590 0.4012040 -0.1592970
v 0.2897760 0.3920440 -0.1577830
v 0.3427710 0.3862420 -0.1434160
v -0.3359200 0.3772050 -0.1648470
v -0.3531170 0.3774270 -0.1600920
v -0.3710830 0.3722390 -0.1600750
v 0.3449920 0.3620180 -0.1419840
v -0.3207580 0.3595050 -0.1600070
v -0.3851950 0.3615500 -0.1652150
v 0.3388820 0.3420200 -0.1362360
v 0.2653260 0.3433960 -0.1418880
v -0.3097610 0.3417130 -0.1532990
v -0.3846900 0.3433950 -0.1569840
v 0.3368740 0.3297540 -0.1444860
v 0.2590460 0.3289160 -0.1377890
v 0.2515750 0.3119350 -0.1363750
v 0.2336210 0.3093450 -0.1291820
v 0.3254110 0.3145270 -0.1394600
v 0.2130640 0.3056270 -0.1260420
v 0.3131560 0.3023140 -0.1370850
v 0.2642220 0.2981750 -0.1404730
v 0.2457170 0.2949110 -0.1339430
v 0.2271710 0.2926310 -0.1313390
v 0.2124340 0.2894730 -0.1300710
v 0.1988320 0.2932310 -0.1266730
v -0.2881750 0.2983310 -0.1390570
v -0.3705010 0.2994030 -0.1336170
v 0.3005290 0.2936980 -0.1334910
v 0.2830940 0.2903050 -0.1357540
v 0.2608410 0.2814680 -0.1280370
v 0.2389990 0.2787470 -0.1270430
v 0.2202810 0.2769520 -0.1264200
v 0.2030770 0.2775710 -0.1257670
v 0.1892570 0.2813040 -0.1238090
v -0.2831080 0.2792580 -0.1347470
v -0.3624300 0.2824480 -0.1336710
v -0.2893110 0.2578170 -0.1351800
v -0.3463320 0.2653500 -0.1414570
v -0.3003970 0.2439530 -0.1299350
v -0.3161520 0.2490820 -0.1356930
v -0.3294910 0.2565620 -0.1416890
v 0.3139670 0.0631660 -0.1392560
v 0.2820440 0.0650770 -0.1352350
v -0.3087080 0.0569650 -0.1343700
v -0.3216190 0.0615240 -0.1338990
v -0.3338840 0.0612810 -0.1382690
v 0.2656640 0.0565040 -0.1387300
v -0.2952360 0.0498230 -0.1303220
v -0.3517290 0.0577310 -0.1431870
v -0.3650260 0.0573400 -0.1613750
v 0.2539680 0.0449510 -0.1389490
v -0.3693180 0.0459260 -0.1430310
v -0.3846510 0.0434320 -0.1627430
v 0.3543780 0.0305620 -0.1576300
v 0.3417570 0.0306430 -0.1397990
v 0.2473580 0.0304340 -0.1357140
v -0.2856900 0.0343990 -0.1317870
v 0.3449630 0.0159090 -0.1468010
v 0.2476970 0.0138160 -0.1269810
v -0.2911090 0.0157940 -0.1383560
v -0.3762060 0.0138990 -0.1395760
v 0.3310310 0.0035120 -0.1420150
v 0.3178530 -0.0047160 -0.1447800
v 0.2997310 -0.0051240 -0.1428510
v 0.2841340 -0.0018910 -0.1347450
v 0.2687150 0.0036380 -0.1334340
v -0.3034950 -0.0005010 -0.1428830
v -0.3663990 -0.0022170 -0.1353180
v -0.3188280 -0.0125960 -0.1390700
v -0.3360980 -0.0164920 -0.1377810
v -0.3527990 -0.0135590 -0.1375520
v 0.3360220 -0.2561530 -0.1268330
v 0.3206450 -0.2524150 -0.1288530
v 0.3475220 -0.2701620 -0.1247040
v 0.3038150 -0.2499880 -0.1254480
v 0.3310170 -0.2729510 -0.1358740
v 0.3108350 -0.2683800 -0.1348890
v 0.2972050 -0.2636070 -0.1274000
v 0.3477040 -0.2879180 -0.1314710
v 0.2988650 -0.2829110 -0.1337620
v -0.2121000 -0.3056520 -0.1241200
v -0.2287440 -0.2932840 -0.1243640
v 0.3578170 -0.3217330 -0.1297610
v 0.3480620 -0.3051120 -0.1378480
v 0.2928940 -0.3026620 -0.1346250
v -0.2249700 -0.3096870 -0.1313010
v -0.2406200 -0.3054930 -0.1283390
v 0.2896540 -0.3198420 -0.1349580
v -0.2125040 -0.3230450 -0.1293020
v -0.2297820 -0.3255050 -0.1370390
v -0.2492590 -0.3218600 -0.1314430
v 0.3570680 -0.3376540 -0.1348600
v 0.2893510 -0.3372720 -0.1356550
v -0.2027170 -0.3569310 -0.1287980
v -0.2133500 -0.3404570 -0.1358280
v -0.2551140 -0.3393600 -0.1330210
v 0.3558220 -0.3542670 -0.1379060
v 0.2902830 -0.3556320 -0.1352860
v -0.2588910 -0.3597540 -0.1321050
v 0.3545570 -0.3699650 -0.1419380
v 0.2920390 -0.3720840 -0.1310600
v -0.2039720 -0.3734730 -0.1334210
v -0.2556300 -0.3789320 -0.1385640
v 0.3542990 -0.3916760 -0.1391410
v 0.2946330 -0.3872850 -0.1403410
v -0.2046540 -0.3908250 -0.1364060
v -0.2577560 -0.3931270 -0.1378940
v 0.3549040 -0.4124750 -0.1380200
v 0.2915660 -0.4102810 -0.1617430
v -0.2030020 -0.4118550 -0.1407100
v -0.2598700 -0.4096000 -0.1382330
v 0.3567960 -0.4259250 -0.1452310
v 0.2897470 -0.4261800 -0.1577430
v -0.1953160 -0.4336210 -0.1385070
v -0.2610020 -0.4264910 -0.1380330
v 0.3477240 -0.4417470 -0.1407500
v 0.2907650 -0.4444570 -0.1567490
v -0.2597530 -0.4440110 -0.1383580
v 0.3476520 -0.4587500 -0.1501000
v 0.3045650 -0.4648410 -0.1478220
v -0.1882730 -0.4613900 -0.1449090
v -0.2541740 -0.4611160 -0.1393460
v 0.3353530 -0.4723400 -0.1489810
v 0.3180380 -0.4743260 -0.1484210
v 0.2997620 -0.4818460 -0.1592710
v -0.1966150 -0.4759520 -0.1399780
v -0.2431960 -0.4772780 -0.1408440
v 0.3130970 -0.4917830 -0.1577180
v -0.1955430 -0.4931690 -0.1491820
v -0.2281610 -0.4926910 -0.1446430
v -0.1940560 -0.5110430 -0.1574930
v -0.2111570 -0.5048820 -0.1507160
v 0.3329560 0.4393480 -0.1811200
v 0.3604910 0.4386590 -0.1863980
v 0.3480920 0.4325500 -0.1755350
v 0.3182670 0.4287450 -0.1752300
v -0.3335620 0.3847160 -0.1779400
v -0.3493660 0.3930390 -0.1789920
v -0.3694280 0.3895930 -0.1758030
v 0.3577170 0.3818520 -0.1586550
v 0.2780840 0.3753290 -0.1537400
v -0.3256590 0.3742480 -0.1722400
v -0.3856000 0.3782680 -0.1768170
v 0.3561030 0.3627850 -0.1620700
v 0.2731510 0.3626880 -0.1607620
v -0.3953970 0.3634610 -0.1813310
v 0.3471270 0.3460140 -0.1515950
v 0.2685950 0.3497530 -0.1532120
v -0.3935740 0.3480410 -0.1739090
v 0.3415520 0.3331560 -0.1607130
v 0.2692380 0.3334120 -0.1552710
v -0.2953710 0.3122490 -0.1496890
v -0.3020850 0.3292590 -0.1596810
v -0.3873170 0.3274050 -0.1596440
v 0.3302880 0.3200110 -0.1554800
v 0.2663000 0.3149990 -0.1481280
v -0.3826430 0.3135030 -0.1558530
v 0.3184390 0.3095260 -0.1504950
v 0.3016020 0.3026000 -0.1503040
v 0.2810400 0.3052320 -0.1522430
v -0.2943510 0.2953970 -0.1534170
v -0.3746270 0.2970030 -0.1484280
v -0.3008580 0.2742700 -0.1511370
v -0.3629550 0.2816390 -0.1572080
v -0.3045600 0.2566590 -0.1414330
v -0.3173290 0.2621270 -0.1494000
v -0.3336370 0.2671830 -0.1556800
v -0.3480640 0.2732220 -0.1599780
v 0.3312050 0.0598440 -0.1556830
v 0.3132820 0.0661930 -0.1586280
v 0.2949910 0.0659630 -0.1520920
v -0.3187890 0.0572510 -0.1493870
v -0.3363020 0.0612810 -0.1549610
v -0.3491150 0.0619020 -0.1601660
v 0.3448450 0.0467270 -0.1524980
v 0.3481640 0.0562600 -0.1723880
v 0.2818650 0.0605690 -0.1549890
v -0.3014190 0.0466910 -0.1450320
v -0.3782810 0.0566980 -0.1768620
v 0.3599070 0.0441180 -0.1720200
v 0.2690290 0.0470700 -0.1586050
v -0.3918750 0.0485590 -0.1802890
v 0.2609950 0.0303220 -0.1530880
v -0.2978180 0.0313330 -0.1520720
v -0.3926640 0.0267100 -0.1626970
v -0.4012470 0.0323510 -0.1793500
v 0.3560810 0.0148460 -0.1639710
v 0.2618420 0.0149370 -0.1451760
v -0.3013340 0.0146810 -0.1569990
v -0.3891800 0.0136240 -0.1570630
v -0.3992620 0.0139800 -0.1738560
v 0.3440220 0.0043360 -0.1553000
v 0.3314430 -0.0056630 -0.1576320
v 0.2805390 0.0013850 -0.1506220
v -0.3101560 0.0004160 -0.1638430
v -0.3809670 -0.0006090 -0.1545750
v 0.3129220 -0.0104120 -0.1605940
v 0.2960420 -0.0067950 -0.1597070
v -0.3198230 -0.0111220 -0.1576910
v -0.3354500 -0.0179700 -0.1558080
v -0.3529490 -0.0184680 -0.1553940
v -0.3687830 -0.0121720 -0.1547800
v 0.3362190 -0.2914920 -0.1412190
v 0.3192800 -0.2898880 -0.1433170
v 0.3473180 -0.3215850 -0.1428320
v 0.3340450 -0.3056140 -0.1468620
v 0.3210960 -0.3083260 -0.1502970
v 0.3067840 -0.3040840 -0.1455480
v 0.3327330 -0.3225200 -0.1512220
v 0.3163290 -0.3220880 -0.1523450
v 0.3006950 -0.3201770 -0.1463380
v -0.2252070 -0.3433590 -0.1430700
v 0.3464670 -0.3388680 -0.1468100
v 0.3300840 -0.3421040 -0.1554730
v 0.3102280 -0.3381080 -0.1538720
v 0.2969060 -0.3338950 -0.1458260
v -0.2140380 -0.3571680 -0.1411000
v -0.2393490 -0.3399830 -0.1417020
v 0.3467100 -0.3570320 -0.1505990
v 0.3013110 -0.3537190 -0.1511070
v -0.2280620 -0.3570000 -0.1469280
v -0.2438480 -0.3570600 -0.1437680
v 0.3474360 -0.3780400 -0.1561600
v 0.2966530 -0.3767440 -0.1499660
v -0.2151130 -0.3738780 -0.1444270
v -0.2296960 -0.3741150 -0.1492020
v -0.2451080 -0.3751230 -0.1459000
v 0.3589020 -0.4103800 -0.1507210
v 0.3546200 -0.3973790 -0.1579700
v 0.2946290 -0.3951790 -0.1524270
v -0.2155000 -0.3919170 -0.1481470
v -0.2312730 -0.3917130 -0.1528780
v -0.2467160 -0.3923080 -0.1485790
v -0.1984190 -0.4295990 -0.1578150
v -0.2161740 -0.4113870 -0.1578730
v -0.2355160 -0.4085710 -0.1595800
v -0.2506520 -0.4091160 -0.1518730
v 0.3612270 -0.4238000 -0.1575010
v -0.1885200 -0.4463100 -0.1508050
v -0.2557970 -0.4264210 -0.1545320
v 0.3583660 -0.4406910 -0.1559580
v -0.2598980 -0.4436760 -0.1549970
v 0.3580270 -0.4595230 -0.1646780
v 0.2935050 -0.4629990 -0.1577430
v -0.1827390 -0.4597330 -0.1585140
v -0.2594840 -0.4603070 -0.1545180
v 0.3476160 -0.4760520 -0.1598770
v 0.2874150 -0.4799380 -0.1739710
v -0.1748440 -0.4839190 -0.1690320
v -0.1834590 -0.4769520 -0.1551310
v -0.2537180 -0.4767660 -0.1551800
v 0.3307330 -0.4904400 -0.1583340
v 0.3034060 -0.5000240 -0.1661570
v -0.1814740 -0.4962890 -0.1610400
v -0.2429070 -0.4940800 -0.1576040
v -0.2514870 -0.4893750 -0.1723570
v 0.3360000 -0.5066070 -0.1698290
v 0.3185440 -0.5092350 -0.1681100
v 0.3002680 -0.5173900 -0.1788050
v -0.1795580 -0.5127110 -0.1682520
v -0.2276410 -0.5110790 -0.1602560
v -0.1897710 -0.5255320 -0.1673930
v -0.2077820 -0.5260990 -0.1656600
v 0.3644460 0.4521350 -0.2000680
v 0.3466530 0.4487540 -0.1915690
v 0.3210750 0.4407740 -0.1892100
v 0.3736550 0.4366360 -0.1946280
v 0.3078600 0.4283220 -0.1933400
v 0.3634070 0.4205080 -0.1763320
v 0.3015180 0.4123670 -0.1712980
v -0.3488690 0.4031080 -0.1967240
v -0.3687720 0.4090600 -0.1971740
v -0.3892190 0.4102890 -0.2050190
v 0.3684550 0.3996560 -0.1751330
v 0.2883280 0.3974830 -0.1789890
v -0.3864690 0.3956030 -0.1918570
v 0.3669020 0.3789270 -0.1784550
v 0.2802050 0.3781630 -0.1718850
v -0.3985340 0.3779920 -0.1957460
v 0.3584120 0.3608210 -0.1772300
v 0.2772860 0.3610680 -0.1748680
v -0.3090360 0.3463320 -0.1681990
v -0.3165230 0.3627630 -0.1776840
v 0.3509800 0.3475870 -0.1684170
v 0.2737530 0.3477820 -0.1668120
v 0.3423920 0.3366440 -0.1739230
v 0.2817020 0.3331740 -0.1715830
v -0.3044690 0.3338620 -0.1749640
v -0.3912840 0.3343540 -0.1694050
v 0.3340770 0.3266020 -0.1685470
v 0.3184040 0.3182140 -0.1674860
v 0.2956360 0.3193320 -0.1694640
v 0.2777800 0.3194060 -0.1604430
v -0.3012230 0.3151390 -0.1696240
v -0.3879790 0.3199040 -0.1719730
v -0.3067030 0.2943200 -0.1692160
v -0.3764570 0.3005130 -0.1697430
v -0.3190800 0.2779700 -0.1645620
v -0.3380840 0.2810320 -0.1735360
v -0.3542100 0.2801400 -0.1702700
v -0.3640740 0.2883740 -0.1746320
v 0.3328880 0.0638760 -0.1742060
v 0.3190220 0.0658460 -0.1771170
v 0.3007160 0.0642020 -0.1710720
v -0.3258990 0.0563040 -0.1682930
v -0.3394980 0.0616910 -0.1689040
v -0.3516200 0.0621700 -0.1737580
v -0.3642130 0.0618840 -0.1781140
v 0.3632730 0.0522340 -0.1883310
v 0.2841690 0.0544010 -0.1744660
v -0.3104330 0.0455710 -0.1624800
v 0.3700260 0.0411700 -0.1856760
v 0.2768130 0.0424560 -0.1777930
v 0.3664070 0.0295060 -0.1748890
v 0.2717720 0.0298180 -0.1713190
v -0.3075430 0.0304480 -0.1701800
v -0.4129340 0.0306770 -0.1996190
v 0.3665100 0.0136460 -0.1819590
v 0.2726620 0.0144850 -0.1632240
v -0.3095380 0.0147790 -0.1747550
v 0.3493240 -0.0014860 -0.1736280
v 0.2872820 0.0003010 -0.1702110
v -0.3151030 0.0027270 -0.1789810
v -0.3922230 0.0019070 -0.1687260
v 0.3285830 -0.0124850 -0.1769940
v 0.3143880 -0.0139850 -0.1746960
v 0.3030040 -0.0096330 -0.1736620
v -0.3221500 -0.0081430 -0.1755450
v -0.3359980 -0.0169310 -0.1737130
v -0.3527930 -0.0201210 -0.1731500
v -0.3699120 -0.0178730 -0.1728430
v -0.3845440 -0.0091920 -0.1715880
v 0.3360300 -0.3615240 -0.1591330
v 0.3202450 -0.3576400 -0.1602250
v 0.3430260 -0.3972820 -0.1728320
v 0.3313180 -0.3766140 -0.1667810
v 0.3116260 -0.3780950 -0.1655290
v 0.3569400 -0.4142710 -0.1683560
v 0.3238960 -0.3939290 -0.1782750
v 0.3095050 -0.3970020 -0.1779740
v 0.2986740 -0.3966360 -0.1672300
v 0.2918600 -0.4139690 -0.1755910
v -0.2003610 -0.4366000 -0.1752330
v -0.2100600 -0.4262240 -0.1699390
v -0.2245180 -0.4229480 -0.1715930
v 0.3617900 -0.4301850 -0.1676200
v 0.2865180 -0.4271880 -0.1744800
v -0.1877870 -0.4492710 -0.1708850
v -0.2422000 -0.4266770 -0.1691710
v 0.3620260 -0.4442750 -0.1731390
v 0.2842490 -0.4439680 -0.1736430
v -0.2521240 -0.4438290 -0.1716140
v 0.3624170 -0.4581690 -0.1785020
v 0.2844770 -0.4618230 -0.1733450
v -0.1776800 -0.4685900 -0.1716300
v -0.2571240 -0.4604460 -0.1708960
v 0.3589780 -0.4750290 -0.1771860
v -0.2577630 -0.4735250 -0.1676550
v 0.3479050 -0.4932510 -0.1712140
v 0.2921000 -0.4982560 -0.1755530
v -0.1715700 -0.4974560 -0.1747120
v 0.3480540 -0.5104990 -0.1825010
v 0.2874290 -0.5151010 -0.1920430
v -0.1692080 -0.5127680 -0.1818690
v -0.2415980 -0.5109870 -0.1775520
v 0.3331890 -0.5220430 -0.1793410
v 0.3167950 -0.5294640 -0.1817610
v 0.3042750 -0.5356640 -0.1885940
v -0.1778060 -0.5284080 -0.1768910
v -0.2266810 -0.5298580 -0.1770360
v -0.1748370 -0.5415110 -0.1872500
v -0.1906250 -0.5428260 -0.1790300
v -0.2104930 -0.5465840 -0.1831310
v 0.3785730 0.4721100 -0.2229760
v 0.3669220 0.4672670 -0.2147140
v 0.3511590 0.4621500 -0.2085080
v 0.3311120 0.4491130 -0.1940180
v 0.3371860 0.4560310 -0.2041150
v -0.3670870 0.4232430 -0.2150320
v -0.3846560 0.4245230 -0.2159700
v 0.3775060 0.4174450 -0.1921340
v 0.2951450 0.4112230 -0.1889960
v -0.3363790 0.3920120 -0.1913750
v -0.3983380 0.4161190 -0.2160610
v 0.3768480 0.3984890 -0.1927770
v 0.2900750 0.3981740 -0.1961900
v -0.3251630 0.3782400 -0.1855690
v -0.4024830 0.3981020 -0.2113570
v 0.3723680 0.3833460 -0.1980390
v 0.2848790 0.3853100 -0.1879940
v 0.3619570 0.3670680 -0.1915170
v 0.2856210 0.3680710 -0.1898560
v -0.3109070 0.3482110 -0.1851930
v -0.3183300 0.3653030 -0.1946080
v -0.4008180 0.3610660 -0.1945980
v 0.3488100 0.3497520 -0.1858790
v 0.2834580 0.3494890 -0.1821250
v -0.3985550 0.3510420 -0.1872590
v 0.3327220 0.3338310 -0.1819030
v 0.3150630 0.3335350 -0.1869980
v 0.2966310 0.3387300 -0.1868670
v -0.3096600 0.3306680 -0.1887410
v -0.3930790 0.3348000 -0.1863200
v -0.3126310 0.3113110 -0.1866210
v -0.3815480 0.3157850 -0.1891150
v -0.3216220 0.2942760 -0.1816220
v -0.3371750 0.2972210 -0.1916880
v -0.3674100 0.3001680 -0.1881320
v -0.3525390 0.2900230 -0.1838110
v 0.3495500 0.0611030 -0.1904280
v 0.3334110 0.0651250 -0.1915070
v 0.3162360 0.0646540 -0.1910500
v -0.3364960 0.0571830 -0.1846090
v -0.3538640 0.0620560 -0.1896420
v -0.3692050 0.0622370 -0.1915480
v 0.2998720 0.0588910 -0.1913150
v -0.3191720 0.0451830 -0.1802230
v -0.3861280 0.0579010 -0.1952360
v -0.3966360 0.0563230 -0.2098990
v 0.2875580 0.0459640 -0.1944720
v -0.4021840 0.0462430 -0.1946350
v -0.4105720 0.0452570 -0.2116060
v 0.3751410 0.0293110 -0.1916550
v 0.2805460 0.0296480 -0.1891450
v -0.3161840 0.0300060 -0.1877780
v 0.3761820 0.0136770 -0.1999260
v 0.2812990 0.0139190 -0.1811850
v -0.3176090 0.0141540 -0.1912510
v -0.4098070 0.0144820 -0.1915380
v 0.3632110 -0.0015310 -0.1941500
v 0.2952580 -0.0008170 -0.1872520
v -0.3246910 -0.0004850 -0.1924090
v -0.4002180 -0.0020090 -0.1866440
v 0.3447810 -0.0130050 -0.1945740
v 0.3287190 -0.0157940 -0.1945260
v 0.3132910 -0.0116800 -0.1884950
v -0.3369930 -0.0121700 -0.1917250
v -0.3528740 -0.0192840 -0.1908650
v -0.3703680 -0.0199470 -0.1906560
v -0.3866760 -0.0146090 -0.1897350
v 0.3473170 -0.4185710 -0.1871090
v 0.3304100 -0.4119500 -0.1908310
v 0.3133300 -0.4103480 -0.1900640
v 0.3583220 -0.4302590 -0.1811630
v 0.2997640 -0.4111280 -0.1837770
v -0.2143290 -0.4364930 -0.1845040
v 0.2904820 -0.4273280 -0.1887920
v -0.1976210 -0.4482550 -0.1891700
v -0.2300400 -0.4343930 -0.1825620
v 0.3595320 -0.4484760 -0.1907580
v 0.2842000 -0.4440660 -0.1904330
v -0.1817440 -0.4650550 -0.1917960
v -0.2391240 -0.4447870 -0.1863110
v 0.3626970 -0.4645500 -0.1884910
v 0.2816940 -0.4614460 -0.1907250
v -0.1714530 -0.4818780 -0.1837110
v -0.2477520 -0.4615240 -0.1879270
v 0.3625970 -0.4760160 -0.1925750
v 0.2817870 -0.4790910 -0.1907250
v -0.2526620 -0.4780160 -0.1835040
v 0.3589510 -0.4928830 -0.1896930
v 0.2834650 -0.4969720 -0.1909200
v -0.1661980 -0.4976690 -0.1904320
v -0.2478850 -0.4995320 -0.1937130
v 0.3580290 -0.5119370 -0.1994920
v -0.1635370 -0.5107940 -0.1947770
v -0.2442950 -0.5179580 -0.1956570
v 0.3473270 -0.5275440 -0.1948300
v 0.2930660 -0.5331090 -0.1952000
v -0.1661150 -0.5273110 -0.1926510
v -0.2376410 -0.5307360 -0.1916960
v 0.3321790 -0.5395390 -0.1935330
v 0.3163710 -0.5469310 -0.1956040
v 0.3018180 -0.5496050 -0.2015790
v -0.1654500 -0.5451700 -0.2006270
v -0.2261820 -0.5464380 -0.1930400
v -0.1771530 -0.5562590 -0.1957870
v -0.1945680 -0.5623080 -0.1953630
v -0.2123730 -0.5625720 -0.2002840
v 0.3818420 0.4829020 -0.2359240
v 0.3675120 0.4801880 -0.2297740
v 0.3547550 0.4726050 -0.2225310
v 0.3890880 0.4694540 -0.2292560
v 0.3805470 0.4556020 -0.2126380
v 0.3221110 0.4474500 -0.2064330
v 0.3859890 0.4352850 -0.2098810
v 0.3098340 0.4315650 -0.2156270
v -0.3535700 0.4137860 -0.2104820
v -0.3563470 0.4236950 -0.2265710
v -0.4034460 0.4277860 -0.2302790
v 0.3851160 0.4148160 -0.2114130
v 0.2989240 0.4123360 -0.2072660
v -0.3387820 0.3993920 -0.2102640
v -0.3457730 0.4116020 -0.2227460
v 0.3796860 0.3969520 -0.2070830
v 0.2950360 0.3954310 -0.2095860
v -0.3268220 0.3818330 -0.2020240
v -0.4120880 0.4000120 -0.2306510
v 0.3737550 0.3876990 -0.2120560
v 0.2907130 0.3829050 -0.2017530
v -0.4054670 0.3799800 -0.2124450
v 0.3642520 0.3743020 -0.2075370
v 0.2987610 0.3681940 -0.2066630
v -0.3224120 0.3694120 -0.2097620
v -0.4025930 0.3652850 -0.2084600
v 0.3529700 0.3607530 -0.2015960
v 0.3352670 0.3508030 -0.2014590
v 0.3120110 0.3535320 -0.2047710
v 0.2944670 0.3541990 -0.1954030
v -0.3180730 0.3501370 -0.2049640
v -0.3981320 0.3490130 -0.2016380
v -0.3223730 0.3268520 -0.2048320
v -0.3854650 0.3336700 -0.2091700
v -0.3246930 0.3081320 -0.1955720
v -0.3368620 0.3137610 -0.2062860
v -0.3683890 0.3162900 -0.2056370
v -0.3524910 0.3045610 -0.1996850
v 0.3654460 0.0559000 -0.2061850
v 0.3501400 0.0630950 -0.2080960
v 0.3328950 0.0646530 -0.2084260
v 0.3158870 0.0615100 -0.2084960
v -0.3448990 0.0558750 -0.2039550
v -0.3591160 0.0617660 -0.2032580
v -0.3718550 0.0622530 -0.2074970
v -0.3839300 0.0617360 -0.2116380
v 0.3749500 0.0441180 -0.2006840
v 0.3014220 0.0527710 -0.2096540
v -0.3289000 0.0445560 -0.1983240
v 0.2944940 0.0415880 -0.2123740
v 0.3907510 0.0297460 -0.2273350
v 0.3826640 0.0300090 -0.2093410
v 0.2897660 0.0294950 -0.2065660
v -0.3254970 0.0287800 -0.2050610
v -0.4217260 0.0301270 -0.2176360
v -0.4275080 0.0298580 -0.2353460
v 0.3849040 0.0137470 -0.2177340
v 0.2902540 0.0136260 -0.1987320
v -0.3279940 0.0127870 -0.2077800
v -0.4196410 0.0142210 -0.2096950
v 0.3728130 -0.0013360 -0.2117640
v 0.3044030 -0.0014030 -0.2044920
v -0.3385920 -0.0029060 -0.2116880
v -0.4120010 0.0016390 -0.2033620
v 0.3578610 -0.0120550 -0.2098240
v 0.3444590 -0.0164960 -0.2116110
v 0.3345850 -0.0164400 -0.2059440
v 0.3208570 -0.0120320 -0.2070170
v -0.3534460 -0.0152780 -0.2090400
v -0.3703680 -0.0199470 -0.2083700
v -0.3877480 -0.0184310 -0.2079240
v -0.4029790 -0.0098800 -0.2062360
v 0.3510890 -0.4341220 -0.1955470
v 0.3350770 -0.4325920 -0.2059000
v 0.3160610 -0.4275130 -0.2050440
v 0.3007710 -0.4267280 -0.1991790
v -0.2127250 -0.4518430 -0.2005750
v 0.3591460 -0.4657840 -0.2039480
v 0.3486740 -0.4483280 -0.2084890
v 0.2904770 -0.4437030 -0.2048830
v -0.1835420 -0.4723340 -0.2104980
v -0.1962460 -0.4611160 -0.2063260
v -0.2257930 -0.4442730 -0.1930500
v 0.2842560 -0.4612080 -0.2075190
v -0.1715410 -0.4851170 -0.2042900
v -0.2303950 -0.4608750 -0.2030890
v 0.3623160 -0.4823980 -0.2027450
v 0.2815430 -0.4789510 -0.2083000
v -0.2419620 -0.4823020 -0.2044200
v 0.3619980 -0.4965360 -0.2082210
v 0.2807990 -0.4965960 -0.2083000
v -0.1639070 -0.5015150 -0.2038870
v -0.2432400 -0.5016000 -0.2120880
v 0.3621870 -0.5106210 -0.2138530
v 0.2817050 -0.5142410 -0.2083000
v -0.1616310 -0.5157360 -0.2076640
v -0.2440610 -0.5160540 -0.2097880
v 0.3580000 -0.5269760 -0.2136480
v 0.2843370 -0.5319830 -0.2090810
v -0.1548720 -0.5372250 -0.2223880
v -0.1590920 -0.5322340 -0.2096110
v -0.2413110 -0.5316950 -0.2073010
v 0.3462960 -0.5443470 -0.2102630
v 0.2904450 -0.5495860 -0.2118150
v -0.1570750 -0.5453970 -0.2139190
v -0.2348800 -0.5437080 -0.2037420
v 0.3314030 -0.5567180 -0.2095920
v 0.3156800 -0.5637670 -0.2119660
v 0.3009950 -0.5663430 -0.2181940
v -0.1623020 -0.5606960 -0.2144640
v -0.2261590 -0.5578060 -0.2092300
v -0.1782330 -0.5737860 -0.2113870
v -0.1980740 -0.5792560 -0.2147600
v -0.2151910 -0.5714650 -0.2151300
v 0.3860840 0.4905190 -0.2501910
v 0.3697900 0.4931920 -0.2495180
v 0.3919440 0.4803460 -0.2427930
v 0.3379550 0.4639150 -0.2224490
v -0.3917500 0.4646060 -0.2543010
v -0.4094080 0.4634480 -0.2549910
v 0.3925550 0.4526180 -0.2267770
v 0.3223910 0.4468900 -0.2303680
v -0.3733030 0.4362770 -0.2305320
v -0.3732120 0.4507830 -0.2484110
v -0.3901830 0.4384740 -0.2307430
v -0.3857480 0.4483680 -0.2398110
v -0.4026010 0.4479770 -0.2427430
v -0.4193080 0.4513740 -0.2549960
v 0.3924350 0.4347540 -0.2274470
v 0.3143720 0.4297000 -0.2311070
v -0.4164170 0.4346730 -0.2473750
v 0.3881390 0.4205810 -0.2303780
v 0.3081940 0.4158750 -0.2257120
v -0.4080960 0.4118860 -0.2249060
v -0.4150700 0.4148160 -0.2413240
v 0.3788630 0.4027640 -0.2238750
v 0.3036210 0.3995360 -0.2218350
v -0.3307940 0.3836800 -0.2197430
v -0.3390280 0.4003110 -0.2299020
v 0.3650500 0.3852910 -0.2230840
v 0.3010220 0.3839600 -0.2165050
v -0.4090990 0.3872680 -0.2235180
v 0.3503220 0.3689780 -0.2161870
v 0.3317750 0.3682610 -0.2208740
v 0.3138290 0.3737300 -0.2209850
v -0.3285640 0.3655550 -0.2235590
v -0.4058590 0.3730700 -0.2251270
v -0.3302210 0.3461230 -0.2219270
v -0.3954860 0.3544480 -0.2229220
v -0.3376180 0.3303230 -0.2192430
v -0.3498700 0.3342420 -0.2272110
v -0.3662860 0.3335610 -0.2242950
v -0.3814440 0.3443550 -0.2287300
v -0.3519750 0.3208070 -0.2150970
v 0.3669760 0.0590080 -0.2247640
v 0.3502050 0.0635950 -0.2258060
v 0.3327110 0.0622240 -0.2258750
v -0.3592320 0.0568840 -0.2199760
v -0.3752650 0.0617260 -0.2210120
v -0.3879000 0.0605810 -0.2244030
v 0.3812970 0.0464680 -0.2214910
v 0.3829940 0.0535050 -0.2413620
v 0.3168490 0.0552630 -0.2261410
v -0.3396600 0.0421120 -0.2186590
v -0.4028520 0.0551000 -0.2255080
v 0.3924480 0.0421600 -0.2386290
v 0.3051190 0.0438900 -0.2261590
v -0.4163000 0.0444340 -0.2287390
v 0.2988530 0.0293250 -0.2235560
v -0.3327950 0.0255380 -0.2192430
v 0.3926130 0.0135560 -0.2355830
v 0.2989720 0.0135560 -0.2162370
v -0.3375630 0.0130490 -0.2246200
v -0.4272010 0.0142350 -0.2274560
v 0.3802380 -0.0013560 -0.2295160
v 0.3134150 -0.0015220 -0.2219230
v -0.3461360 0.0017570 -0.2300100
v -0.4186100 -0.0020450 -0.2218780
v 0.3654730 -0.0117200 -0.2263830
v 0.3497110 -0.0158890 -0.2252420
v 0.3320970 -0.0129350 -0.2224050
v -0.3551380 -0.0094270 -0.2273540
v -0.3705630 -0.0178730 -0.2261820
v -0.3879430 -0.0194580 -0.2258060
v -0.4045830 -0.0146090 -0.2248150
v 0.3331510 -0.4530440 -0.2233020
v 0.3170940 -0.4453910 -0.2208960
v 0.3477750 -0.4655590 -0.2223760
v 0.3019570 -0.4432380 -0.2150220
v -0.1952180 -0.4745980 -0.2221470
v 0.3580690 -0.4811950 -0.2173000
v 0.2928320 -0.4601660 -0.2214980
v -0.1806870 -0.4853570 -0.2235570
v -0.2117640 -0.4673660 -0.2157940
v 0.2867590 -0.4783410 -0.2247690
v -0.1675250 -0.5031550 -0.2216210
v -0.2265230 -0.4803340 -0.2206950
v 0.3587500 -0.4997550 -0.2261950
v 0.2825310 -0.4964560 -0.2257940
v -0.2347380 -0.4970450 -0.2239790
v 0.3619140 -0.5162720 -0.2238080
v 0.2807990 -0.5141710 -0.2258750
v -0.1585150 -0.5231130 -0.2239290
v -0.2379850 -0.5148400 -0.2260340
v 0.3602190 -0.5268850 -0.2294750
v 0.2808800 -0.5317460 -0.2258750
v -0.2382340 -0.5324800 -0.2245170
v 0.3548910 -0.5431540 -0.2302770
v 0.2834030 -0.5493210 -0.2265260
v -0.1529350 -0.5500160 -0.2268810
v -0.2343370 -0.5480320 -0.2187990
v 0.3442530 -0.5608760 -0.2274310
v 0.2897820 -0.5667980 -0.2290320
v -0.1521850 -0.5654700 -0.2336890
v -0.2241950 -0.5672900 -0.2279790
v 0.3304170 -0.5735290 -0.2273660
v 0.3146480 -0.5806820 -0.2293380
v 0.3002140 -0.5829250 -0.2353780
v -0.1626510 -0.5796760 -0.2291240
v -0.2109560 -0.5828110 -0.2285410
v -0.1790050 -0.5908360 -0.2293010
v -0.1958130 -0.5948420 -0.2347650
v 0.3519440 0.4954140 -0.2643870
v 0.3507280 0.4811260 -0.2413090
v -0.3904920 0.4848000 -0.2717710
v -0.4101450 0.4811390 -0.2671540
v -0.4270810 0.4802870 -0.2748110
v 0.3971130 0.4680250 -0.2428860
v 0.3352720 0.4651440 -0.2466770
v -0.3738330 0.4666290 -0.2667990
v -0.4228710 0.4668140 -0.2645190
v 0.3977660 0.4513070 -0.2432270
v 0.3293650 0.4482990 -0.2485430
v -0.3589340 0.4342010 -0.2460910
v -0.3633100 0.4493580 -0.2595930
v -0.4307430 0.4520890 -0.2680700
v 0.3928240 0.4344720 -0.2465300
v 0.3237960 0.4335660 -0.2434930
v -0.3477500 0.4165160 -0.2381540
v 0.3816600 0.4173540 -0.2432540
v 0.3188880 0.4175480 -0.2396730
v 0.3662640 0.4016120 -0.2397010
v 0.3156040 0.4018920 -0.2344400
v -0.3446350 0.4044790 -0.2459210
v -0.4158270 0.4009810 -0.2426220
v 0.3488200 0.3847830 -0.2326150
v 0.3281520 0.3882960 -0.2355740
v 0.3118300 0.3884940 -0.2279850
v -0.3402200 0.3848020 -0.2398090
v -0.4104350 0.3877630 -0.2403450
v -0.3426640 0.3605770 -0.2381670
v -0.3991630 0.3705130 -0.2418140
v -0.3416590 0.3432900 -0.2300610
v -0.3542370 0.3466060 -0.2362250
v -0.3697320 0.3501530 -0.2401100
v -0.3852950 0.3580940 -0.2415950
v 0.3672500 0.0609680 -0.2430180
v 0.3499400 0.0615420 -0.2433250
v -0.3756780 0.0562910 -0.2374710
v -0.3928360 0.0583160 -0.2375110
v 0.3334270 0.0559260 -0.2433530
v -0.3564560 0.0445780 -0.2381260
v -0.4061450 0.0531950 -0.2416560
v 0.3194970 0.0447130 -0.2428970
v -0.3439480 0.0289010 -0.2337290
v -0.4208090 0.0434500 -0.2460210
v 0.4119920 0.0302780 -0.2629080
v 0.4004410 0.0296480 -0.2452460
v 0.3112460 0.0297250 -0.2403910
v -0.4333390 0.0293660 -0.2534500
v 0.4034940 0.0133790 -0.2533040
v 0.3095930 0.0135840 -0.2336450
v -0.3489510 0.0140000 -0.2413310
v -0.4346700 0.0140120 -0.2453280
v 0.3894320 -0.0012940 -0.2476440
v 0.3242880 -0.0015220 -0.2394010
v -0.3579370 -0.0005810 -0.2442920
v -0.4290040 0.0017540 -0.2386960
v 0.3710330 -0.0115410 -0.2457120
v 0.3562390 -0.0152660 -0.2392610
v 0.3415340 -0.0118660 -0.2410840
v -0.3713740 -0.0121720 -0.2442460
v -0.3877050 -0.0183050 -0.2436320
v -0.4050160 -0.0176310 -0.2430460
v -0.4201940 -0.0096680 -0.2413480
v 0.3331760 -0.4711390 -0.2376040
v 0.3166970 -0.4637090 -0.2351990
v 0.3480110 -0.4825630 -0.2338450
v 0.3041740 -0.4575170 -0.2281240
v -0.1930540 -0.4877060 -0.2342680
v 0.2996470 -0.4765730 -0.2385280
v -0.1821600 -0.5031920 -0.2416380
v -0.2095450 -0.4848840 -0.2322340
v 0.3572540 -0.5145830 -0.2370070
v 0.3477590 -0.4993290 -0.2440530
v 0.2896440 -0.4961810 -0.2417280
v -0.1660090 -0.5193050 -0.2416970
v -0.2010210 -0.4996580 -0.2452050
v -0.2148310 -0.5003010 -0.2427210
v -0.2233650 -0.4941420 -0.2335010
v 0.2839840 -0.5141010 -0.2428810
v -0.1544880 -0.5379560 -0.2391690
v -0.2258170 -0.5114200 -0.2410430
v 0.3555280 -0.5305290 -0.2430850
v 0.2816940 -0.5317460 -0.2433690
v -0.2304140 -0.5317490 -0.2421530
v 0.3534270 -0.5443930 -0.2471600
v 0.2814500 -0.5493210 -0.2434500
v -0.1491960 -0.5540520 -0.2404880
v -0.2295830 -0.5526710 -0.2400190
v 0.3508860 -0.5581050 -0.2447600
v 0.2839560 -0.5667000 -0.2437430
v -0.1476780 -0.5645700 -0.2473490
v -0.2237700 -0.5708680 -0.2446340
v 0.3418500 -0.5760720 -0.2474270
v 0.2901210 -0.5828830 -0.2454870
v -0.1508570 -0.5800400 -0.2483570
v -0.2183530 -0.5802590 -0.2397340
v 0.3282280 -0.5893800 -0.2452660
v 0.3129670 -0.5954090 -0.2465880
v 0.2993870 -0.5961580 -0.2514240
v -0.1632250 -0.5963450 -0.2465300
v -0.2085250 -0.5920200 -0.2439720
v -0.1811300 -0.6057460 -0.2496790
v -0.1970540 -0.6024780 -0.2493580
v 0.3829520 0.5026380 -0.2670460
v 0.3883300 0.5121250 -0.2843110
v 0.3659120 0.5059210 -0.2674680
v 0.3715300 0.5156860 -0.2841930
v 0.3563250 0.5089150 -0.2785250
v 0.3973630 0.4841380 -0.2618610
v 0.3988110 0.5011240 -0.2804660
v 0.3454030 0.5005800 -0.2854430
v -0.3898440 0.5016540 -0.2879080
v -0.4068930 0.5015560 -0.2832900
v -0.4245570 0.4957710 -0.2830160
v 0.4058260 0.4871710 -0.2845080
v 0.3420560 0.4806510 -0.2580420
v 0.3407110 0.4827840 -0.2756840
v -0.3778010 0.4857320 -0.2825520
v -0.4381570 0.4846630 -0.2876840
v 0.4002200 0.4649600 -0.2565760
v 0.3376030 0.4714520 -0.2640130
v -0.4366610 0.4663120 -0.2794050
v 0.3982270 0.4517360 -0.2599560
v 0.3369630 0.4562120 -0.2642280
v 0.3922190 0.4405730 -0.2629250
v 0.3357420 0.4375340 -0.2582240
v -0.3571410 0.4392110 -0.2637360
v -0.4259000 0.4397690 -0.2596520
v 0.3854080 0.4299370 -0.2576410
v 0.3693450 0.4211240 -0.2587610
v 0.3498470 0.4265600 -0.2630850
v 0.3333320 0.4200900 -0.2508650
v -0.3521320 0.4211150 -0.2586730
v -0.4236060 0.4245920 -0.2595070
v 0.3466210 0.4054610 -0.2482570
v 0.3281360 0.4057390 -0.2439440
v -0.3523710 0.4004490 -0.2596170
v -0.4154360 0.4045890 -0.2575510
v -0.3575480 0.3783430 -0.2554990
v -0.4025510 0.3868150 -0.2589480
v -0.3584710 0.3598840 -0.2461920
v -0.3717810 0.3658780 -0.2526920
v -0.3873990 0.3737790 -0.2567810
v 0.3835600 0.0566300 -0.2598630
v 0.3665470 0.0596610 -0.2604590
v -0.3929250 0.0526150 -0.2545350
v 0.3991940 0.0458270 -0.2575010
v 0.3500750 0.0552860 -0.2602440
v -0.3729740 0.0442920 -0.2557690
v -0.4102410 0.0500640 -0.2560930
v 0.4157280 0.0462090 -0.2797520
v 0.3360030 0.0449080 -0.2601100
v -0.3576280 0.0296530 -0.2510760
v -0.4250940 0.0423300 -0.2657140
v -0.4374510 0.0402570 -0.2853610
v 0.4465790 0.0300810 -0.2889330
v 0.4286710 0.0302220 -0.2780430
v 0.3259570 0.0300020 -0.2577710
v -0.4429770 0.0286380 -0.2719350
v -0.4570000 0.0280720 -0.2899460
v 0.4363110 0.0136720 -0.2809680
v 0.4184870 0.0132030 -0.2695390
v 0.3215640 0.0136820 -0.2511220
v -0.3632900 0.0136820 -0.2586220
v -0.4432620 0.0131130 -0.2641640
v -0.4564580 0.0129830 -0.2825990
v 0.4015720 -0.0024260 -0.2669420
v 0.3370570 -0.0012350 -0.2568220
v -0.3743120 -0.0022530 -0.2634920
v -0.4345490 -0.0024610 -0.2576190
v 0.3816080 -0.0105660 -0.2618800
v 0.3693800 -0.0136400 -0.2599460
v 0.3558670 -0.0115080 -0.2567360
v -0.3879430 -0.0139750 -0.2615570
v -0.4048460 -0.0175540 -0.2611610
v -0.4211140 -0.0139230 -0.2595640
v 0.3359680 -0.4865290 -0.2465630
v 0.3185390 -0.4846340 -0.2493840
v 0.3470670 -0.5164100 -0.2524210
v 0.3314640 -0.5025970 -0.2578510
v 0.3144590 -0.5024920 -0.2622380
v 0.3016280 -0.4976590 -0.2546060
v -0.1784250 -0.5232590 -0.2587390
v -0.1950350 -0.5158340 -0.2572790
v 0.2924140 -0.5142960 -0.2578710
v -0.1631850 -0.5366020 -0.2586820
v -0.2108720 -0.5137830 -0.2526710
v 0.3465660 -0.5355870 -0.2596860
v 0.2870640 -0.5317450 -0.2593170
v -0.1515200 -0.5544550 -0.2566710
v -0.2178450 -0.5300020 -0.2569060
v 0.3499040 -0.5514970 -0.2567940
v 0.2842160 -0.5493200 -0.2601310
v -0.2204340 -0.5491290 -0.2589190
v 0.3468180 -0.5647380 -0.2601520
v 0.2841510 -0.5667000 -0.2598210
v -0.1471960 -0.5702840 -0.2579420
v -0.2194100 -0.5683350 -0.2588020
v 0.3432240 -0.5776880 -0.2650800
v 0.2865080 -0.5826060 -0.2588970
v -0.1471960 -0.5811410 -0.2641080
v -0.2154710 -0.5836270 -0.2537220
v 0.3362530 -0.5915600 -0.2641810
v 0.2916480 -0.5939180 -0.2578770
v -0.1517900 -0.5961330 -0.2653990
v -0.2045390 -0.5979310 -0.2596220
v 0.3235760 -0.6012090 -0.2611300
v 0.3092700 -0.6038610 -0.2619050
v 0.2980220 -0.6014870 -0.2635090
v -0.1645480 -0.6101380 -0.2645750
v -0.1780220 -0.6166180 -0.2691610
v -0.1920850 -0.6090460 -0.2628240
v 0.3700710 0.5269320 -0.3044960
v 0.3997980 0.5104570 -0.2958130
v -0.3871600 0.5105530 -0.3015980
v -0.4035230 0.5198710 -0.3023300
v -0.4257580 0.5162200 -0.2996630
v -0.4425960 0.5149790 -0.3093350
v 0.4071610 0.4995060 -0.2933230
v -0.3795930 0.4987470 -0.2953930
v -0.4391850 0.5012470 -0.2980270
v -0.4482190 0.4864800 -0.3033230
v 0.4015540 0.4676130 -0.2752640
v 0.3383440 0.4678270 -0.2745730
v -0.3621620 0.4549860 -0.2765740
v -0.3649730 0.4675250 -0.2925360
v -0.3682090 0.4724810 -0.2828350
v -0.4458950 0.4708740 -0.2964880
v 0.3956180 0.4508430 -0.2733620
v 0.3412990 0.4589200 -0.2800240
v -0.4375960 0.4497650 -0.2806600
v 0.3837010 0.4396900 -0.2745830
v 0.3651610 0.4371550 -0.2778940
v 0.3480410 0.4452050 -0.2765250
v -0.3579960 0.4364990 -0.2779890
v -0.4312440 0.4369730 -0.2727150
v -0.3605410 0.4178810 -0.2774000
v -0.4233210 0.4207950 -0.2772410
v -0.3697260 0.3980960 -0.2743590
v -0.4062630 0.4047290 -0.2795930
v -0.3747100 0.3802190 -0.2638610
v -0.3881070 0.3903570 -0.2718910
v 0.3829290 0.0556700 -0.2799380
v 0.4244280 0.0541390 -0.2985240
v 0.3979920 0.0540180 -0.2744440
v 0.4054870 0.0552060 -0.2941050
v 0.3646100 0.0541810 -0.2745620
v -0.3895390 0.0421680 -0.2727340
v -0.4072490 0.0478650 -0.2706260
v -0.4203250 0.0447830 -0.2810840
v 0.4540040 0.0448800 -0.3025700
v 0.4358660 0.0450360 -0.2924310
v 0.3531580 0.0447850 -0.2768380
v -0.3735310 0.0292860 -0.2685620
v -0.4536070 0.0401160 -0.3038740
v 0.4823190 0.0293000 -0.3070770
v 0.4643210 0.0300390 -0.2976180
v 0.3425160 0.0300510 -0.2751090
v -0.4734410 0.0282800 -0.3073580
v 0.4715990 0.0138960 -0.2974350
v 0.4544920 0.0143280 -0.2894180
v 0.3369880 0.0138910 -0.2686280
v -0.3776170 0.0137820 -0.2762610
v -0.4726140 0.0132730 -0.3000150
v 0.4597900 0.0017300 -0.2947100
v 0.4433900 -0.0007820 -0.2896290
v 0.4219770 -0.0026190 -0.2823800
v 0.4049770 -0.0098570 -0.2835090
v 0.3523780 -0.0008920 -0.2739750
v -0.3844640 0.0020300 -0.2813510
v -0.4347640 -0.0116390 -0.2740640
v -0.4491280 -0.0030670 -0.2810420
v 0.3898730 -0.0104280 -0.2787350
v 0.3707280 -0.0099750 -0.2741030
v -0.3884180 -0.0076370 -0.2763720
v -0.4046350 -0.0137290 -0.2812660
v -0.4221160 -0.0163100 -0.2779310
v 0.3358220 -0.5206960 -0.2647730
v 0.3213480 -0.5173030 -0.2694450
v 0.3053580 -0.5154260 -0.2674000
v -0.1761600 -0.5408630 -0.2737980
v -0.1918910 -0.5331630 -0.2700920
v 0.3428060 -0.5513220 -0.2689340
v 0.3307780 -0.5368060 -0.2744740
v 0.3125600 -0.5329910 -0.2777420
v 0.2973120 -0.5319130 -0.2717060
v -0.1619370 -0.5537760 -0.2744930
v -0.2053000 -0.5275100 -0.2637820
v 0.2927600 -0.5493200 -0.2742880
v -0.1509270 -0.5713990 -0.2730040
v -0.2054770 -0.5454590 -0.2725250
v 0.3409210 -0.5667470 -0.2741190
v 0.2902050 -0.5667000 -0.2745160
v -0.2082470 -0.5659130 -0.2749950
v 0.3375470 -0.5814510 -0.2765790
v 0.2899930 -0.5826640 -0.2728070
v -0.1477170 -0.5869010 -0.2744340
v -0.2059560 -0.5870120 -0.2725730
v 0.3331030 -0.5930010 -0.2782130
v 0.2929910 -0.5954910 -0.2689990
v -0.1494300 -0.5967950 -0.2808480
v -0.1974850 -0.6039620 -0.2729950
v 0.3292130 -0.6006090 -0.2730500
v 0.3174820 -0.6038420 -0.2741680
v 0.3037350 -0.6025150 -0.2735360
v -0.1559280 -0.6100290 -0.2817110
v -0.1874700 -0.6138710 -0.2779470
v -0.1674800 -0.6192520 -0.2800290
v -0.1777180 -0.6201970 -0.2819150
v 0.3860490 0.5212300 -0.2985780
v 0.3853270 0.5290630 -0.3162740
v 0.3575810 0.5303500 -0.3168460
v -0.4058140 0.5388350 -0.3230580
v -0.4235990 0.5371220 -0.3171520
v -0.4411400 0.5303130 -0.3180170
v 0.3530190 0.5169040 -0.2977060
v 0.3426440 0.5169940 -0.3197500
v -0.4524740 0.5186890 -0.3231920
v 0.3404750 0.5024060 -0.3044920
v -0.4512990 0.5006850 -0.3150020
v 0.4103800 0.4906870 -0.2998030
v 0.3389450 0.4864680 -0.2953650
v -0.3709700 0.4851290 -0.2986650
v 0.4054260 0.4761390 -0.2969480
v 0.3403210 0.4709230 -0.2879320
v 0.3931420 0.4575140 -0.2921160
v 0.3760220 0.4479020 -0.2948750
v 0.3590540 0.4492620 -0.2952310
v 0.3464990 0.4583770 -0.2933370
v -0.3626800 0.4530900 -0.2947940
v -0.4422130 0.4563840 -0.2915200
v -0.3651150 0.4352360 -0.2951060
v -0.4349610 0.4395210 -0.2923730
v -0.3734190 0.4182780 -0.2930630
v -0.4179760 0.4232770 -0.2992360
v -0.3878760 0.4062950 -0.2881090
v -0.4011030 0.4145370 -0.2979640
v 0.4603970 0.0544210 -0.3171530
v 0.4417420 0.0556670 -0.3120120
v 0.3904270 0.0530390 -0.2993270
v -0.4078140 0.0406860 -0.2892510
v -0.4249780 0.0436880 -0.2929430
v -0.4358880 0.0431980 -0.3007340
v 0.4900100 0.0439390 -0.3214770
v 0.4718350 0.0447410 -0.3113690
v 0.3730630 0.0457070 -0.2930600
v -0.3894560 0.0287880 -0.2856870
v -0.4716200 0.0406530 -0.3209170
v 0.5029720 0.0265390 -0.3175350
v 0.3603220 0.0300710 -0.2924410
v -0.4890330 0.0292930 -0.3237170
v 0.5183170 0.0134860 -0.3234450
v 0.5035030 0.0094360 -0.3134390
v 0.4888720 0.0126270 -0.3063440
v 0.3536400 0.0139240 -0.2859890
v -0.3913000 0.0134250 -0.2932210
v -0.4890220 0.0141170 -0.3174640
v 0.4936580 -0.0002560 -0.3112800
v 0.4748970 -0.0030070 -0.3050080
v 0.3819220 -0.0091460 -0.2902850
v 0.3684900 -0.0003020 -0.2910300
v -0.3980450 -0.0021950 -0.2944590
v -0.4115550 -0.0113540 -0.3007110
v -0.4668750 -0.0013380 -0.2979470
v 0.4523570 -0.0107800 -0.3036070
v 0.4317330 -0.0117090 -0.2990680
v 0.4135170 -0.0120230 -0.2971920
v 0.3966340 -0.0107840 -0.2952360
v -0.4239710 -0.0163920 -0.2967470
v -0.4415520 -0.0148910 -0.2937050
v -0.4586800 -0.0114680 -0.3000200
v 0.3343100 -0.5543300 -0.2795230
v 0.3217300 -0.5508030 -0.2837080
v -0.1738500 -0.5557690 -0.2845160
v 0.3061440 -0.5495570 -0.2825160
v -0.1633400 -0.5719430 -0.2888250
v -0.1878300 -0.5502410 -0.2820210
v 0.3308030 -0.5673700 -0.2838520
v 0.3166780 -0.5670630 -0.2878650
v 0.3016940 -0.5667980 -0.2844100
v -0.1519930 -0.5859550 -0.2859580
v -0.1811990 -0.5674600 -0.2911910
v -0.1959240 -0.5621290 -0.2846170
v 0.3274700 -0.5827290 -0.2851460
v 0.3133140 -0.5832180 -0.2875510
v 0.2993830 -0.5829900 -0.2830760
v -0.1908580 -0.5819720 -0.2895320
v 0.3230090 -0.5960560 -0.2824130
v 0.3091150 -0.5964150 -0.2826690
v 0.2976750 -0.5941960 -0.2788150
v -0.1539650 -0.6001190 -0.2916400
v -0.1898640 -0.6037840 -0.2873510
v -0.1584880 -0.6105620 -0.2944400
v -0.1816740 -0.6169140 -0.2885110
v -0.1624170 -0.6176430 -0.2904290
v -0.1720820 -0.6198530 -0.2909600
v 0.3716580 0.5354920 -0.3201660
v -0.4061880 0.5537020 -0.3405340
v -0.4228090 0.5550830 -0.3351920
v -0.4430460 0.5506840 -0.3347360
v -0.4589230 0.5500300 -0.3454070
v 0.3996070 0.5171980 -0.3127310
v -0.3902960 0.5228470 -0.3158630
v -0.3917870 0.5361370 -0.3351710
v -0.4565210 0.5343060 -0.3354480
v 0.4083940 0.5028070 -0.3075800
v -0.3783840 0.5054750 -0.3115910
v -0.3822120 0.5188130 -0.3269220
v 0.3364630 0.5004890 -0.3195360
v 0.4083380 0.4862460 -0.3168570
v 0.3375810 0.4874030 -0.3130390
v -0.3719050 0.4915850 -0.3165170
v -0.4534400 0.4842070 -0.3164370
v 0.3977120 0.4673470 -0.3138260
v 0.3414980 0.4721180 -0.3047160
v -0.3677980 0.4728230 -0.3111540
v -0.4510280 0.4739710 -0.3097450
v 0.3822370 0.4565040 -0.3127940
v 0.3657150 0.4543800 -0.3128160
v 0.3511430 0.4605100 -0.3106400
v -0.3690610 0.4529210 -0.3124340
v -0.4443370 0.4576120 -0.3090580
v -0.3763250 0.4354940 -0.3105240
v -0.4305140 0.4406120 -0.3141330
v -0.3883890 0.4212940 -0.3051890
v -0.4036010 0.4259390 -0.3126350
v -0.4166590 0.4328720 -0.3179410
v 0.4221150 0.0580550 -0.3134230
v 0.4947940 0.0528030 -0.3361230
v 0.4765530 0.0555410 -0.3302700
v 0.4049390 0.0532770 -0.3139250
v -0.4220540 0.0391880 -0.3085750
v -0.4404600 0.0439790 -0.3147070
v -0.4546170 0.0452760 -0.3198560
v 0.5081660 0.0432910 -0.3334000
v 0.3898280 0.0435830 -0.3134680
v -0.4038720 0.0275590 -0.3034780
v -0.4865200 0.0393080 -0.3320320
v 0.5383010 0.0322820 -0.3439810
v 0.5232220 0.0298480 -0.3322680
v 0.3782130 0.0294900 -0.3105730
v -0.4973960 0.0323420 -0.3377750
v 0.3712940 0.0130180 -0.3035230
v -0.4035650 0.0118140 -0.3108270
v -0.5046880 0.0169120 -0.3368510
v 0.5279750 0.0018880 -0.3299150
v 0.5100120 -0.0041020 -0.3220400
v 0.3864090 -0.0027080 -0.3069890
v -0.4116980 -0.0031180 -0.3165230
v -0.4835080 -0.0010800 -0.3148470
v 0.4879480 -0.0132500 -0.3213940
v 0.4659670 -0.0157130 -0.3171910
v 0.4509880 -0.0181560 -0.3179960
v 0.4378420 -0.0170070 -0.3147670
v 0.4209550 -0.0150480 -0.3134240
v 0.4039470 -0.0111010 -0.3114980
v -0.4249450 -0.0142270 -0.3148620
v -0.4405580 -0.0189280 -0.3129030
v -0.4574350 -0.0183970 -0.3137500
v -0.4727340 -0.0125660 -0.3149310
v -0.1592540 -0.5889610 -0.2956770
v -0.1720900 -0.5853050 -0.2969960
v -0.1632100 -0.6007940 -0.2990880
v -0.1769480 -0.6007830 -0.2979370
v -0.1675950 -0.6129850 -0.2974550
v -0.1780680 -0.6126480 -0.2952280
v -0.4043950 0.5606580 -0.3535360
v -0.4193830 0.5690670 -0.3544260
v -0.4387990 0.5690380 -0.3508140
v -0.4552800 0.5637930 -0.3527170
v 0.3835940 0.5378580 -0.3355570
v 0.3893330 0.5420030 -0.3533020
v 0.3648440 0.5404780 -0.3334350
v 0.3748030 0.5466360 -0.3506290
v 0.3578850 0.5451360 -0.3498620
v -0.3967400 0.5503990 -0.3479440
v -0.4663330 0.5540980 -0.3588770
v 0.3991380 0.5253000 -0.3306080
v 0.3998760 0.5313850 -0.3477980
v 0.3490030 0.5335240 -0.3340080
v 0.3432670 0.5363790 -0.3518710
v -0.4661610 0.5391830 -0.3518380
v 0.4091610 0.5067440 -0.3283050
v 0.4083220 0.5185790 -0.3431350
v 0.3378280 0.5210430 -0.3399590
v -0.4608080 0.5188230 -0.3362130
v -0.4649940 0.5236290 -0.3484450
v 0.3349430 0.5047320 -0.3331950
v -0.3758120 0.5055910 -0.3295710
v -0.4583980 0.5055660 -0.3324170
v 0.4090150 0.4891350 -0.3389730
v 0.3364260 0.4887530 -0.3297530
v -0.3729480 0.4887690 -0.3309340
v -0.4552210 0.4888570 -0.3302310
v 0.3993450 0.4730750 -0.3328740
v 0.3425170 0.4735120 -0.3226680
v -0.3736890 0.4703840 -0.3301440
v -0.4506210 0.4722650 -0.3241980
v 0.3852270 0.4618650 -0.3303490
v 0.3697090 0.4579360 -0.3298840
v 0.3541970 0.4627060 -0.3287910
v -0.3793960 0.4524060 -0.3276710
v -0.4378930 0.4582420 -0.3327650
v -0.3899390 0.4368450 -0.3218920
v -0.4050430 0.4394810 -0.3288310
v -0.4206840 0.4455860 -0.3316570
v 0.4566360 0.0595080 -0.3311570
v 0.4377170 0.0589450 -0.3302790
v 0.5080960 0.0520050 -0.3502220
v 0.4206950 0.0543520 -0.3299140
v -0.4317490 0.0391080 -0.3290990
v -0.4458950 0.0452850 -0.3291550
v -0.4612020 0.0473160 -0.3353210
v -0.4610440 0.0479730 -0.3514460
v -0.4772630 0.0456090 -0.3361740
v -0.4724100 0.0479940 -0.3466170
v 0.5452940 0.0384690 -0.3550370
v 0.5277950 0.0429510 -0.3491240
v 0.4063230 0.0442390 -0.3301400
v -0.4156430 0.0249990 -0.3247830
v 0.5529260 0.0276830 -0.3524270
v 0.3953090 0.0291140 -0.3284460
v 0.5383300 0.0167230 -0.3371850
v 0.3895520 0.0107570 -0.3230100
v -0.4112900 0.0092950 -0.3262090
v -0.5192680 0.0128730 -0.3569650
v 0.5425900 -0.0010850 -0.3422710
v 0.3979950 -0.0039710 -0.3225050
v -0.4175700 0.0008280 -0.3340670
v -0.4996180 -0.0000760 -0.3319290
v 0.5259780 -0.0115460 -0.3367770
v 0.5073610 -0.0191240 -0.3356560
v 0.4896960 -0.0238480 -0.3402180
v 0.4724840 -0.0203560 -0.3329460
v 0.4558540 -0.0193730 -0.3302980
v 0.4429740 -0.0187240 -0.3272960
v 0.4288670 -0.0149430 -0.3290770
v 0.4117040 -0.0095460 -0.3271700
v -0.4262460 -0.0102510 -0.3325950
v -0.4409140 -0.0191670 -0.3306180
v -0.4546600 -0.0215500 -0.3274080
v -0.4730440 -0.0216240 -0.3338750
v -0.4895050 -0.0130520 -0.3318230
v -0.4193270 0.5772960 -0.3715290
v -0.4358000 0.5821640 -0.3709910
v -0.4513240 0.5763710 -0.3649050
v -0.4645180 0.5682530 -0.3717090
v -0.3826390 0.5223880 -0.3426420
v -0.3894770 0.5394890 -0.3532810
v 0.3325380 0.5229000 -0.3572450
v 0.3286100 0.5233600 -0.3738720
v 0.4126590 0.5052900 -0.3487360
v 0.3322900 0.5071210 -0.3495930
v -0.3791730 0.5057480 -0.3473800
v -0.4627550 0.5106550 -0.3450330
v 0.4093650 0.4904950 -0.3573480
v 0.3346350 0.4932170 -0.3438170
v -0.3797650 0.4872380 -0.3476400
v -0.4587710 0.4967260 -0.3470360
v 0.3995460 0.4767530 -0.3512760
v 0.3429530 0.4770480 -0.3436210
v -0.3836670 0.4687560 -0.3445620
v -0.4482460 0.4779030 -0.3457290
v 0.3856570 0.4659100 -0.3472730
v 0.3734430 0.4603590 -0.3432370
v 0.3588720 0.4642820 -0.3462560
v -0.3920920 0.4523780 -0.3381440
v -0.4066820 0.4544290 -0.3445000
v -0.4220130 0.4600420 -0.3482690
v -0.4347220 0.4684090 -0.3521710
v 0.4895910 0.0574620 -0.3492950
v 0.4712070 0.0589100 -0.3480260
v 0.4519360 0.0559600 -0.3490480
v 0.4340900 0.0540730 -0.3429860
v -0.4444520 0.0424060 -0.3479230
v 0.5595920 0.0369050 -0.3678580
v 0.4228240 0.0444550 -0.3449690
v -0.4275110 0.0287870 -0.3453700
v -0.4898130 0.0425630 -0.3504480
v -0.5050690 0.0404790 -0.3717410
v 0.5721040 0.0227820 -0.3679530
v 0.4123580 0.0295440 -0.3443830
v -0.4198130 0.0131390 -0.3413270
v -0.5089280 0.0291660 -0.3529540
v -0.5244800 0.0260060 -0.3732440
v 0.5842940 0.0098630 -0.3772090
v 0.5713430 0.0077740 -0.3637090
v 0.5575060 0.0122200 -0.3519840
v 0.4059490 0.0130960 -0.3399670
v 0.5586180 -0.0034320 -0.3576560
v 0.4210680 -0.0034950 -0.3429660
v 0.4036640 0.0004310 -0.3332290
v -0.4288200 -0.0022680 -0.3513260
v -0.5125830 0.0016840 -0.3469070
v 0.5415960 -0.0155370 -0.3526810
v 0.5233930 -0.0243370 -0.3508060
v 0.4751440 -0.0226930 -0.3496170
v 0.4610040 -0.0199030 -0.3436740
v 0.4434610 -0.0146910 -0.3430100
v -0.4423830 -0.0166240 -0.3491650
v -0.4606840 -0.0245210 -0.3465170
v -0.4927270 -0.0226160 -0.3497740
v -0.5060860 -0.0113770 -0.3483690
v 0.5050840 -0.0282950 -0.3536540
v 0.4892640 -0.0269640 -0.3549030
v -0.4796840 -0.0271180 -0.3527660
v -0.4390590 0.5910540 -0.3915980
v -0.4076350 0.5673300 -0.3663430
v 0.3859140 0.5475500 -0.3679560
v 0.3688100 0.5527170 -0.3674270
v -0.3970600 0.5545890 -0.3607650
v 0.4001250 0.5356340 -0.3651440
v 0.3515300 0.5487650 -0.3672650
v -0.4710560 0.5538820 -0.3717880
v 0.4093860 0.5205660 -0.3583380
v 0.3375740 0.5380110 -0.3694410
v -0.3921990 0.5443820 -0.3677360
v -0.4706380 0.5413700 -0.3669220
v -0.3870210 0.5260150 -0.3635100
v -0.4686820 0.5282890 -0.3615620
v 0.4123530 0.5056590 -0.3664800
v 0.3292630 0.5103020 -0.3637910
v -0.3871700 0.5049390 -0.3649220
v -0.4631640 0.5116380 -0.3616550
v 0.4081310 0.4927750 -0.3723610
v 0.3341780 0.4932620 -0.3616940
v -0.3928060 0.4838920 -0.3619100
v -0.4517040 0.4938160 -0.3649850
v 0.3993600 0.4808630 -0.3686700
v 0.3845790 0.4704180 -0.3650610
v 0.3497230 0.4753600 -0.3666300
v -0.3951650 0.4656620 -0.3513360
v -0.4072120 0.4703140 -0.3590870
v -0.4224600 0.4745790 -0.3643440
v -0.4378100 0.4816610 -0.3657420
v 0.3691610 0.4659090 -0.3587680
v 0.5019810 0.0527880 -0.3670470
v 0.4832950 0.0543330 -0.3648340
v 0.5437940 0.0446760 -0.3680120
v 0.5238230 0.0494470 -0.3701610
v 0.4676500 0.0540730 -0.3616070
v 0.4571000 0.0448290 -0.3668260
v -0.4459920 0.0392630 -0.3660020
v -0.4554770 0.0455650 -0.3619610
v -0.4717140 0.0473420 -0.3633160
v -0.4876510 0.0458640 -0.3703120
v 0.5761150 0.0331680 -0.3841730
v 0.4398140 0.0448290 -0.3563910
v -0.4365690 0.0322220 -0.3602430
v -0.5188210 0.0391900 -0.3877020
v 0.5888600 0.0206590 -0.3855440
v 0.4474110 0.0300810 -0.3698700
v 0.4299330 0.0298900 -0.3578880
v -0.5323400 0.0310840 -0.3910880
v 0.5945100 0.0093300 -0.3899090
v 0.4412080 0.0137960 -0.3679590
v 0.4234980 0.0133090 -0.3539230
v -0.4309970 0.0166070 -0.3616980
v -0.5309120 0.0091290 -0.3727650
v -0.5405930 0.0154530 -0.3896430
v 0.5739100 -0.0038780 -0.3733260
v 0.4398960 -0.0021000 -0.3590030
v -0.4367600 0.0016670 -0.3704030
v -0.5221170 -0.0053110 -0.3650040
v 0.5562070 -0.0176500 -0.3714510
v 0.4811740 -0.0227510 -0.3660250
v 0.4606760 -0.0148230 -0.3604740
v -0.4442140 -0.0120150 -0.3681170
v -0.4592700 -0.0241180 -0.3664510
v -0.5095540 -0.0210640 -0.3662230
v 0.5366530 -0.0256040 -0.3667170
v 0.5196260 -0.0299600 -0.3664100
v 0.5085600 -0.0314220 -0.3669560
v 0.4978760 -0.0283510 -0.3674510
v -0.4769290 -0.0300700 -0.3667300
v -0.4941040 -0.0292590 -0.3671860
v -0.4241800 0.5841340 -0.3853370
v -0.4502330 0.5937710 -0.4029010
v -0.4113470 0.5724470 -0.3822180
v -0.4550330 0.5845110 -0.3845890
v -0.4623220 0.5842170 -0.4048200
v 0.3819280 0.5556660 -0.3872930
v 0.3865250 0.5598190 -0.4042250
v 0.3627610 0.5582400 -0.3847650
v 0.3737570 0.5636370 -0.4023020
v 0.3569630 0.5620720 -0.4019310
v -0.4004190 0.5575730 -0.3763410
v -0.4677660 0.5728560 -0.3911490
v 0.3985500 0.5408650 -0.3856480
v 0.3936560 0.5517000 -0.3991450
v 0.3457530 0.5515670 -0.3849100
v 0.3406030 0.5531120 -0.4028100
v -0.4711560 0.5581500 -0.3845080
v 0.4083130 0.5221410 -0.3765540
v 0.3318290 0.5384710 -0.3870210
v 0.3277350 0.5370120 -0.4055940
v -0.3966410 0.5420160 -0.3819900
v -0.4715310 0.5451170 -0.3797160
v 0.3250550 0.5229340 -0.3904570
v -0.3964000 0.5225380 -0.3823440
v -0.4664170 0.5286190 -0.3788090
v 0.4080360 0.5045600 -0.3863690
v 0.3275440 0.5073420 -0.3783170
v -0.4000260 0.5031910 -0.3794780
v -0.4544050 0.5102650 -0.3818020
v 0.3990570 0.4867150 -0.3852910
v 0.3362720 0.4911880 -0.3827450
v -0.4087110 0.4868710 -0.3735980
v -0.4240940 0.4901650 -0.3793750
v -0.4395660 0.4975460 -0.3817330
v 0.3850490 0.4765180 -0.3826220
v 0.3662210 0.4727160 -0.3800540
v 0.3486980 0.4803100 -0.3869470
v 0.5603000 0.0422260 -0.3844540
v 0.5429660 0.0459000 -0.3856360
v 0.5285540 0.0461430 -0.3884890
v 0.5131440 0.0469900 -0.3843740
v 0.4943230 0.0440600 -0.3837490
v -0.4576820 0.0404840 -0.3778730
v -0.4762350 0.0455370 -0.3823360
v -0.4921740 0.0460390 -0.3849740
v -0.5049140 0.0447520 -0.3889080
v 0.4745030 0.0444970 -0.3758720
v -0.4420490 0.0292180 -0.3745220
v 0.4648650 0.0300860 -0.3807240
v 0.4580440 0.0143820 -0.3801170
v -0.4411900 0.0139850 -0.3818600
v -0.5520880 0.0137570 -0.4093460
v 0.5879120 -0.0020370 -0.3883160
v 0.4563740 -0.0010520 -0.3739180
v -0.4484240 -0.0034620 -0.3877840
v -0.5366420 -0.0027190 -0.3847090
v 0.5726110 -0.0142530 -0.3894500
v 0.5566080 -0.0218050 -0.3873350
v 0.4928270 -0.0198580 -0.3817390
v 0.4740840 -0.0112670 -0.3787580
v -0.4601200 -0.0200830 -0.3849710
v -0.5260230 -0.0182440 -0.3835330
v 0.5456630 -0.0252490 -0.3802040
v 0.5312960 -0.0278120 -0.3816050
v 0.5119820 -0.0268620 -0.3804710
v -0.4761240 -0.0298590 -0.3840780
v -0.4936570 -0.0335060 -0.3841750
v -0.5107630 -0.0293240 -0.3840080
v -0.4385860 0.5942120 -0.4054910
v -0.4270600 0.5876620 -0.4009550
v -0.4165420 0.5775490 -0.3955070
v -0.4687040 0.5710500 -0.4045170
v -0.4076010 0.5610150 -0.3952490
v -0.4705610 0.5615610 -0.3976160
v 0.4063630 0.5241180 -0.3961000
v 0.4013850 0.5407190 -0.4058650
v -0.4071670 0.5401360 -0.3986890
v -0.4671790 0.5453400 -0.3955640
v 0.3230570 0.5228550 -0.4017640
v -0.4118510 0.5189010 -0.3961890
v -0.4554050 0.5273000 -0.3977120
v 0.4048300 0.5104480 -0.4052240
v 0.3276320 0.5087220 -0.3982010
v -0.4128020 0.5007460 -0.3862930
v -0.4255600 0.5062310 -0.3930470
v -0.4407560 0.5140980 -0.3971320
v 0.3980980 0.4957530 -0.4026760
v 0.3403020 0.4915790 -0.4014260
v 0.3852250 0.4828950 -0.3997600
v 0.3723840 0.4764860 -0.3955150
v 0.3568450 0.4805940 -0.4001740
v 0.5753230 0.0360700 -0.4002320
v 0.5584120 0.0414290 -0.4010250
v 0.5405560 0.0401060 -0.4031540
v 0.5222110 0.0400850 -0.3993260
v -0.4676900 0.0392040 -0.3963910
v -0.4818840 0.0448770 -0.3961580
v -0.4946700 0.0456310 -0.4001840
v -0.5097680 0.0448530 -0.4022660
v 0.5894610 0.0259930 -0.3995360
v 0.5082510 0.0388720 -0.3958280
v 0.4998290 0.0288720 -0.3996630
v -0.4523980 0.0281130 -0.3914110
v -0.5267280 0.0403260 -0.4061350
v -0.5372360 0.0387480 -0.4207980
v 0.5968690 0.0151710 -0.3980580
v 0.4825890 0.0297090 -0.3900790
v -0.5424720 0.0287800 -0.4052830
v -0.5507720 0.0277380 -0.4221700
v 0.4924960 0.0136490 -0.4005140
v 0.4750330 0.0140260 -0.3906460
v -0.4521930 0.0133940 -0.3996820
v 0.5965160 0.0025790 -0.4032010
v 0.4875360 -0.0036730 -0.3933820
v 0.4695190 0.0014440 -0.3856960
v -0.4571120 0.0009140 -0.4056980
v -0.5477800 0.0010300 -0.3996320
v 0.5864880 -0.0094580 -0.4027660
v 0.5745960 -0.0151990 -0.4053590
v 0.5605020 -0.0186220 -0.4010990
v 0.5445710 -0.0232170 -0.3939490
v 0.5272040 -0.0200800 -0.3973200
v 0.5076900 -0.0138300 -0.3968500
v -0.4632210 -0.0127650 -0.4031180
v -0.5415190 -0.0134060 -0.4007870
v -0.4767370 -0.0261600 -0.4020020
v -0.4933920 -0.0339410 -0.4016940
v -0.5109670 -0.0342780 -0.4016250
v -0.5277150 -0.0269040 -0.4013170
v -0.4446610 0.5930900 -0.4153810
v -0.4320330 0.5874740 -0.4144110
v -0.4553530 0.5916250 -0.4139410
v 0.3841700 0.5631130 -0.4173160
v 0.3696960 0.5673930 -0.4188140
v -0.4197860 0.5754110 -0.4085670
v -0.4590420 0.5842320 -0.4184070
v 0.3946370 0.5539360 -0.4129230
v 0.3530640 0.5641090 -0.4195020
v -0.4632000 0.5732560 -0.4157070
v 0.3375420 0.5540400 -0.4210690
v -0.4182390 0.5583110 -0.4128420
v -0.4654930 0.5589370 -0.4094160
v 0.4002530 0.5440200 -0.4204100
v 0.3280990 0.5401720 -0.4255410
v -0.4243360 0.5390270 -0.4126210
v -0.4555800 0.5440680 -0.4118920
v 0.4034600 0.5269390 -0.4175620
v 0.3249670 0.5234060 -0.4136020
v -0.4280470 0.5210000 -0.4041000
v -0.4409640 0.5311950 -0.4102170
v 0.3967220 0.5065410 -0.4228060
v 0.3322090 0.5072310 -0.4178380
v 0.3837780 0.4910520 -0.4181300
v 0.3492190 0.4925320 -0.4206940
v 0.3687440 0.4838600 -0.4116960
v 0.5708800 0.0330900 -0.4146230
v -0.4822600 0.0398820 -0.4117370
v -0.4990700 0.0446860 -0.4132550
v -0.5122630 0.0447260 -0.4181140
v -0.5245300 0.0441610 -0.4225370
v 0.5855890 0.0260290 -0.4136020
v 0.5562220 0.0352090 -0.4135820
v 0.5449530 0.0277480 -0.4176230
v 0.5304520 0.0316550 -0.4100400
v -0.4639990 0.0277760 -0.4087490
v 0.5957530 0.0143720 -0.4099800
v 0.5162280 0.0289870 -0.4069430
v 0.5302450 0.0163350 -0.4168920
v 0.5102750 0.0139170 -0.4087560
v -0.4642350 0.0132450 -0.4167590
v -0.5607150 0.0132080 -0.4270100
v -0.5654760 0.0131200 -0.4439110
v 0.5952890 0.0038890 -0.4162470
v 0.5234000 -0.0033330 -0.4105060
v 0.5038640 0.0004480 -0.4044590
v -0.4687930 -0.0023710 -0.4195210
v -0.5552300 -0.0039020 -0.4173260
v 0.5923500 -0.0046840 -0.4131790
v 0.5814940 -0.0093420 -0.4157790
v 0.5657590 -0.0118060 -0.4154390
v 0.5456160 -0.0124850 -0.4111220
v -0.4788740 -0.0176260 -0.4200090
v -0.5441460 -0.0216410 -0.4183950
v -0.4939540 -0.0296150 -0.4198410
v -0.5109670 -0.0351500 -0.4193390
v -0.5284730 -0.0320700 -0.4191300
v -0.4389680 0.5852400 -0.4228320
v 0.3823610 0.5646220 -0.4337150
v 0.3672750 0.5686420 -0.4360260
v -0.4286460 0.5744180 -0.4212250
v -0.4496950 0.5864920 -0.4228010
v 0.3938320 0.5550600 -0.4281920
v 0.3510650 0.5648690 -0.4372120
v -0.4413950 0.5747390 -0.4274020
v -0.4537660 0.5744990 -0.4248340
v 0.3371950 0.5547020 -0.4389730
v -0.4322230 0.5594680 -0.4236850
v -0.4450110 0.5633570 -0.4273820
v -0.4554720 0.5600490 -0.4212950
v 0.3995330 0.5409260 -0.4342960
v 0.3294540 0.5427040 -0.4409830
v -0.4421990 0.5486630 -0.4210160
v 0.3988870 0.5239640 -0.4378950
v 0.3284030 0.5257280 -0.4338890
v 0.3924790 0.5105140 -0.4417130
v 0.3379530 0.5080630 -0.4367800
v 0.3831970 0.4992720 -0.4364350
v 0.3661880 0.4922590 -0.4330250
v 0.3497120 0.4987350 -0.4400110
v -0.4987720 0.0394960 -0.4296140
v -0.5157690 0.0441030 -0.4316010
v -0.5284990 0.0429460 -0.4352420
v 0.5789810 0.0226720 -0.4228990
v -0.4787870 0.0273080 -0.4262570
v -0.5434510 0.0375250 -0.4364070
v 0.5893110 0.0131850 -0.4213630
v 0.5636390 0.0231370 -0.4239690
v -0.5564190 0.0269730 -0.4391410
v 0.5771190 0.0112640 -0.4274230
v 0.5643460 0.0088090 -0.4282560
v 0.5499880 0.0129430 -0.4246640
v -0.4780820 0.0115090 -0.4335030
v 0.5867510 0.0004300 -0.4222660
v 0.5727560 -0.0015640 -0.4247840
v 0.5563530 -0.0015450 -0.4238230
v 0.5408010 0.0016160 -0.4200460
v -0.4830020 -0.0045600 -0.4361570
v -0.5642370 0.0006490 -0.4340130
v -0.4957350 -0.0203970 -0.4399950
v -0.5583340 -0.0132410 -0.4347560
v -0.5110410 -0.0318120 -0.4373190
v -0.5280490 -0.0335830 -0.4368160
v -0.5448950 -0.0265090 -0.4361890
v 0.3800450 0.5650150 -0.4508300
v 0.3648600 0.5686650 -0.4528340
v 0.3920280 0.5548420 -0.4447810
v 0.3498230 0.5641220 -0.4542980
v 0.3373100 0.5518160 -0.4568480
v 0.3960960 0.5397870 -0.4520440
v 0.3306320 0.5368040 -0.4500300
v 0.3917400 0.5227660 -0.4576540
v 0.3337240 0.5234000 -0.4521330
v 0.3826630 0.5070280 -0.4534290
v 0.3444900 0.5093920 -0.4538200
v 0.3720130 0.4990040 -0.4483620
v 0.3586950 0.5009090 -0.4521080
v -0.5162190 0.0380880 -0.4478940
v -0.5335080 0.0404180 -0.4484340
v -0.4951470 0.0244860 -0.4466500
v -0.5467350 0.0351900 -0.4525930
v -0.5600450 0.0253270 -0.4557350
v -0.4888930 0.0079870 -0.4476450
v -0.5675980 0.0113530 -0.4605330
v -0.4948980 -0.0045250 -0.4530950
v -0.5668660 -0.0021290 -0.4485420
v -0.5038110 -0.0156560 -0.4579710
v -0.5583270 -0.0168840 -0.4524940
v -0.5120340 -0.0259340 -0.4545500
v -0.5264820 -0.0313580 -0.4535870
v -0.5433280 -0.0274410 -0.4540290
v 0.3748050 0.5641640 -0.4668430
v 0.3614440 0.5671350 -0.4662060
v 0.3878990 0.5544140 -0.4620310
v 0.3505540 0.5618990 -0.4705310
v 0.3428160 0.5519690 -0.4752750
v 0.3896380 0.5401450 -0.4696000
v 0.3359760 0.5384930 -0.4647630
v 0.3857490 0.5287760 -0.4745140
v 0.3424720 0.5242150 -0.4683770
v 0.3800410 0.5170660 -0.4698980
v 0.3691050 0.5064930 -0.4629610
v 0.3543330 0.5125100 -0.4679330
v -0.5335760 0.0332370 -0.4652800
v -0.5137640 0.0251000 -0.4660570
v -0.5505980 0.0304260 -0.4663980
v -0.5012220 0.0108530 -0.4620140
v -0.5608990 0.0214690 -0.4715450
v -0.5674300 0.0094230 -0.4760830
v -0.5068330 -0.0037610 -0.4687380
v -0.5665820 -0.0032590 -0.4659080
v -0.5149050 -0.0172300 -0.4694750
v -0.5557330 -0.0158770 -0.4720680
v -0.5241420 -0.0258280 -0.4663710
v -0.5380550 -0.0244950 -0.4696190
v 0.3644740 0.5608970 -0.4800420
v 0.3800360 0.5535490 -0.4774580
v 0.3515790 0.5579260 -0.4825660
v 0.3486460 0.5498990 -0.4863960
v 0.3801760 0.5405260 -0.4834140
v 0.3439850 0.5391020 -0.4798230
v 0.3750240 0.5276420 -0.4835670
v 0.3529060 0.5261520 -0.4816240
v 0.3660940 0.5182050 -0.4780970
v -0.5291560 0.0201160 -0.4814030
v -0.5480780 0.0228620 -0.4810330
v -0.5148910 0.0102650 -0.4775110
v -0.5616320 0.0158480 -0.4830460
v -0.5645470 0.0076140 -0.4867750
v -0.5204210 -0.0044000 -0.4816720
v -0.5649380 -0.0023280 -0.4813170
v -0.5294440 -0.0169630 -0.4789970
v -0.5452530 -0.0136210 -0.4840730
v -0.5571660 -0.0075920 -0.4867600
v 0.3708570 0.5507430 -0.4875390
v 0.3590780 0.5519370 -0.4895300
v 0.3675290 0.5403540 -0.4907460
v 0.3545900 0.5398950 -0.4894590
v 0.3632100 0.5296630 -0.4880160
v -0.5272310 0.0072610 -0.4877840
v -0.5409650 0.0102850 -0.4908020
v -0.5557180 0.0104260 -0.4904480
v -0.5353280 -0.0036190 -0.4894510
v -0.5503410 -0.0012490 -0.4921470
v -0.5609670 0.0009660 -0.4902560
# 8640 vertices, 0 vertices normals

f 5 4 1
f 5 1 6
f 1 2 6
f 6 2 7
f 56 3 8
f 3 4 8
f 8 4 9
f 4 5 9
f 9 5 10
f 5 6 10
f 10 6 11
f 6 7 11
f 61 56 12
f 56 8 12
f 12 8 13
f 8 9 13
f 13 9 14
f 9 10 14
f 14 10 15
f 10 11 15
f 17 16 61
f 17 61 18
f 61 12 18
f 18 12 19
f 12 13 19
f 19 13 20
f 13 14 20
f 20 14 21
f 14 15 21
f 21 15 22
f 17 66 16
f 66 17 23
f 17 18 23
f 23 18 24
f 18 19 24
f 24 19 25
f 19 20 25
f 25 20 26
f 20 21 26
f 26 21 27
f 21 22 27
f 69 66 28
f 66 23 28
f 28 23 29
f 23 24 29
f 29 24 30
f 24 25 30
f 30 25 31
f 25 26 31
f 31 26 32
f 26 27 32
f 72 69 33
f 69 28 33
f 33 28 34
f 28 29 34
f 34 29 35
f 29 30 35
f 35 30 36
f 30 31 36
f 36 31 73
f 31 32 73
f 76 72 37
f 72 33 37
f 37 33 38
f 33 34 38
f 38 34 39
f 34 35 39
f 39 35 40
f 35 36 40
f 36 73 40
f 79 76 41
f 76 37 41
f 41 37 42
f 37 38 42
f 42 38 43
f 38 39 43
f 43 39 80
f 39 40 80
f 41 83 79
f 83 41 84
f 41 42 84
f 84 42 85
f 42 43 85
f 43 80 85
f 48 47 44
f 48 44 49
f 44 45 49
f 49 45 50
f 108 46 51
f 46 47 51
f 51 48 1
f 47 48 51
f 49 2 1
f 48 49 1
f 49 52 2
f 50 52 49
f 52 50 53
f 3 54 108
f 51 4 3
f 108 51 3
f 4 51 1
f 52 7 2
f 52 55 7
f 53 55 52
f 56 111 54
f 3 56 54
f 7 55 57
f 11 7 57
f 57 55 58
f 60 59 111
f 61 60 111
f 56 61 111
f 11 57 62
f 15 11 62
f 62 57 63
f 57 58 63
f 115 60 16
f 59 60 115
f 16 60 61
f 62 22 15
f 62 64 22
f 63 64 62
f 65 115 16
f 117 115 65
f 65 16 66
f 22 64 67
f 27 22 67
f 119 117 68
f 117 65 68
f 69 68 65
f 66 69 65
f 27 67 70
f 32 27 70
f 121 119 71
f 119 68 71
f 72 71 68
f 69 72 68
f 32 70 74
f 73 32 74
f 123 121 75
f 121 71 75
f 76 75 71
f 72 76 71
f 73 77 40
f 74 77 73
f 78 77 74
f 75 125 123
f 79 125 75
f 76 79 75
f 40 77 81
f 80 40 81
f 81 77 126
f 77 78 126
f 82 125 79
f 128 125 82
f 82 79 83
f 80 86 85
f 81 86 80
f 87 86 81
f 81 126 87
f 130 128 88
f 128 82 88
f 89 82 83
f 88 82 89
f 84 90 89
f 83 84 89
f 85 91 90
f 84 85 90
f 86 91 85
f 92 91 86
f 92 86 93
f 86 87 93
f 88 133 130
f 133 88 94
f 88 89 94
f 94 89 95
f 89 90 95
f 95 90 96
f 90 91 96
f 96 91 97
f 91 92 97
f 97 92 134
f 92 93 134
f 136 133 137
f 133 94 137
f 137 94 138
f 94 95 138
f 138 95 139
f 95 96 139
f 139 96 140
f 96 97 140
f 97 134 140
f 102 101 98
f 102 99 44
f 98 99 102
f 100 45 44
f 99 100 44
f 45 100 103
f 46 104 101
f 102 47 46
f 101 102 46
f 47 102 44
f 103 50 45
f 50 103 105
f 107 106 104
f 108 107 104
f 46 108 104
f 105 53 50
f 53 105 109
f 162 107 54
f 106 107 162
f 54 107 108
f 53 109 110
f 55 53 110
f 111 164 162
f 54 111 162
f 110 58 55
f 58 110 112
f 59 113 164
f 59 164 111
f 58 112 114
f 63 58 114
f 115 166 113
f 59 115 113
f 63 114 116
f 64 63 116
f 117 169 166
f 115 117 166
f 64 116 118
f 67 64 118
f 119 171 169
f 117 119 169
f 67 118 120
f 70 67 120
f 121 173 171
f 119 121 171
f 70 120 122
f 74 70 122
f 123 175 173
f 121 123 173
f 74 122 124
f 78 74 124
f 177 175 123
f 177 123 125
f 78 124 127
f 126 78 127
f 128 179 177
f 125 128 177
f 126 129 87
f 127 129 126
f 180 129 127
f 130 181 179
f 128 130 179
f 87 129 131
f 93 87 131
f 129 180 131
f 132 181 130
f 183 181 132
f 132 130 133
f 93 131 135
f 134 93 135
f 132 186 183
f 136 186 132
f 133 136 132
f 134 141 140
f 135 141 134
f 187 141 135
f 142 186 136
f 188 186 142
f 137 143 142
f 136 137 142
f 138 144 143
f 137 138 143
f 139 145 144
f 138 139 144
f 140 146 145
f 139 140 145
f 141 146 140
f 189 146 141
f 141 187 189
f 142 192 188
f 192 142 147
f 142 143 147
f 147 143 148
f 143 144 148
f 148 144 149
f 144 145 149
f 149 145 193
f 145 146 193
f 146 189 193
f 147 196 192
f 196 147 197
f 147 148 197
f 197 148 198
f 148 149 198
f 149 193 198
f 98 153 150
f 151 99 98
f 150 151 98
f 152 100 99
f 151 152 99
f 100 152 154
f 101 156 153
f 101 153 98
f 154 103 100
f 154 157 103
f 155 157 154
f 104 158 156
f 104 156 101
f 157 105 103
f 105 157 159
f 106 160 158
f 106 158 104
f 159 109 105
f 109 159 161
f 162 217 160
f 106 162 160
f 109 161 163
f 110 109 163
f 164 219 217
f 162 164 217
f 163 112 110
f 220 112 163
f 222 219 113
f 113 219 164
f 114 220 165
f 112 220 114
f 113 166 222
f 166 223 222
f 114 165 167
f 116 114 167
f 223 169 168
f 166 169 223
f 116 167 170
f 118 116 170
f 171 224 168
f 169 171 168
f 118 170 172
f 120 118 172
f 173 225 224
f 171 173 224
f 120 172 174
f 122 120 174
f 175 226 225
f 173 175 225
f 122 174 176
f 124 122 176
f 227 226 175
f 227 175 177
f 124 176 178
f 127 124 178
f 179 228 227
f 177 179 227
f 127 178 229
f 180 127 229
f 181 230 228
f 179 181 228
f 180 182 131
f 182 180 229
f 183 232 230
f 181 183 230
f 131 182 184
f 135 131 184
f 185 232 183
f 234 232 185
f 185 183 186
f 135 184 235
f 187 135 235
f 185 236 234
f 188 236 185
f 186 188 185
f 187 190 189
f 190 187 235
f 191 236 188
f 238 236 191
f 191 188 192
f 189 194 193
f 190 194 189
f 239 194 190
f 191 241 238
f 195 191 192
f 241 191 195
f 195 192 196
f 193 199 198
f 194 199 193
f 200 199 194
f 194 239 200
f 195 244 241
f 201 195 196
f 244 195 201
f 197 202 201
f 196 197 201
f 198 203 202
f 197 198 202
f 199 203 198
f 245 203 199
f 245 199 246
f 199 200 246
f 201 248 244
f 248 201 249
f 201 202 249
f 249 202 250
f 202 203 250
f 203 245 250
f 150 207 204
f 205 151 150
f 204 205 150
f 206 152 151
f 205 206 151
f 152 206 208
f 153 210 207
f 153 207 150
f 208 154 152
f 209 155 154
f 208 209 154
f 155 209 211
f 156 212 210
f 156 210 153
f 155 211 213
f 157 155 213
f 158 214 212
f 158 212 156
f 213 159 157
f 159 213 215
f 260 214 160
f 160 214 158
f 215 161 159
f 261 161 215
f 260 217 216
f 160 217 260
f 163 261 218
f 161 261 163
f 219 263 216
f 217 219 216
f 163 218 221
f 220 163 221
f 222 264 263
f 219 222 263
f 221 165 220
f 265 165 221
f 223 268 264
f 222 223 264
f 167 165 269
f 165 265 269
f 271 268 168
f 168 268 223
f 170 167 272
f 167 269 272
f 168 224 271
f 224 274 271
f 172 170 275
f 170 272 275
f 224 225 274
f 225 277 274
f 174 172 278
f 172 275 278
f 225 226 277
f 226 280 277
f 176 174 281
f 174 278 281
f 280 226 283
f 283 226 227
f 178 176 284
f 176 281 284
f 228 286 283
f 227 228 283
f 229 178 287
f 178 284 287
f 230 289 286
f 228 230 286
f 229 231 182
f 287 231 229
f 232 291 289
f 230 232 289
f 182 231 233
f 184 182 233
f 234 293 291
f 232 234 291
f 184 233 294
f 235 184 294
f 295 293 234
f 295 234 236
f 235 237 190
f 237 235 294
f 238 297 295
f 236 238 295
f 190 237 240
f 239 190 240
f 299 297 238
f 299 238 241
f 239 242 200
f 240 242 239
f 300 242 240
f 243 299 241
f 301 299 243
f 243 241 244
f 200 242 302
f 246 200 302
f 242 300 302
f 243 304 301
f 247 243 244
f 304 243 247
f 247 244 248
f 245 251 250
f 246 305 251
f 245 246 251
f 305 246 302
f 247 308 304
f 309 247 248
f 308 247 309
f 249 310 309
f 248 249 309
f 250 311 310
f 249 250 310
f 251 311 250
f 312 311 251
f 251 305 312
f 322 204 252
f 204 322 205
f 322 324 205
f 205 324 206
f 324 326 206
f 326 253 206
f 207 254 252
f 207 252 204
f 253 208 206
f 332 208 253
f 209 208 332
f 210 255 254
f 210 254 207
f 332 335 211
f 209 332 211
f 212 256 255
f 212 255 210
f 213 335 257
f 211 335 213
f 338 256 214
f 214 256 212
f 257 215 213
f 215 257 258
f 338 260 259
f 214 260 338
f 215 258 262
f 261 215 262
f 339 259 216
f 216 259 260
f 262 218 261
f 340 218 262
f 216 263 339
f 263 343 339
f 221 218 344
f 218 340 344
f 263 264 343
f 264 346 343
f 265 344 266
f 221 344 265
f 346 268 267
f 264 268 346
f 265 266 270
f 269 265 270
f 271 347 267
f 268 271 267
f 269 270 273
f 272 269 273
f 274 348 347
f 271 274 347
f 272 273 276
f 275 272 276
f 277 349 348
f 274 277 348
f 275 276 279
f 278 275 279
f 280 350 349
f 277 280 349
f 278 279 282
f 281 278 282
f 283 351 350
f 280 283 350
f 281 282 285
f 284 281 285
f 286 352 351
f 283 286 351
f 284 285 288
f 287 284 288
f 289 353 352
f 286 289 352
f 287 288 290
f 231 287 290
f 289 354 353
f 291 354 289
f 231 290 292
f 233 231 292
f 291 293 354
f 293 355 354
f 233 292 356
f 294 233 356
f 355 293 357
f 357 293 295
f 294 296 237
f 296 294 356
f 297 359 357
f 295 297 357
f 237 296 298
f 240 237 298
f 360 359 297
f 360 297 299
f 240 298 361
f 300 240 361
f 301 362 360
f 299 301 360
f 300 303 302
f 303 300 361
f 364 362 301
f 364 301 304
f 302 306 305
f 303 306 302
f 365 306 303
f 307 364 304
f 366 364 307
f 307 304 308
f 305 313 312
f 306 313 305
f 367 313 306
f 306 365 367
f 307 368 366
f 314 307 308
f 368 307 314
f 309 315 314
f 308 309 314
f 310 316 315
f 309 310 315
f 311 317 316
f 310 311 316
f 312 318 317
f 311 312 317
f 313 318 312
f 369 318 313
f 313 367 369
f 314 371 368
f 371 314 372
f 314 315 372
f 372 315 373
f 315 316 373
f 373 316 374
f 316 317 374
f 374 317 375
f 317 318 375
f 318 369 375
f 381 319 321
f 319 320 321
f 383 381 384
f 381 321 384
f 384 321 385
f 386 252 329
f 322 386 323
f 252 386 322
f 325 324 322
f 323 325 322
f 327 326 324
f 325 327 324
f 328 253 326
f 327 328 326
f 253 328 330
f 254 331 329
f 254 329 252
f 330 332 253
f 332 330 333
f 255 334 331
f 255 331 254
f 333 335 332
f 335 333 336
f 389 334 256
f 256 334 255
f 336 257 335
f 390 257 336
f 389 338 337
f 256 338 389
f 390 392 258
f 257 390 258
f 393 337 259
f 259 337 338
f 262 258 394
f 258 392 394
f 259 339 393
f 339 397 393
f 340 394 341
f 262 394 340
f 397 343 342
f 339 343 397
f 340 341 345
f 344 340 345
f 346 398 342
f 343 346 342
f 345 266 344
f 399 266 345
f 400 398 267
f 267 398 346
f 270 266 401
f 266 399 401
f 267 347 400
f 347 402 400
f 273 270 403
f 270 401 403
f 347 348 402
f 348 405 402
f 276 273 406
f 273 403 406
f 348 349 405
f 349 409 405
f 279 276 410
f 276 406 410
f 349 350 409
f 350 412 409
f 282 279 413
f 279 410 413
f 350 351 412
f 351 415 412
f 285 282 416
f 282 413 416
f 351 352 415
f 352 418 415
f 288 285 419
f 285 416 419
f 352 353 418
f 353 421 418
f 290 288 422
f 288 419 422
f 421 353 424
f 424 353 354
f 292 290 425
f 290 422 425
f 355 427 424
f 354 355 424
f 356 292 428
f 292 425 428
f 357 429 427
f 355 357 427
f 356 358 296
f 428 358 356
f 357 430 429
f 359 430 357
f 296 358 431
f 298 296 431
f 430 359 432
f 432 359 360
f 433 298 431
f 361 298 433
f 362 435 432
f 360 362 432
f 361 363 303
f 433 363 361
f 436 435 362
f 436 362 364
f 303 363 437
f 365 303 437
f 366 438 436
f 364 366 436
f 365 439 367
f 439 365 437
f 440 438 366
f 440 366 368
f 367 370 369
f 370 367 439
f 442 440 368
f 442 368 371
f 369 443 375
f 370 443 369
f 444 443 370
f 446 442 371
f 372 447 446
f 371 372 446
f 373 448 447
f 372 373 447
f 374 449 448
f 373 374 448
f 375 450 449
f 374 375 449
f 450 375 443
f 378 377 376
f 378 376 379
f 464 378 319
f 377 378 464
f 379 320 319
f 378 379 319
f 320 379 380
f 381 468 464
f 319 381 464
f 320 380 382
f 321 320 382
f 383 472 468
f 381 383 468
f 382 385 321
f 385 382 473
f 474 472 383
f 384 475 474
f 383 384 474
f 385 476 475
f 384 385 475
f 476 385 473
f 477 323 387
f 323 477 325
f 477 478 325
f 325 478 327
f 478 479 327
f 327 479 328
f 479 481 328
f 386 480 387
f 329 480 386
f 386 387 323
f 481 484 330
f 328 481 330
f 329 331 483
f 480 329 483
f 484 487 333
f 330 484 333
f 331 334 486
f 483 331 486
f 487 489 336
f 333 487 336
f 486 389 388
f 334 389 486
f 390 489 391
f 336 489 390
f 490 388 337
f 337 388 389
f 391 392 390
f 491 392 391
f 337 393 490
f 393 493 490
f 394 491 395
f 392 491 394
f 493 397 396
f 393 397 493
f 395 341 394
f 494 341 395
f 495 396 342
f 342 396 397
f 345 341 496
f 341 494 496
f 342 398 495
f 398 497 495
f 399 345 498
f 345 496 498
f 398 400 497
f 400 501 497
f 401 399 502
f 399 498 502
f 400 402 501
f 402 504 501
f 403 502 404
f 401 502 403
f 402 405 504
f 405 505 504
f 403 404 407
f 406 403 407
f 505 409 408
f 405 409 505
f 406 407 411
f 410 406 411
f 412 506 408
f 409 412 408
f 410 411 414
f 413 410 414
f 415 507 506
f 412 415 506
f 413 414 417
f 416 413 417
f 418 508 507
f 415 418 507
f 416 417 420
f 419 416 420
f 418 509 508
f 421 509 418
f 419 420 423
f 422 419 423
f 421 424 509
f 424 510 509
f 422 423 426
f 425 422 426
f 424 427 510
f 427 511 510
f 425 426 512
f 428 425 512
f 427 429 511
f 429 513 511
f 514 428 512
f 358 428 514
f 513 429 516
f 516 429 430
f 431 358 517
f 358 514 517
f 432 518 516
f 430 432 516
f 431 434 433
f 517 434 431
f 435 519 518
f 432 435 518
f 433 434 520
f 363 433 520
f 521 519 435
f 521 435 436
f 522 363 520
f 437 363 522
f 438 524 521
f 436 438 521
f 437 525 439
f 522 525 437
f 526 524 438
f 526 438 440
f 439 441 370
f 441 439 525
f 528 526 440
f 528 440 442
f 370 441 529
f 444 370 529
f 445 528 442
f 530 528 445
f 445 442 446
f 443 451 450
f 444 531 451
f 443 444 451
f 531 444 529
f 445 532 530
f 533 445 446
f 532 445 533
f 447 452 533
f 446 447 533
f 448 453 452
f 447 448 452
f 449 454 453
f 448 449 453
f 450 534 454
f 449 450 454
f 451 534 450
f 535 534 451
f 451 531 535
f 452 536 533
f 536 452 537
f 452 453 537
f 537 453 538
f 453 454 538
f 454 534 538
f 458 457 455
f 458 456 376
f 455 456 458
f 376 456 459
f 551 458 377
f 457 458 551
f 377 458 376
f 459 379 376
f 379 459 460
f 464 554 551
f 377 464 551
f 460 380 379
f 380 460 465
f 555 461 466
f 461 462 466
f 466 462 467
f 462 463 467
f 468 557 554
f 464 468 554
f 380 465 469
f 382 380 469
f 558 555 470
f 555 466 470
f 470 466 471
f 466 467 471
f 472 560 557
f 468 472 557
f 469 473 382
f 561 473 469
f 562 558 563
f 558 470 563
f 563 470 564
f 470 471 564
f 565 560 472
f 565 472 474
f 476 473 561
f 568 476 561
f 566 565 474
f 566 474 567
f 474 475 567
f 567 475 568
f 475 476 568
f 387 569 477
f 569 570 477
f 477 570 478
f 570 571 478
f 478 571 479
f 571 572 479
f 479 572 481
f 572 573 481
f 573 482 481
f 387 480 574
f 569 387 574
f 482 484 481
f 484 482 485
f 480 483 575
f 574 480 575
f 485 487 484
f 487 485 488
f 483 486 577
f 575 483 577
f 488 489 487
f 580 489 488
f 486 388 579
f 577 486 579
f 580 582 391
f 489 580 391
f 388 490 579
f 490 583 579
f 491 391 584
f 391 582 584
f 583 493 492
f 490 493 583
f 584 586 395
f 491 584 395
f 587 492 396
f 396 492 493
f 494 395 588
f 395 586 588
f 396 495 587
f 495 589 587
f 496 494 590
f 494 588 590
f 495 497 589
f 497 593 589
f 498 590 499
f 496 590 498
f 593 501 500
f 497 501 593
f 498 499 503
f 502 498 503
f 504 594 500
f 501 504 500
f 503 404 502
f 595 404 503
f 505 596 594
f 504 505 594
f 407 404 597
f 404 595 597
f 598 596 408
f 408 596 505
f 411 407 599
f 407 597 599
f 408 506 598
f 506 600 598
f 414 411 601
f 411 599 601
f 506 507 600
f 507 602 600
f 417 414 603
f 414 601 603
f 507 508 602
f 508 604 602
f 420 417 605
f 417 603 605
f 604 508 606
f 606 508 509
f 423 420 607
f 420 605 607
f 510 608 606
f 509 510 606
f 426 423 609
f 423 607 609
f 511 610 608
f 510 511 608
f 512 426 611
f 426 609 611
f 513 612 610
f 511 513 610
f 512 515 514
f 611 515 512
f 513 613 612
f 516 613 513
f 514 515 614
f 517 514 614
f 516 518 613
f 518 615 613
f 616 517 614
f 434 517 616
f 518 519 615
f 519 618 615
f 520 434 619
f 434 616 619
f 618 519 620
f 620 519 521
f 520 523 522
f 619 523 520
f 521 621 620
f 524 621 521
f 522 523 622
f 525 522 622
f 621 524 623
f 623 524 526
f 525 527 441
f 527 525 622
f 624 623 526
f 624 526 528
f 441 527 625
f 529 441 625
f 530 626 624
f 528 530 624
f 529 627 531
f 627 529 625
f 628 626 530
f 628 530 532
f 531 629 535
f 629 531 627
f 630 628 532
f 533 631 630
f 532 533 630
f 631 533 536
f 534 539 538
f 535 632 539
f 534 535 539
f 632 535 629
f 634 631 536
f 537 635 634
f 536 537 634
f 538 636 635
f 537 538 635
f 539 636 538
f 637 636 539
f 539 632 637
f 772 541 455
f 540 541 772
f 542 456 455
f 541 542 455
f 456 542 543
f 457 547 772
f 457 772 455
f 543 459 456
f 459 543 548
f 776 544 549
f 544 545 549
f 549 545 550
f 545 546 550
f 551 778 547
f 457 551 547
f 548 460 459
f 779 460 548
f 461 552 776
f 549 462 461
f 776 549 461
f 550 463 462
f 549 550 462
f 463 550 553
f 554 780 778
f 551 554 778
f 779 781 465
f 460 779 465
f 555 782 552
f 461 555 552
f 463 553 556
f 467 463 556
f 554 783 780
f 557 783 554
f 469 465 784
f 465 781 784
f 558 785 782
f 555 558 782
f 467 556 559
f 471 467 559
f 557 560 783
f 560 786 783
f 561 784 787
f 469 784 561
f 562 788 785
f 558 562 785
f 471 559 789
f 564 471 789
f 790 786 560
f 565 790 560
f 568 787 792
f 787 568 561
f 793 788 562
f 563 794 793
f 562 563 793
f 564 795 794
f 563 564 794
f 795 564 789
f 790 565 791
f 565 566 791
f 791 566 792
f 566 567 792
f 567 568 792
f 569 796 570
f 796 797 570
f 570 797 571
f 797 798 571
f 571 798 572
f 798 799 572
f 572 799 573
f 799 800 573
f 573 800 482
f 800 802 482
f 801 574 576
f 569 574 801
f 796 569 801
f 802 803 485
f 482 802 485
f 575 578 576
f 575 576 574
f 803 804 488
f 485 803 488
f 806 578 577
f 577 578 575
f 580 804 581
f 488 804 580
f 577 579 805
f 806 577 805
f 581 582 580
f 807 582 581
f 579 583 805
f 583 809 805
f 584 807 585
f 582 807 584
f 583 492 808
f 809 583 808
f 585 586 584
f 810 586 585
f 492 587 808
f 587 811 808
f 588 586 812
f 586 810 812
f 587 589 811
f 589 813 811
f 590 812 591
f 588 812 590
f 813 593 592
f 589 593 813
f 591 499 590
f 814 499 591
f 815 592 500
f 500 592 593
f 503 499 816
f 499 814 816
f 500 594 815
f 594 817 815
f 595 503 818
f 503 816 818
f 594 596 817
f 596 819 817
f 597 595 820
f 595 818 820
f 596 598 819
f 598 821 819
f 599 597 822
f 597 820 822
f 598 600 821
f 600 823 821
f 601 599 824
f 599 822 824
f 600 602 823
f 602 825 823
f 603 601 826
f 601 824 826
f 602 604 825
f 604 827 825
f 605 603 828
f 603 826 828
f 604 606 827
f 606 829 827
f 607 605 830
f 605 828 830
f 606 608 829
f 608 831 829
f 609 607 832
f 607 830 832
f 608 610 831
f 610 833 831
f 611 609 834
f 609 832 834
f 610 612 833
f 612 835 833
f 515 611 836
f 611 834 836
f 835 612 837
f 837 612 613
f 614 515 838
f 515 836 838
f 615 839 837
f 613 615 837
f 614 617 616
f 838 617 614
f 615 840 839
f 618 840 615
f 616 617 841
f 619 616 841
f 618 620 840
f 620 842 840
f 843 619 841
f 523 619 843
f 842 620 844
f 844 620 621
f 622 523 845
f 523 843 845
f 621 846 844
f 623 846 621
f 622 847 527
f 845 847 622
f 846 623 848
f 848 623 624
f 849 527 847
f 625 527 849
f 624 850 848
f 626 850 624
f 625 851 627
f 849 851 625
f 850 626 852
f 852 626 628
f 627 853 629
f 853 627 851
f 854 852 628
f 854 628 630
f 629 855 632
f 855 629 853
f 856 854 630
f 631 633 856
f 630 631 856
f 633 631 634
f 632 857 637
f 857 632 855
f 633 858 856
f 859 633 634
f 858 633 859
f 635 860 859
f 634 635 859
f 636 861 860
f 635 636 860
f 637 862 861
f 636 637 861
f 862 637 857
f 645 644 638
f 645 638 646
f 638 639 646
f 646 639 647
f 639 640 647
f 647 640 648
f 640 641 648
f 648 641 649
f 641 642 649
f 649 642 650
f 655 654 643
f 655 643 656
f 643 644 656
f 656 644 657
f 644 645 657
f 657 645 658
f 645 646 658
f 658 646 659
f 646 647 659
f 659 647 660
f 647 648 660
f 660 648 661
f 648 649 661
f 661 649 662
f 649 650 662
f 662 650 663
f 650 651 663
f 663 651 664
f 651 652 664
f 664 652 665
f 934 653 666
f 653 654 666
f 666 654 667
f 654 655 667
f 667 655 668
f 655 656 668
f 668 656 669
f 656 657 669
f 669 657 670
f 657 658 670
f 670 658 671
f 658 659 671
f 671 659 672
f 659 660 672
f 672 660 673
f 660 661 673
f 673 661 674
f 661 662 674
f 674 662 675
f 662 663 675
f 675 663 676
f 663 664 676
f 676 664 677
f 664 665 677
f 677 665 678
f 680 679 934
f 680 934 681
f 934 666 681
f 681 666 682
f 666 667 682
f 682 667 683
f 667 668 683
f 683 668 684
f 668 669 684
f 684 669 685
f 669 670 685
f 685 670 686
f 670 671 686
f 686 671 687
f 671 672 687
f 687 672 688
f 672 673 688
f 688 673 689
f 673 674 689
f 689 674 690
f 674 675 690
f 690 675 691
f 675 676 691
f 691 676 692
f 676 677 692
f 692 677 693
f 677 678 693
f 946 679 694
f 679 680 694
f 694 680 695
f 680 681 695
f 695 681 696
f 681 682 696
f 696 682 697
f 682 683 697
f 697 683 698
f 683 684 698
f 698 684 699
f 684 685 699
f 699 685 700
f 685 686 700
f 700 686 701
f 686 687 701
f 701 687 702
f 687 688 702
f 702 688 703
f 688 689 703
f 703 689 704
f 689 690 704
f 704 690 705
f 690 691 705
f 705 691 706
f 691 692 706
f 706 692 707
f 692 693 707
f 953 946 708
f 946 694 708
f 708 694 709
f 694 695 709
f 709 695 710
f 695 696 710
f 710 696 711
f 696 697 711
f 711 697 712
f 697 698 712
f 712 698 713
f 698 699 713
f 713 699 714
f 699 700 714
f 714 700 715
f 700 701 715
f 715 701 716
f 701 702 716
f 716 702 717
f 702 703 717
f 717 703 718
f 703 704 718
f 718 704 719
f 704 705 719
f 719 705 720
f 705 706 720
f 720 706 721
f 706 707 721
f 959 953 722
f 953 708 722
f 722 708 723
f 708 709 723
f 723 709 724
f 709 710 724
f 724 710 725
f 710 711 725
f 725 711 726
f 711 712 726
f 726 712 727
f 712 713 727
f 727 713 728
f 713 714 728
f 728 714 729
f 714 715 729
f 729 715 730
f 715 716 730
f 730 716 731
f 716 717 731
f 731 717 732
f 717 718 732
f 732 718 733
f 718 719 733
f 733 719 734
f 719 720 734
f 734 720 735
f 720 721 735
f 722 966 959
f 966 722 736
f 722 723 736
f 736 723 737
f 723 724 737
f 737 724 738
f 724 725 738
f 738 725 739
f 725 726 739
f 739 726 740
f 726 727 740
f 740 727 741
f 727 728 741
f 741 728 742
f 728 729 742
f 742 729 743
f 729 730 743
f 743 730 744
f 730 731 744
f 744 731 745
f 731 732 745
f 745 732 746
f 732 733 746
f 746 733 747
f 733 734 747
f 747 734 967
f 734 735 967
f 973 966 974
f 966 736 974
f 974 736 748
f 736 737 748
f 748 737 749
f 737 738 749
f 749 738 750
f 738 739 750
f 750 739 751
f 739 740 751
f 751 740 752
f 740 741 752
f 752 741 753
f 741 742 753
f 753 742 754
f 742 743 754
f 754 743 755
f 743 744 755
f 755 744 756
f 744 745 756
f 756 745 757
f 745 746 757
f 757 746 975
f 746 747 975
f 747 967 975
f 748 984 974
f 984 748 985
f 748 749 985
f 985 749 758
f 749 750 758
f 758 750 759
f 750 751 759
f 759 751 760
f 751 752 760
f 760 752 761
f 752 753 761
f 761 753 762
f 753 754 762
f 762 754 986
f 754 755 986
f 986 755 987
f 755 756 987
f 987 756 988
f 756 757 988
f 757 975 988
f 758 1001 985
f 1001 758 1002
f 758 759 1002
f 1002 759 1003
f 759 760 1003
f 1003 760 1004
f 760 761 1004
f 1004 761 1005
f 761 762 1005
f 762 986 1005
f 540 766 763
f 764 541 540
f 763 764 540
f 765 542 541
f 764 765 541
f 542 765 767
f 772 1021 766
f 540 772 766
f 767 543 542
f 543 767 773
f 544 774 768
f 769 545 544
f 768 769 544
f 770 546 545
f 769 770 545
f 770 775 546
f 771 775 770
f 1023 1021 547
f 547 1021 772
f 773 548 543
f 1024 548 773
f 776 1025 774
f 544 776 774
f 546 775 777
f 550 546 777
f 547 778 1023
f 778 1027 1023
f 779 548 1028
f 548 1024 1028
f 1029 1025 552
f 552 1025 776
f 777 553 550
f 553 777 1030
f 778 780 1027
f 780 1031 1027
f 779 1032 781
f 1028 1032 779
f 552 782 1029
f 782 1033 1029
f 1034 553 1030
f 556 553 1034
f 1036 1031 780
f 783 1036 780
f 1037 784 781
f 1032 1037 781
f 782 785 1033
f 785 1038 1033
f 559 556 1039
f 556 1034 1039
f 783 786 1036
f 1036 786 1040
f 787 1037 1041
f 1037 787 784
f 785 788 1038
f 788 1042 1038
f 789 559 1043
f 559 1039 1043
f 1040 786 790
f 1040 790 1044
f 792 1041 1044
f 1041 792 787
f 1045 1042 788
f 793 1045 788
f 795 789 1043
f 1047 795 1043
f 791 1044 790
f 791 792 1044
f 1045 793 1046
f 793 794 1046
f 1046 794 1047
f 794 795 1047
f 796 1048 797
f 1048 1049 797
f 797 1049 798
f 1049 1050 798
f 798 1050 799
f 1050 1052 799
f 799 1052 800
f 1052 1053 800
f 800 1053 802
f 1053 1056 802
f 576 1054 801
f 1054 1055 801
f 796 801 1055
f 1048 796 1055
f 1056 1058 803
f 802 1056 803
f 576 578 1057
f 1054 576 1057
f 1058 1059 804
f 803 1058 804
f 578 806 1057
f 806 1061 1057
f 1059 1062 581
f 804 1059 581
f 806 805 1060
f 1061 806 1060
f 807 581 1063
f 581 1062 1063
f 805 809 1060
f 809 1065 1060
f 1063 1066 585
f 807 1063 585
f 809 808 1064
f 1065 809 1064
f 810 585 1067
f 585 1066 1067
f 808 811 1064
f 811 1068 1064
f 812 810 1069
f 810 1067 1069
f 811 813 1068
f 813 1071 1068
f 1069 1072 591
f 812 1069 591
f 813 592 1070
f 1071 813 1070
f 814 591 1073
f 591 1072 1073
f 592 815 1070
f 815 1074 1070
f 816 814 1075
f 814 1073 1075
f 815 817 1074
f 817 1076 1074
f 818 816 1077
f 816 1075 1077
f 817 819 1076
f 819 1078 1076
f 820 818 1079
f 818 1077 1079
f 819 821 1078
f 821 1080 1078
f 822 820 1081
f 820 1079 1081
f 821 823 1080
f 823 1082 1080
f 824 822 1083
f 822 1081 1083
f 823 825 1082
f 825 1084 1082
f 826 824 1085
f 824 1083 1085
f 825 827 1084
f 827 1087 1084
f 828 826 1088
f 826 1085 1088
f 827 829 1087
f 829 1090 1087
f 830 828 1091
f 828 1088 1091
f 829 831 1090
f 831 1093 1090
f 832 830 1094
f 830 1091 1094
f 831 833 1093
f 833 1096 1093
f 834 832 1097
f 832 1094 1097
f 833 835 1096
f 835 1098 1096
f 836 834 1099
f 834 1097 1099
f 835 837 1098
f 837 1100 1098
f 838 836 1101
f 836 1099 1101
f 837 839 1100
f 839 1102 1100
f 617 838 1103
f 838 1101 1103
f 1102 839 1104
f 1104 839 840
f 841 617 1105
f 617 1103 1105
f 840 1106 1104
f 842 1106 840
f 841 1107 843
f 1105 1107 841
f 842 844 1106
f 844 1108 1106
f 1109 843 1107
f 845 843 1109
f 1108 844 1110
f 1110 844 846
f 847 845 1111
f 845 1109 1111
f 848 1112 1110
f 846 848 1110
f 847 1113 849
f 1111 1113 847
f 1114 1112 848
f 1114 848 850
f 1115 849 1113
f 851 849 1115
f 852 1116 1114
f 850 852 1114
f 851 1117 853
f 1115 1117 851
f 1118 1116 852
f 1118 852 854
f 853 1119 855
f 1119 853 1117
f 1120 1118 854
f 1120 854 856
f 855 1121 857
f 1121 855 1119
f 1122 1120 856
f 1122 856 858
f 857 1123 862
f 1123 857 1121
f 1124 1122 858
f 859 1125 1124
f 858 859 1124
f 860 1126 1125
f 859 860 1125
f 861 1127 1126
f 860 861 1126
f 862 1128 1127
f 861 862 1127
f 1128 862 1123
f 874 873 863
f 874 863 875
f 863 864 875
f 875 864 876
f 864 865 876
f 876 865 877
f 865 866 877
f 877 866 878
f 866 867 878
f 878 867 879
f 867 868 879
f 879 868 880
f 868 869 880
f 880 869 881
f 869 870 881
f 881 870 882
f 885 884 871
f 885 871 886
f 871 872 886
f 886 872 887
f 872 873 887
f 887 873 888
f 873 874 888
f 888 874 889
f 874 875 889
f 889 875 890
f 875 876 890
f 890 876 891
f 876 877 891
f 891 877 892
f 877 878 892
f 892 878 893
f 878 879 893
f 893 879 894
f 879 880 894
f 894 880 895
f 880 881 895
f 895 881 896
f 881 882 896
f 896 882 897
f 882 883 897
f 897 883 898
f 901 900 884
f 901 884 902
f 884 885 902
f 902 885 903
f 885 886 903
f 903 886 904
f 886 887 904
f 904 887 905
f 887 888 905
f 905 889 638
f 888 889 905
f 890 639 638
f 889 890 638
f 891 640 639
f 890 891 639
f 892 641 640
f 891 892 640
f 893 642 641
f 892 893 641
f 893 906 642
f 894 906 893
f 906 894 907
f 894 895 907
f 907 895 908
f 895 896 908
f 908 896 909
f 896 897 909
f 909 897 910
f 897 898 910
f 910 898 911
f 898 899 911
f 911 899 912
f 914 913 900
f 914 900 915
f 900 901 915
f 915 901 916
f 901 902 916
f 916 902 917
f 902 903 917
f 917 904 643
f 903 904 917
f 905 644 643
f 904 905 643
f 644 905 638
f 906 650 642
f 907 651 650
f 906 907 650
f 908 652 651
f 907 908 651
f 908 918 652
f 909 918 908
f 918 909 919
f 909 910 919
f 919 910 920
f 910 911 920
f 920 911 921
f 911 912 921
f 921 912 922
f 924 923 913
f 924 913 925
f 913 914 925
f 925 914 926
f 914 915 926
f 926 916 653
f 915 916 926
f 917 654 653
f 916 917 653
f 654 917 643
f 918 665 652
f 918 927 665
f 919 927 918
f 927 919 928
f 919 920 928
f 928 920 929
f 920 921 929
f 929 921 930
f 921 922 930
f 1195 923 931
f 923 924 931
f 931 924 932
f 924 925 932
f 932 925 933
f 925 926 933
f 934 933 926
f 653 934 926
f 927 678 665
f 927 935 678
f 928 935 927
f 935 928 936
f 928 929 936
f 936 929 937
f 929 930 937
f 1200 1195 938
f 1195 931 938
f 938 931 939
f 931 932 939
f 939 933 679
f 932 933 939
f 679 933 934
f 678 935 940
f 693 678 940
f 940 935 941
f 935 936 941
f 941 936 942
f 936 937 942
f 942 937 943
f 1204 1200 944
f 1200 938 944
f 944 938 945
f 938 939 945
f 946 945 939
f 679 946 939
f 693 940 947
f 707 693 947
f 947 940 948
f 940 941 948
f 948 941 949
f 941 942 949
f 949 942 950
f 942 943 950
f 1208 1204 951
f 1204 944 951
f 951 944 952
f 944 945 952
f 953 952 945
f 946 953 945
f 707 947 954
f 721 707 954
f 954 947 955
f 947 948 955
f 955 948 956
f 948 949 956
f 956 949 1209
f 949 950 1209
f 1212 1208 957
f 1208 951 957
f 957 951 958
f 951 952 958
f 959 958 952
f 953 959 952
f 721 954 960
f 735 721 960
f 960 954 961
f 954 955 961
f 961 955 962
f 955 956 962
f 956 1209 962
f 1216 1212 963
f 1212 957 963
f 963 957 964
f 957 958 964
f 965 958 959
f 964 958 965
f 965 959 966
f 735 960 968
f 967 735 968
f 968 960 969
f 960 961 969
f 969 961 970
f 961 962 970
f 963 1224 1216
f 1224 963 971
f 963 964 971
f 971 964 972
f 964 965 972
f 973 972 965
f 966 973 965
f 967 976 975
f 968 976 967
f 977 976 968
f 977 968 978
f 968 969 978
f 978 969 1225
f 969 970 1225
f 971 1234 1224
f 1234 971 981
f 971 972 981
f 982 972 973
f 981 972 982
f 974 983 982
f 973 974 982
f 983 974 984
f 975 989 988
f 976 989 975
f 990 989 976
f 990 976 991
f 976 977 991
f 991 977 1235
f 977 978 1235
f 978 1225 1235
f 763 992 979
f 980 764 763
f 979 980 763
f 1237 764 980
f 765 764 1237
f 981 1241 1234
f 1241 981 997
f 981 982 997
f 997 982 998
f 982 983 998
f 999 983 984
f 998 983 999
f 985 1000 999
f 984 985 999
f 1000 985 1001
f 986 1006 1005
f 987 1007 1006
f 986 987 1006
f 988 1008 1007
f 987 988 1007
f 989 1008 988
f 1009 1008 989
f 1009 989 1242
f 989 990 1242
f 1242 990 1243
f 990 991 1243
f 991 1235 1243
f 766 1010 992
f 766 992 763
f 1237 1245 767
f 765 1237 767
f 768 1011 993
f 994 769 768
f 993 994 768
f 995 770 769
f 994 995 769
f 996 771 770
f 995 996 770
f 771 996 1012
f 997 1247 1241
f 1247 997 1248
f 997 998 1248
f 1248 998 1249
f 998 999 1249
f 1249 999 1013
f 999 1000 1013
f 1014 1000 1001
f 1013 1000 1014
f 1002 1015 1014
f 1001 1002 1014
f 1003 1016 1015
f 1002 1003 1015
f 1004 1017 1016
f 1003 1004 1016
f 1005 1018 1017
f 1004 1005 1017
f 1006 1018 1005
f 1019 1018 1006
f 1019 1006 1020
f 1006 1007 1020
f 1020 1007 1250
f 1007 1008 1250
f 1250 1008 1251
f 1008 1009 1251
f 1009 1242 1251
f 1021 1254 1010
f 766 1021 1010
f 1245 1255 773
f 767 1245 773
f 1256 1011 774
f 774 1011 768
f 771 1012 1022
f 775 771 1022
f 1013 1259 1249
f 1259 1013 1260
f 1013 1014 1260
f 1260 1014 1261
f 1014 1015 1261
f 1261 1015 1262
f 1015 1016 1262
f 1262 1016 1263
f 1016 1017 1263
f 1263 1017 1264
f 1017 1018 1264
f 1264 1018 1265
f 1018 1019 1265
f 1265 1019 1266
f 1019 1020 1266
f 1020 1250 1266
f 1023 1268 1254
f 1021 1023 1254
f 1024 773 1269
f 773 1255 1269
f 774 1025 1256
f 1025 1270 1256
f 775 1022 1026
f 777 775 1026
f 1023 1271 1268
f 1027 1271 1023
f 1028 1024 1272
f 1024 1269 1272
f 1025 1029 1270
f 1029 1273 1270
f 1026 1030 777
f 1274 1030 1026
f 1027 1031 1271
f 1031 1275 1271
f 1032 1028 1276
f 1028 1272 1276
f 1029 1033 1273
f 1033 1277 1273
f 1030 1035 1034
f 1274 1035 1030
f 1278 1275 1031
f 1036 1278 1031
f 1037 1276 1279
f 1032 1276 1037
f 1033 1038 1277
f 1038 1280 1277
f 1281 1034 1035
f 1039 1034 1281
f 1282 1278 1036
f 1040 1282 1036
f 1041 1279 1283
f 1279 1041 1037
f 1038 1042 1280
f 1042 1284 1280
f 1043 1039 1285
f 1039 1281 1285
f 1283 1040 1044
f 1282 1040 1283
f 1283 1044 1041
f 1286 1284 1042
f 1045 1286 1042
f 1047 1043 1285
f 1288 1047 1285
f 1286 1045 1287
f 1045 1046 1287
f 1287 1046 1288
f 1046 1047 1288
f 1051 1292 1289
f 1289 1293 1051
f 1048 1290 1049
f 1290 1291 1049
f 1291 1292 1051
f 1050 1291 1051
f 1049 1291 1050
f 1050 1051 1293
f 1294 1050 1293
f 1052 1050 1294
f 1052 1294 1053
f 1294 1295 1053
f 1053 1295 1056
f 1295 1298 1056
f 1054 1296 1055
f 1296 1297 1055
f 1048 1055 1297
f 1290 1048 1297
f 1298 1300 1058
f 1056 1298 1058
f 1054 1057 1299
f 1296 1054 1299
f 1300 1301 1059
f 1058 1300 1059
f 1057 1061 1299
f 1061 1303 1299
f 1301 1304 1062
f 1059 1301 1062
f 1061 1060 1302
f 1303 1061 1302
f 1063 1062 1305
f 1062 1304 1305
f 1060 1065 1302
f 1065 1307 1302
f 1305 1308 1066
f 1063 1305 1066
f 1065 1064 1306
f 1307 1065 1306
f 1067 1066 1309
f 1066 1308 1309
f 1064 1068 1306
f 1068 1310 1306
f 1069 1067 1311
f 1067 1309 1311
f 1068 1071 1310
f 1071 1313 1310
f 1311 1314 1072
f 1069 1311 1072
f 1071 1070 1312
f 1313 1071 1312
f 1073 1072 1315
f 1072 1314 1315
f 1070 1074 1312
f 1074 1316 1312
f 1075 1073 1317
f 1073 1315 1317
f 1074 1076 1316
f 1076 1318 1316
f 1077 1075 1319
f 1075 1317 1319
f 1076 1078 1318
f 1078 1320 1318
f 1079 1077 1321
f 1077 1319 1321
f 1078 1080 1320
f 1080 1322 1320
f 1081 1079 1323
f 1079 1321 1323
f 1080 1082 1322
f 1082 1324 1322
f 1083 1081 1325
f 1081 1323 1325
f 1082 1084 1324
f 1084 1327 1324
f 1085 1325 1086
f 1083 1325 1085
f 1084 1087 1327
f 1087 1328 1327
f 1085 1086 1089
f 1088 1085 1089
f 1087 1090 1328
f 1090 1329 1328
f 1088 1089 1092
f 1091 1088 1092
f 1090 1093 1329
f 1093 1330 1329
f 1091 1092 1095
f 1094 1091 1095
f 1093 1096 1330
f 1096 1331 1330
f 1094 1095 1332
f 1097 1094 1332
f 1096 1098 1331
f 1098 1333 1331
f 1334 1097 1332
f 1099 1097 1334
f 1098 1100 1333
f 1100 1336 1333
f 1101 1099 1337
f 1099 1334 1337
f 1100 1102 1336
f 1102 1338 1336
f 1103 1101 1339
f 1101 1337 1339
f 1102 1104 1338
f 1104 1340 1338
f 1105 1103 1341
f 1103 1339 1341
f 1340 1104 1342
f 1342 1104 1106
f 1107 1105 1343
f 1105 1341 1343
f 1108 1344 1342
f 1106 1108 1342
f 1107 1345 1109
f 1343 1345 1107
f 1108 1346 1344
f 1110 1346 1108
f 1347 1109 1345
f 1111 1109 1347
f 1110 1112 1346
f 1112 1348 1346
f 1113 1111 1349
f 1111 1347 1349
f 1348 1112 1350
f 1350 1112 1114
f 1113 1351 1115
f 1349 1351 1113
f 1114 1352 1350
f 1116 1352 1114
f 1353 1115 1351
f 1117 1115 1353
f 1354 1352 1116
f 1118 1354 1116
f 1117 1355 1119
f 1353 1355 1117
f 1354 1118 1356
f 1356 1118 1120
f 1119 1357 1121
f 1357 1119 1355
f 1358 1356 1120
f 1358 1120 1122
f 1121 1359 1123
f 1359 1121 1357
f 1360 1358 1122
f 1360 1122 1124
f 1123 1362 1128
f 1362 1123 1359
f 1361 1360 1124
f 1361 1125 1363
f 1124 1125 1361
f 1126 1364 1363
f 1125 1126 1363
f 1127 1365 1364
f 1126 1127 1364
f 1128 1366 1365
f 1127 1128 1365
f 1366 1128 1362
f 1142 1141 1129
f 1142 1129 1143
f 1129 1130 1143
f 1143 1130 1144
f 1130 1131 1144
f 1144 1131 1145
f 1131 1132 1145
f 1145 1132 1146
f 1132 1133 1146
f 1146 1133 1147
f 1133 1134 1147
f 1147 1134 1148
f 1134 1135 1148
f 1148 1135 1149
f 1135 1136 1149
f 1149 1136 1150
f 1136 1137 1150
f 1150 1137 1151
f 1137 1138 1151
f 1151 1138 1152
f 1138 1139 1152
f 1152 1139 1153
f 1157 1156 1140
f 1157 1140 1158
f 1140 1141 1158
f 1158 1141 1159
f 1141 1142 1159
f 1159 1142 1160
f 1142 1143 1160
f 1160 1144 863
f 1143 1144 1160
f 1145 864 863
f 1144 1145 863
f 1146 865 864
f 1145 1146 864
f 1147 866 865
f 1146 1147 865
f 1148 867 866
f 1147 1148 866
f 1149 868 867
f 1148 1149 867
f 1150 869 868
f 1149 1150 868
f 1151 870 869
f 1150 1151 869
f 1151 1161 870
f 1152 1161 1151
f 1161 1152 1162
f 1152 1153 1162
f 1162 1153 1163
f 1153 1154 1163
f 1163 1154 1164
f 1167 1166 1155
f 1167 1155 1168
f 1155 1156 1168
f 1168 1156 1169
f 1156 1157 1169
f 1169 1158 871
f 1157 1158 1169
f 1159 872 871
f 1158 1159 871
f 1160 873 872
f 1159 1160 872
f 873 1160 863
f 1161 882 870
f 1162 883 882
f 1161 1162 882
f 1162 1170 883
f 1163 1170 1162
f 1170 1163 1171
f 1163 1164 1171
f 1171 1164 1172
f 1164 1165 1172
f 1172 1165 1173
f 1175 1174 1166
f 1175 1166 1176
f 1166 1167 1176
f 1176 1167 1177
f 1167 1168 1177
f 1177 1169 884
f 1168 1169 1177
f 884 1169 871
f 1170 898 883
f 1171 899 898
f 1170 1171 898
f 1171 1178 899
f 1172 1178 1171
f 1178 1172 1179
f 1172 1173 1179
f 1179 1173 1180
f 1421 1174 1181
f 1174 1175 1181
f 1181 1175 1182
f 1175 1176 1182
f 1182 1177 900
f 1176 1177 1182
f 900 1177 884
f 1178 912 899
f 1178 1183 912
f 1179 1183 1178
f 1183 1179 1184
f 1179 1180 1184
f 1184 1180 1185
f 1187 1186 1421
f 1187 1421 1188
f 1421 1181 1188
f 1188 1182 913
f 1181 1182 1188
f 913 1182 900
f 1183 922 912
f 1183 1189 922
f 1184 1189 1183
f 1189 1184 1190
f 1184 1185 1190
f 1427 1186 1191
f 1186 1187 1191
f 1191 1188 923
f 1187 1188 1191
f 923 1188 913
f 922 1189 1192
f 930 922 1192
f 1192 1189 1193
f 1189 1190 1193
f 1431 1427 1194
f 1427 1191 1194
f 1195 1194 1191
f 923 1195 1191
f 930 1192 1196
f 937 930 1196
f 1196 1192 1197
f 1192 1193 1197
f 1197 1193 1198
f 1434 1431 1199
f 1431 1194 1199
f 1200 1199 1194
f 1195 1200 1194
f 1196 943 937
f 1196 1201 943
f 1197 1201 1196
f 1201 1197 1202
f 1197 1198 1202
f 1437 1434 1203
f 1434 1199 1203
f 1204 1203 1199
f 1200 1204 1199
f 943 1201 1205
f 950 943 1205
f 1205 1201 1206
f 1201 1202 1206
f 1440 1437 1207
f 1437 1203 1207
f 1208 1207 1203
f 1204 1208 1203
f 950 1205 1210
f 1209 950 1210
f 1210 1205 1441
f 1205 1206 1441
f 1445 1440 1211
f 1440 1207 1211
f 1212 1211 1207
f 1208 1212 1207
f 1209 1213 962
f 1210 1213 1209
f 1214 1213 1210
f 1210 1441 1214
f 1454 1445 1215
f 1445 1211 1215
f 1216 1215 1211
f 1212 1216 1211
f 962 1213 1217
f 970 962 1217
f 1217 1213 1218
f 1213 1214 1218
f 1215 1459 1454
f 1223 1215 1216
f 1459 1215 1223
f 1223 1216 1224
f 970 1217 1226
f 1225 970 1226
f 1226 1217 1460
f 1217 1218 1460
f 1228 1227 1219
f 1228 1220 979
f 1219 1220 1228
f 1463 979 1220
f 980 979 1463
f 1230 1229 1221
f 1230 1221 1231
f 1221 1222 1231
f 1468 1459 1232
f 1459 1223 1232
f 1233 1223 1224
f 1232 1223 1233
f 1233 1224 1234
f 1225 1236 1235
f 1226 1236 1225
f 1469 1236 1226
f 1226 1460 1469
f 1471 1228 992
f 1227 1228 1471
f 992 1228 979
f 1463 1472 1237
f 980 1463 1237
f 994 1465 1229
f 993 1465 994
f 1230 995 994
f 1229 1230 994
f 1231 996 995
f 1230 1231 995
f 996 1231 1238
f 1232 1476 1468
f 1476 1232 1239
f 1232 1233 1239
f 1240 1233 1234
f 1239 1233 1240
f 1240 1234 1241
f 1235 1244 1243
f 1236 1244 1235
f 1477 1244 1236
f 1236 1469 1477
f 1479 1471 1010
f 1010 1471 992
f 1472 1480 1245
f 1237 1472 1245
f 993 1011 1473
f 1465 993 1473
f 1238 1012 996
f 1481 1012 1238
f 1239 1482 1476
f 1482 1239 1483
f 1239 1240 1483
f 1246 1240 1241
f 1483 1240 1246
f 1246 1241 1247
f 1242 1252 1251
f 1243 1253 1252
f 1242 1243 1252
f 1244 1253 1243
f 1484 1253 1244
f 1244 1477 1484
f 1010 1254 1479
f 1254 1486 1479
f 1480 1487 1255
f 1245 1480 1255
f 1011 1256 1473
f 1256 1488 1473
f 1022 1012 1489
f 1012 1481 1489
f 1246 1491 1483
f 1492 1246 1247
f 1491 1246 1492
f 1248 1257 1492
f 1247 1248 1492
f 1249 1258 1257
f 1248 1249 1257
f 1258 1249 1259
f 1250 1267 1266
f 1251 1493 1267
f 1250 1251 1267
f 1252 1493 1251
f 1494 1493 1252
f 1494 1252 1495
f 1252 1253 1495
f 1253 1484 1495
f 1254 1268 1486
f 1268 1496 1486
f 1269 1255 1497
f 1255 1487 1497
f 1256 1270 1488
f 1270 1498 1488
f 1026 1022 1499
f 1022 1489 1499
f 1257 1500 1492
f 1500 1257 1501
f 1257 1258 1501
f 1502 1258 1259
f 1501 1258 1502
f 1260 1503 1502
f 1259 1260 1502
f 1261 1504 1503
f 1260 1261 1503
f 1262 1505 1504
f 1261 1262 1504
f 1263 1506 1505
f 1262 1263 1505
f 1264 1507 1506
f 1263 1264 1506
f 1265 1508 1507
f 1264 1265 1507
f 1266 1509 1508
f 1265 1266 1508
f 1267 1509 1266
f 1510 1509 1267
f 1267 1493 1510
f 1512 1496 1268
f 1271 1512 1268
f 1272 1269 1513
f 1269 1497 1513
f 1270 1273 1498
f 1273 1514 1498
f 1274 1026 1515
f 1026 1499 1515
f 1271 1275 1512
f 1512 1275 1516
f 1276 1513 1517
f 1272 1513 1276
f 1273 1277 1514
f 1277 1518 1514
f 1035 1515 1519
f 1274 1515 1035
f 1516 1275 1278
f 1516 1278 1520
f 1279 1517 1521
f 1517 1279 1276
f 1277 1280 1518
f 1280 1522 1518
f 1519 1281 1035
f 1523 1281 1519
f 1520 1278 1282
f 1283 1521 1520
f 1282 1283 1520
f 1521 1283 1279
f 1280 1284 1522
f 1522 1284 1524
f 1285 1523 1526
f 1281 1523 1285
f 1524 1284 1286
f 1287 1525 1524
f 1286 1287 1524
f 1288 1526 1525
f 1287 1288 1525
f 1526 1288 1285
f 1289 1292 1293
f 1290 1527 1291
f 1527 1528 1291
f 1529 1293 1292
f 1291 1529 1292
f 1528 1529 1291
f 1529 1294 1293
f 1530 1294 1529
f 1294 1530 1295
f 1530 1532 1295
f 1295 1532 1298
f 1297 1296 1531
f 1290 1297 1531
f 1527 1290 1531
f 1533 1298 1532
f 1533 1300 1298
f 1535 1300 1533
f 1296 1299 1534
f 1534 1531 1296
f 1535 1537 1301
f 1300 1535 1301
f 1303 1536 1299
f 1536 1534 1299
f 1301 1539 1304
f 1537 1539 1301
f 1303 1302 1538
f 1536 1303 1538
f 1540 1304 1539
f 1305 1304 1540
f 1302 1307 1538
f 1307 1542 1538
f 1540 1543 1308
f 1305 1540 1308
f 1307 1306 1541
f 1542 1307 1541
f 1309 1308 1544
f 1308 1543 1544
f 1306 1310 1541
f 1310 1545 1541
f 1311 1309 1546
f 1309 1544 1546
f 1310 1313 1545
f 1313 1548 1545
f 1546 1549 1314
f 1311 1546 1314
f 1313 1312 1547
f 1548 1313 1547
f 1315 1314 1550
f 1314 1549 1550
f 1312 1316 1547
f 1316 1551 1547
f 1317 1315 1552
f 1315 1550 1552
f 1316 1318 1551
f 1318 1553 1551
f 1319 1317 1554
f 1317 1552 1554
f 1318 1320 1553
f 1320 1555 1553
f 1321 1319 1556
f 1319 1554 1556
f 1320 1322 1555
f 1322 1557 1555
f 1323 1321 1558
f 1321 1556 1558
f 1322 1324 1557
f 1324 1559 1557
f 1325 1558 1326
f 1323 1558 1325
f 1324 1327 1559
f 1327 1561 1559
f 1326 1086 1325
f 1562 1086 1326
f 1327 1328 1561
f 1328 1563 1561
f 1089 1086 1564
f 1086 1562 1564
f 1328 1329 1563
f 1329 1565 1563
f 1092 1089 1566
f 1089 1564 1566
f 1329 1330 1565
f 1330 1567 1565
f 1095 1092 1568
f 1092 1566 1568
f 1330 1331 1567
f 1331 1569 1567
f 1332 1095 1570
f 1095 1568 1570
f 1331 1333 1569
f 1333 1571 1569
f 1332 1335 1334
f 1570 1335 1332
f 1333 1336 1571
f 1336 1572 1571
f 1334 1335 1573
f 1337 1334 1573
f 1336 1338 1572
f 1338 1574 1572
f 1575 1337 1573
f 1339 1337 1575
f 1338 1340 1574
f 1340 1576 1574
f 1341 1339 1577
f 1339 1575 1577
f 1340 1342 1576
f 1342 1578 1576
f 1343 1341 1579
f 1341 1577 1579
f 1342 1344 1578
f 1344 1580 1578
f 1345 1343 1581
f 1343 1579 1581
f 1582 1580 1344
f 1346 1582 1344
f 1345 1583 1347
f 1581 1583 1345
f 1346 1348 1582
f 1348 1584 1582
f 1585 1347 1583
f 1349 1347 1585
f 1348 1350 1584
f 1350 1586 1584
f 1351 1349 1587
f 1349 1585 1587
f 1586 1350 1588
f 1588 1350 1352
f 1351 1589 1353
f 1587 1589 1351
f 1590 1588 1352
f 1590 1352 1354
f 1591 1353 1589
f 1355 1353 1591
f 1354 1592 1590
f 1356 1592 1354
f 1355 1593 1357
f 1591 1593 1355
f 1592 1356 1594
f 1594 1356 1358
f 1357 1595 1359
f 1595 1357 1593
f 1596 1594 1358
f 1596 1358 1360
f 1359 1597 1362
f 1597 1359 1595
f 1598 1596 1360
f 1361 1599 1598
f 1360 1361 1598
f 1599 1361 1363
f 1362 1603 1366
f 1603 1362 1597
f 1600 1599 1363
f 1600 1364 1604
f 1363 1364 1600
f 1364 1601 1604
f 1365 1601 1364
f 1601 1365 1602
f 1365 1366 1602
f 1602 1366 1603
f 1380 1379 1367
f 1380 1367 1381
f 1367 1368 1381
f 1381 1368 1382
f 1368 1369 1382
f 1382 1369 1383
f 1369 1370 1383
f 1383 1370 1384
f 1370 1371 1384
f 1384 1371 1385
f 1371 1372 1385
f 1385 1372 1386
f 1372 1373 1386
f 1386 1373 1387
f 1373 1374 1387
f 1387 1374 1388
f 1374 1375 1388
f 1388 1375 1389
f 1375 1376 1389
f 1389 1376 1390
f 1394 1393 1377
f 1394 1377 1395
f 1377 1378 1395
f 1395 1379 1129
f 1378 1379 1395
f 1380 1130 1129
f 1379 1380 1129
f 1381 1131 1130
f 1380 1381 1130
f 1382 1132 1131
f 1381 1382 1131
f 1383 1133 1132
f 1382 1383 1132
f 1384 1134 1133
f 1383 1384 1133
f 1385 1135 1134
f 1384 1385 1134
f 1386 1136 1135
f 1385 1386 1135
f 1387 1137 1136
f 1386 1387 1136
f 1388 1138 1137
f 1387 1388 1137
f 1389 1139 1138
f 1388 1389 1138
f 1389 1396 1139
f 1390 1396 1389
f 1396 1390 1397
f 1390 1391 1397
f 1397 1391 1398
f 1401 1400 1392
f 1401 1392 1402
f 1392 1393 1402
f 1402 1394 1140
f 1393 1394 1402
f 1395 1141 1140
f 1394 1395 1140
f 1141 1395 1129
f 1396 1153 1139
f 1397 1154 1153
f 1396 1397 1153
f 1397 1403 1154
f 1398 1403 1397
f 1403 1398 1404
f 1398 1399 1404
f 1404 1399 1405
f 1408 1407 1400
f 1408 1401 1155
f 1400 1401 1408
f 1402 1156 1155
f 1401 1402 1155
f 1156 1402 1140
f 1403 1164 1154
f 1404 1165 1164
f 1403 1404 1164
f 1404 1409 1165
f 1405 1409 1404
f 1409 1405 1410
f 1405 1406 1410
f 1410 1406 1411
f 1413 1412 1407
f 1413 1408 1166
f 1407 1408 1413
f 1166 1408 1155
f 1409 1173 1165
f 1409 1414 1173
f 1410 1414 1409
f 1414 1410 1415
f 1410 1411 1415
f 1417 1416 1412
f 1417 1413 1174
f 1412 1413 1417
f 1174 1413 1166
f 1414 1180 1173
f 1414 1418 1180
f 1415 1418 1414
f 1418 1415 1419
f 1649 1416 1420
f 1416 1417 1420
f 1421 1420 1417
f 1174 1421 1417
f 1418 1185 1180
f 1418 1422 1185
f 1419 1422 1418
f 1654 1420 1186
f 1649 1420 1654
f 1186 1420 1421
f 1185 1422 1423
f 1190 1185 1423
f 1423 1422 1424
f 1426 1425 1654
f 1427 1426 1654
f 1186 1427 1654
f 1190 1423 1428
f 1193 1190 1428
f 1428 1423 1429
f 1423 1424 1429
f 1657 1425 1430
f 1425 1426 1430
f 1431 1430 1426
f 1427 1431 1426
f 1428 1198 1193
f 1428 1432 1198
f 1429 1432 1428
f 1659 1657 1433
f 1657 1430 1433
f 1434 1433 1430
f 1431 1434 1430
f 1198 1432 1435
f 1202 1198 1435
f 1661 1659 1436
f 1659 1433 1436
f 1437 1436 1433
f 1434 1437 1433
f 1202 1435 1438
f 1206 1202 1438
f 1667 1661 1439
f 1661 1436 1439
f 1440 1439 1436
f 1437 1440 1436
f 1206 1438 1442
f 1441 1206 1442
f 1439 1674 1667
f 1445 1674 1439
f 1440 1445 1439
f 1441 1446 1214
f 1442 1446 1441
f 1675 1446 1442
f 1451 1450 1443
f 1451 1443 1452
f 1443 1444 1452
f 1452 1444 1453
f 1454 1680 1674
f 1445 1454 1674
f 1214 1446 1455
f 1218 1214 1455
f 1446 1675 1455
f 1682 1448 1219
f 1447 1448 1682
f 1449 1220 1219
f 1448 1449 1219
f 1220 1449 1456
f 1684 1451 1221
f 1450 1451 1684
f 1452 1222 1221
f 1451 1452 1221
f 1452 1457 1222
f 1453 1457 1452
f 1458 1680 1454
f 1685 1680 1458
f 1458 1454 1459
f 1218 1455 1461
f 1460 1218 1461
f 1227 1462 1682
f 1227 1682 1219
f 1456 1463 1220
f 1463 1456 1464
f 1229 1466 1684
f 1229 1684 1221
f 1222 1457 1467
f 1231 1222 1467
f 1458 1687 1685
f 1468 1687 1458
f 1459 1468 1458
f 1460 1470 1469
f 1461 1470 1460
f 1688 1470 1461
f 1471 1689 1462
f 1227 1471 1462
f 1464 1472 1463
f 1690 1472 1464
f 1465 1474 1466
f 1465 1466 1229
f 1467 1238 1231
f 1691 1238 1467
f 1475 1687 1468
f 1692 1687 1475
f 1475 1468 1476
f 1469 1478 1477
f 1470 1478 1469
f 1693 1478 1470
f 1470 1688 1693
f 1471 1694 1689
f 1479 1694 1471
f 1690 1695 1480
f 1472 1690 1480
f 1696 1474 1473
f 1473 1474 1465
f 1481 1238 1697
f 1238 1691 1697
f 1475 1698 1692
f 1699 1475 1476
f 1698 1475 1699
f 1699 1476 1482
f 1477 1485 1484
f 1478 1485 1477
f 1700 1485 1478
f 1478 1693 1700
f 1479 1486 1694
f 1486 1701 1694
f 1480 1702 1487
f 1695 1702 1480
f 1473 1488 1696
f 1488 1703 1696
f 1489 1481 1704
f 1481 1697 1704
f 1705 1699 1482
f 1483 1490 1705
f 1482 1483 1705
f 1490 1483 1491
f 1484 1706 1495
f 1485 1706 1484
f 1707 1706 1485
f 1485 1700 1707
f 1486 1496 1701
f 1701 1496 1708
f 1709 1497 1487
f 1702 1709 1487
f 1488 1498 1703
f 1498 1710 1703
f 1499 1489 1711
f 1489 1704 1711
f 1490 1712 1705
f 1713 1490 1491
f 1712 1490 1713
f 1492 1714 1713
f 1491 1492 1713
f 1714 1492 1500
f 1493 1511 1510
f 1494 1715 1511
f 1493 1494 1511
f 1495 1716 1715
f 1494 1495 1715
f 1716 1495 1706
f 1708 1496 1512
f 1708 1512 1717
f 1719 1513 1497
f 1709 1719 1497
f 1498 1514 1710
f 1514 1720 1710
f 1515 1499 1721
f 1499 1711 1721
f 1722 1714 1500
f 1501 1723 1722
f 1500 1501 1722
f 1502 1724 1723
f 1501 1502 1723
f 1503 1725 1724
f 1502 1503 1724
f 1504 1726 1725
f 1503 1504 1725
f 1505 1727 1726
f 1504 1505 1726
f 1506 1728 1727
f 1505 1506 1727
f 1507 1729 1728
f 1506 1507 1728
f 1508 1730 1729
f 1507 1508 1729
f 1509 1731 1730
f 1508 1509 1730
f 1510 1732 1731
f 1509 1510 1731
f 1511 1732 1510
f 1733 1732 1511
f 1511 1715 1733
f 1717 1512 1516
f 1717 1516 1734
f 1517 1719 1735
f 1719 1517 1513
f 1514 1518 1720
f 1720 1518 1736
f 1519 1515 1721
f 1737 1519 1721
f 1734 1516 1520
f 1521 1735 1734
f 1520 1521 1734
f 1735 1521 1517
f 1736 1518 1522
f 1738 1736 1522
f 1523 1737 1740
f 1519 1737 1523
f 1738 1522 1524
f 1525 1739 1738
f 1524 1525 1738
f 1526 1740 1739
f 1525 1526 1739
f 1740 1526 1523
f 1527 1741 1528
f 1741 1742 1528
f 1528 1742 1529
f 1742 1743 1529
f 1529 1743 1530
f 1743 1744 1530
f 1530 1744 1532
f 1744 1746 1532
f 1527 1531 1745
f 1741 1527 1745
f 1746 1748 1533
f 1532 1746 1533
f 1533 1748 1535
f 1531 1534 1747
f 1745 1531 1747
f 1750 1535 1748
f 1535 1750 1537
f 1534 1536 1749
f 1747 1534 1749
f 1752 1537 1750
f 1539 1537 1752
f 1536 1538 1751
f 1749 1536 1751
f 1752 1753 1540
f 1539 1752 1540
f 1538 1542 1751
f 1542 1755 1751
f 1753 1756 1543
f 1540 1753 1543
f 1542 1541 1754
f 1755 1542 1754
f 1544 1543 1757
f 1543 1756 1757
f 1541 1545 1754
f 1545 1758 1754
f 1546 1544 1759
f 1544 1757 1759
f 1545 1548 1758
f 1548 1761 1758
f 1759 1762 1549
f 1546 1759 1549
f 1548 1547 1760
f 1761 1548 1760
f 1550 1549 1763
f 1549 1762 1763
f 1547 1551 1760
f 1551 1764 1760
f 1552 1550 1765
f 1550 1763 1765
f 1551 1553 1764
f 1553 1766 1764
f 1554 1552 1767
f 1552 1765 1767
f 1553 1555 1766
f 1555 1768 1766
f 1556 1554 1769
f 1554 1767 1769
f 1555 1557 1768
f 1557 1770 1768
f 1558 1556 1771
f 1556 1769 1771
f 1557 1559 1770
f 1559 1772 1770
f 1771 1773 1326
f 1558 1771 1326
f 1772 1561 1560
f 1559 1561 1772
f 1562 1326 1774
f 1326 1773 1774
f 1563 1775 1560
f 1561 1563 1560
f 1564 1562 1776
f 1562 1774 1776
f 1565 1777 1775
f 1563 1565 1775
f 1566 1564 1778
f 1564 1776 1778
f 1567 1779 1777
f 1565 1567 1777
f 1568 1566 1780
f 1566 1778 1780
f 1569 1781 1779
f 1567 1569 1779
f 1570 1568 1782
f 1568 1780 1782
f 1571 1783 1781
f 1569 1571 1781
f 1335 1570 1784
f 1570 1782 1784
f 1571 1785 1783
f 1572 1785 1571
f 1573 1335 1786
f 1335 1784 1786
f 1572 1574 1785
f 1574 1787 1785
f 1573 1788 1575
f 1786 1788 1573
f 1574 1576 1787
f 1576 1789 1787
f 1790 1575 1788
f 1577 1575 1790
f 1576 1578 1789
f 1578 1791 1789
f 1579 1577 1792
f 1577 1790 1792
f 1578 1580 1791
f 1580 1793 1791
f 1581 1579 1794
f 1579 1792 1794
f 1793 1580 1795
f 1795 1580 1582
f 1583 1581 1796
f 1581 1794 1796
f 1582 1797 1795
f 1584 1797 1582
f 1583 1798 1585
f 1796 1798 1583
f 1584 1586 1797
f 1586 1799 1797
f 1800 1585 1798
f 1587 1585 1800
f 1586 1588 1799
f 1588 1801 1799
f 1589 1587 1802
f 1587 1800 1802
f 1803 1801 1588
f 1590 1803 1588
f 1589 1804 1591
f 1802 1804 1589
f 1803 1590 1805
f 1805 1590 1592
f 1806 1591 1804
f 1593 1591 1806
f 1592 1807 1805
f 1594 1807 1592
f 1595 1593 1806
f 1808 1595 1806
f 1809 1807 1594
f 1596 1809 1594
f 1595 1810 1597
f 1808 1810 1595
f 1811 1809 1596
f 1598 1811 1596
f 1597 1813 1603
f 1813 1597 1810
f 1811 1599 1814
f 1598 1599 1811
f 1600 1815 1814
f 1599 1600 1814
f 1815 1600 1604
f 1601 1817 1604
f 1602 1818 1817
f 1601 1602 1817
f 1602 1812 1818
f 1603 1812 1602
f 1812 1603 1813
f 1816 1815 1604
f 1816 1604 1817
f 1613 1612 1605
f 1613 1605 1614
f 1605 1606 1614
f 1614 1606 1615
f 1606 1607 1615
f 1615 1607 1616
f 1623 1622 1608
f 1623 1608 1624
f 1608 1609 1624
f 1624 1610 1367
f 1609 1610 1624
f 1611 1368 1367
f 1610 1611 1367
f 1612 1369 1368
f 1611 1612 1368
f 1613 1370 1369
f 1612 1613 1369
f 1614 1371 1370
f 1613 1614 1370
f 1615 1372 1371
f 1614 1615 1371
f 1616 1373 1372
f 1615 1616 1372
f 1617 1374 1373
f 1616 1617 1373
f 1618 1375 1374
f 1617 1618 1374
f 1619 1376 1375
f 1618 1619 1375
f 1619 1625 1376
f 1620 1625 1619
f 1625 1620 1626
f 1631 1630 1621
f 1631 1622 1377
f 1621 1622 1631
f 1623 1378 1377
f 1622 1623 1377
f 1624 1379 1378
f 1623 1624 1378
f 1379 1624 1367
f 1625 1390 1376
f 1626 1391 1390
f 1625 1626 1390
f 1626 1632 1391
f 1627 1632 1626
f 1632 1627 1633
f 1627 1628 1633
f 1633 1628 1634
f 1636 1635 1629
f 1636 1630 1392
f 1629 1630 1636
f 1631 1393 1392
f 1630 1631 1392
f 1393 1631 1377
f 1632 1398 1391
f 1633 1399 1398
f 1632 1633 1398
f 1633 1637 1399
f 1634 1637 1633
f 1637 1634 1638
f 1640 1639 1635
f 1640 1636 1400
f 1635 1636 1640
f 1400 1636 1392
f 1637 1405 1399
f 1638 1406 1405
f 1637 1638 1405
f 1406 1638 1641
f 1643 1642 1639
f 1643 1640 1407
f 1639 1640 1643
f 1407 1640 1400
f 1641 1411 1406
f 1411 1641 1644
f 1856 1643 1412
f 1642 1643 1856
f 1412 1643 1407
f 1411 1644 1645
f 1415 1411 1645
f 1645 1644 1646
f 1416 1647 1856
f 1416 1856 1412
f 1645 1419 1415
f 1645 1648 1419
f 1646 1648 1645
f 1649 1860 1647
f 1416 1649 1647
f 1419 1648 1650
f 1422 1419 1650
f 1650 1648 1651
f 1653 1652 1860
f 1654 1653 1860
f 1649 1654 1860
f 1650 1424 1422
f 1650 1655 1424
f 1651 1655 1650
f 1864 1653 1425
f 1652 1653 1864
f 1425 1653 1654
f 1424 1655 1656
f 1429 1424 1656
f 1657 1866 1864
f 1425 1657 1864
f 1429 1656 1658
f 1432 1429 1658
f 1659 1869 1866
f 1657 1659 1866
f 1432 1658 1660
f 1435 1432 1660
f 1661 1877 1869
f 1659 1661 1869
f 1435 1660 1662
f 1438 1435 1662
f 1667 1886 1877
f 1661 1667 1877
f 1438 1662 1668
f 1442 1438 1668
f 1889 1664 1443
f 1663 1664 1889
f 1665 1444 1443
f 1664 1665 1443
f 1665 1673 1444
f 1666 1673 1665
f 1891 1886 1667
f 1891 1667 1674
f 1442 1668 1676
f 1675 1442 1676
f 1893 1670 1447
f 1669 1670 1893
f 1671 1448 1447
f 1670 1671 1447
f 1672 1449 1448
f 1671 1672 1448
f 1449 1672 1677
f 1450 1678 1889
f 1450 1889 1443
f 1673 1453 1444
f 1453 1673 1679
f 1680 1894 1891
f 1674 1680 1891
f 1675 1681 1455
f 1676 1681 1675
f 1895 1681 1676
f 1682 1896 1893
f 1447 1682 1893
f 1677 1456 1449
f 1456 1677 1683
f 1684 1897 1678
f 1450 1684 1678
f 1453 1679 1898
f 1457 1453 1898
f 1685 1899 1894
f 1680 1685 1894
f 1455 1681 1686
f 1461 1455 1686
f 1681 1895 1686
f 1900 1896 1462
f 1462 1896 1682
f 1683 1464 1456
f 1901 1464 1683
f 1903 1897 1466
f 1466 1897 1684
f 1904 1457 1898
f 1467 1457 1904
f 1905 1899 1685
f 1905 1685 1687
f 1461 1686 1906
f 1688 1461 1906
f 1462 1689 1900
f 1689 1907 1900
f 1690 1464 1908
f 1464 1901 1908
f 1466 1474 1902
f 1903 1466 1902
f 1691 1467 1909
f 1467 1904 1909
f 1692 1910 1905
f 1687 1692 1905
f 1688 1911 1693
f 1911 1688 1906
f 1912 1907 1689
f 1694 1912 1689
f 1690 1913 1695
f 1908 1913 1690
f 1474 1696 1902
f 1696 1914 1902
f 1697 1691 1915
f 1691 1909 1915
f 1916 1910 1692
f 1916 1692 1698
f 1693 1917 1700
f 1917 1693 1911
f 1694 1701 1912
f 1701 1918 1912
f 1919 1702 1695
f 1913 1919 1695
f 1696 1703 1914
f 1703 1920 1914
f 1704 1697 1921
f 1697 1915 1921
f 1922 1916 1698
f 1699 1923 1922
f 1698 1699 1922
f 1923 1699 1705
f 1700 1924 1707
f 1924 1700 1917
f 1925 1918 1701
f 1708 1925 1701
f 1928 1709 1702
f 1919 1928 1702
f 1703 1710 1920
f 1920 1710 1929
f 1711 1921 1930
f 1704 1921 1711
f 1931 1923 1705
f 1931 1705 1712
f 1706 1932 1716
f 1707 1933 1932
f 1706 1707 1932
f 1933 1707 1924
f 1926 1708 1717
f 1925 1708 1926
f 1926 1717 1934
f 1718 1928 1934
f 1718 1709 1928
f 1719 1709 1718
f 1929 1710 1720
f 1935 1929 1720
f 1938 1721 1711
f 1930 1938 1711
f 1939 1931 1712
f 1713 1940 1939
f 1712 1713 1939
f 1714 1941 1940
f 1713 1714 1940
f 1941 1714 1722
f 1715 1942 1733
f 1716 1943 1942
f 1715 1716 1942
f 1943 1716 1932
f 1934 1717 1734
f 1734 1718 1934
f 1735 1718 1734
f 1718 1735 1719
f 1935 1720 1736
f 1935 1736 1944
f 1737 1938 1945
f 1938 1737 1721
f 1946 1941 1722
f 1723 1947 1946
f 1722 1723 1946
f 1724 1948 1947
f 1723 1724 1947
f 1725 1949 1948
f 1724 1725 1948
f 1726 1950 1949
f 1725 1726 1949
f 1727 1951 1950
f 1726 1727 1950
f 1728 1952 1951
f 1727 1728 1951
f 1729 1953 1952
f 1728 1729 1952
f 1730 1954 1953
f 1729 1730 1953
f 1731 1955 1954
f 1730 1731 1954
f 1732 1956 1955
f 1731 1732 1955
f 1733 1957 1956
f 1732 1733 1956
f 1957 1733 1942
f 1736 1739 1944
f 1738 1739 1736
f 1740 1945 1944
f 1739 1740 1944
f 1945 1740 1737
f 1742 1741 1958
f 1742 1958 1743
f 1958 1959 1743
f 1743 1959 1744
f 1959 1960 1744
f 1744 1960 1746
f 1960 1963 1746
f 1745 1962 1741
f 1961 1962 1745
f 1962 1958 1741
f 1963 1965 1748
f 1746 1963 1748
f 1745 1747 1964
f 1961 1745 1964
f 1965 1967 1750
f 1748 1965 1750
f 1747 1749 1966
f 1964 1747 1966
f 1967 1969 1752
f 1750 1967 1752
f 1749 1751 1968
f 1966 1749 1968
f 1969 1970 1753
f 1752 1969 1753
f 1751 1755 1968
f 1755 1972 1968
f 1753 1973 1756
f 1970 1973 1753
f 1755 1754 1971
f 1972 1755 1971
f 1974 1756 1973
f 1757 1756 1974
f 1754 1758 1971
f 1758 1975 1971
f 1759 1757 1976
f 1757 1974 1976
f 1758 1761 1975
f 1761 1978 1975
f 1976 1979 1762
f 1759 1976 1762
f 1761 1760 1977
f 1978 1761 1977
f 1763 1762 1980
f 1762 1979 1980
f 1760 1764 1977
f 1764 1981 1977
f 1765 1763 1982
f 1763 1980 1982
f 1764 1766 1981
f 1766 1983 1981
f 1767 1765 1984
f 1765 1982 1984
f 1766 1768 1983
f 1768 1985 1983
f 1769 1767 1986
f 1767 1984 1986
f 1768 1770 1985
f 1770 1987 1985
f 1771 1769 1988
f 1769 1986 1988
f 1770 1772 1987
f 1772 1990 1987
f 1988 1991 1773
f 1771 1988 1773
f 1772 1560 1989
f 1990 1772 1989
f 1774 1773 1992
f 1773 1991 1992
f 1560 1775 1989
f 1775 1993 1989
f 1776 1774 1994
f 1774 1992 1994
f 1775 1777 1993
f 1777 1995 1993
f 1778 1776 1996
f 1776 1994 1996
f 1777 1779 1995
f 1779 1997 1995
f 1780 1778 1998
f 1778 1996 1998
f 1779 1781 1997
f 1781 1999 1997
f 1782 1780 2000
f 1780 1998 2000
f 1781 1783 1999
f 1783 2001 1999
f 1784 1782 2002
f 1782 2000 2002
f 2003 2001 1783
f 1785 2003 1783
f 1786 1784 2004
f 1784 2002 2004
f 1785 1787 2003
f 1787 2005 2003
f 1788 1786 2006
f 1786 2004 2006
f 1787 1789 2005
f 1789 2007 2005
f 1788 2008 1790
f 2006 2008 1788
f 1789 1791 2007
f 1791 2009 2007
f 2010 1790 2008
f 1792 1790 2010
f 1791 1793 2009
f 1793 2011 2009
f 1794 1792 2012
f 1792 2010 2012
f 1793 1795 2011
f 1795 2013 2011
f 1796 1794 2014
f 1794 2012 2014
f 2013 1795 2015
f 2015 1795 1797
f 1798 1796 2016
f 1796 2014 2016
f 1797 2017 2015
f 1799 2017 1797
f 1798 2018 1800
f 2016 2018 1798
f 1799 1801 2017
f 1801 2019 2017
f 2020 1800 2018
f 1802 1800 2020
f 2019 1801 2021
f 2021 1801 1803
f 1804 1802 2022
f 1802 2020 2022
f 1803 2023 2021
f 1805 2023 1803
f 1806 1804 2022
f 2024 1806 2022
f 2023 1805 2025
f 2025 1805 1807
f 1806 2026 1808
f 2024 2026 1806
f 2027 2025 1807
f 2027 1807 1809
f 2028 1808 2026
f 1810 1808 2028
f 2029 2027 1809
f 2029 1809 1811
f 1813 1810 2028
f 2030 1813 2028
f 2031 2029 1811
f 2031 1811 1814
f 1812 2033 1818
f 1812 2030 2033
f 1813 2030 1812
f 2032 2031 1814
f 2032 1815 2034
f 1814 1815 2032
f 1816 2035 2034
f 1815 1816 2034
f 1817 2036 2035
f 1816 1817 2035
f 1818 2037 2036
f 1817 1818 2036
f 2037 1818 2033
f 1828 1827 1819
f 1828 1820 1605
f 1819 1820 1828
f 1821 1606 1605
f 1820 1821 1605
f 1822 1607 1606
f 1821 1822 1606
f 1822 1829 1607
f 1823 1829 1822
f 1829 1823 1830
f 1608 1837 1824
f 1825 1609 1608
f 1824 1825 1608
f 1826 1610 1609
f 1825 1826 1609
f 1827 1611 1610
f 1826 1827 1610
f 1828 1612 1611
f 1827 1828 1611
f 1612 1828 1605
f 1829 1616 1607
f 1830 1617 1616
f 1829 1830 1616
f 1831 1618 1617
f 1830 1831 1617
f 1832 1619 1618
f 1831 1832 1618
f 1833 1620 1619
f 1832 1833 1619
f 1833 1838 1620
f 1834 1838 1833
f 1838 1834 1839
f 1842 1841 1835
f 1842 1836 1621
f 1835 1836 1842
f 1837 1622 1621
f 1836 1837 1621
f 1622 1837 1608
f 1838 1626 1620
f 1839 1627 1626
f 1838 1839 1626
f 1840 1628 1627
f 1839 1840 1627
f 1628 1840 1843
f 1629 1846 1841
f 1842 1630 1629
f 1841 1842 1629
f 1630 1842 1621
f 1843 1634 1628
f 1843 1847 1634
f 1844 1847 1843
f 1847 1844 1848
f 2065 1846 1635
f 1845 1846 2065
f 1635 1846 1629
f 1847 1638 1634
f 1847 1849 1638
f 1848 1849 1847
f 1849 1848 1850
f 1639 1851 2065
f 1639 2065 1635
f 1849 1641 1638
f 1849 1852 1641
f 1850 1852 1849
f 1852 1850 1853
f 1642 1854 1851
f 1642 1851 1639
f 1852 1644 1641
f 1852 1855 1644
f 1853 1855 1852
f 1856 2071 1854
f 1642 1856 1854
f 1855 1646 1644
f 1646 1855 1857
f 1647 1858 2071
f 1647 2071 1856
f 1646 1857 1859
f 1648 1646 1859
f 1860 2075 1858
f 1647 1860 1858
f 1859 1651 1648
f 1651 1859 1861
f 1652 1862 2075
f 1652 2075 1860
f 1651 1861 1863
f 1655 1651 1863
f 1864 2079 1862
f 1652 1864 1862
f 1655 1863 1865
f 1656 1655 1865
f 1866 2086 2079
f 1864 1866 2079
f 1656 1865 1867
f 1658 1656 1867
f 1869 2095 2086
f 1866 1869 2086
f 1658 1867 1870
f 1660 1658 1870
f 1875 1874 1868
f 1875 1868 1876
f 1877 2102 2095
f 1869 1877 2095
f 1660 1870 1878
f 1662 1660 1878
f 2104 1871 2105
f 1871 1872 2105
f 2105 1872 1879
f 1663 1884 1873
f 1874 1664 1663
f 1873 1874 1663
f 1875 1665 1664
f 1874 1875 1664
f 1876 1666 1665
f 1875 1876 1665
f 1666 1876 1885
f 1886 2106 2102
f 1877 1886 2102
f 1662 1878 1887
f 1668 1662 1887
f 1879 2107 2105
f 2107 1880 1669
f 1879 1880 2107
f 1881 1670 1669
f 1880 1881 1669
f 1882 1671 1670
f 1881 1882 1670
f 1883 1672 1671
f 1882 1883 1671
f 1672 1883 1888
f 1889 2108 1884
f 1663 1889 1884
f 1666 1885 1890
f 1673 1666 1890
f 2109 2106 1886
f 2109 1886 1891
f 1668 1887 1892
f 1676 1668 1892
f 1893 2110 2107
f 1669 1893 2107
f 1888 1677 1672
f 2111 1677 1888
f 2112 2108 1678
f 1678 2108 1889
f 1890 1679 1673
f 2113 1679 1890
f 1894 2114 2109
f 1891 1894 2109
f 1676 1892 2115
f 1895 1676 2115
f 1896 2116 2110
f 1893 1896 2110
f 2111 2117 1683
f 1677 2111 1683
f 1678 1897 2112
f 1897 2118 2112
f 1898 1679 2119
f 1679 2113 2119
f 1899 2120 2114
f 1894 1899 2114
f 1895 2121 1686
f 2121 1895 2115
f 1900 2122 2116
f 1896 1900 2116
f 1901 1683 2123
f 1683 2117 2123
f 1897 1903 2118
f 1903 2124 2118
f 1898 2125 1904
f 2119 2125 1898
f 2126 2120 1899
f 2126 1899 1905
f 2127 1686 2121
f 1906 1686 2127
f 1900 2129 2122
f 1907 2129 1900
f 1908 1901 2130
f 1901 2123 2130
f 2131 1903 1902
f 2124 1903 2131
f 2132 1904 2125
f 1909 1904 2132
f 1910 2133 2126
f 1905 1910 2126
f 1906 2134 1911
f 2127 2134 1906
f 2135 2129 1907
f 1912 2135 1907
f 1913 2130 2136
f 1908 2130 1913
f 2131 1902 1914
f 2137 2131 1914
f 1915 1909 2138
f 1909 2132 2138
f 2139 2133 1910
f 2139 1910 1916
f 1911 2140 1917
f 2140 1911 2134
f 1912 1918 2135
f 2135 1918 2141
f 2143 1919 1913
f 2136 2143 1913
f 2137 1914 1920
f 2144 2137 1920
f 1921 2138 2147
f 1915 2138 1921
f 2148 2139 1916
f 2148 1916 1922
f 1917 2149 1924
f 2149 1917 2140
f 2141 1918 1925
f 1926 2142 2141
f 1925 1926 2141
f 1927 2143 2142
f 1926 1927 2142
f 1927 1919 2143
f 1928 1919 1927
f 2144 1920 1929
f 2144 1929 2150
f 1930 2147 2151
f 2147 1930 1921
f 2152 2148 1922
f 1923 2153 2152
f 1922 1923 2152
f 2153 1923 1931
f 1924 2154 1933
f 2154 1924 2149
f 1927 1926 1934
f 1927 1934 1928
f 1929 1936 2150
f 1935 1936 1929
f 1937 2151 2150
f 1936 1937 2150
f 1937 1930 2151
f 1938 1930 1937
f 2155 2153 1931
f 2155 1931 1939
f 1932 2158 1943
f 1933 2159 2158
f 1932 1933 2158
f 2159 1933 2154
f 1936 1935 1944
f 1936 1944 1937
f 1944 1945 1937
f 1937 1945 1938
f 2156 2155 1939
f 2156 1940 2160
f 1939 1940 2156
f 1941 2161 2160
f 1940 1941 2160
f 2161 1941 1946
f 1942 2165 1957
f 1942 2157 2165
f 1943 2157 1942
f 2157 1943 2158
f 2162 2161 1946
f 2162 1947 2166
f 1946 1947 2162
f 1948 2167 2166
f 1947 1948 2166
f 1949 2168 2167
f 1948 1949 2167
f 1950 2169 2168
f 1949 1950 2168
f 1951 2170 2169
f 1950 1951 2169
f 1952 2171 2170
f 1951 1952 2170
f 1953 2172 2171
f 1952 1953 2171
f 1954 2173 2172
f 1953 1954 2172
f 1955 2174 2173
f 1954 1955 2173
f 1955 2163 2174
f 1956 2163 1955
f 2163 1956 2164
f 1956 1957 2164
f 2164 1957 2165
f 1962 1961 2175
f 1962 2176 1958
f 2175 2176 1962
f 2177 1959 1958
f 2176 2177 1958
f 2178 1960 1959
f 2177 2178 1959
f 2180 1963 1960
f 2178 2180 1960
f 1963 2180 1965
f 1961 1964 2179
f 2179 2175 1961
f 2181 1965 2180
f 2181 1967 1965
f 2183 1967 2181
f 1964 1966 2182
f 2182 2179 1964
f 2183 2185 1969
f 1967 2183 1969
f 1966 1968 2184
f 2184 2182 1966
f 1969 2187 1970
f 2185 2187 1969
f 1972 2186 1968
f 2186 2184 1968
f 2188 1970 2187
f 1973 1970 2188
f 2190 1972 1971
f 2186 1972 2190
f 2188 2191 1974
f 1973 2188 1974
f 1975 2189 1971
f 2189 2190 1971
f 1976 1974 2192
f 1974 2191 2192
f 1975 1978 2189
f 1978 2194 2189
f 1976 2195 1979
f 2192 2195 1976
f 1978 1977 2193
f 2194 1978 2193
f 2196 1979 2195
f 1980 1979 2196
f 1977 1981 2193
f 1981 2197 2193
f 1982 1980 2198
f 1980 2196 2198
f 1981 1983 2197
f 1983 2199 2197
f 1984 1982 2200
f 1982 2198 2200
f 1983 1985 2199
f 1985 2201 2199
f 1986 1984 2202
f 1984 2200 2202
f 1985 1987 2201
f 1987 2203 2201
f 1988 1986 2204
f 1986 2202 2204
f 1987 1990 2203
f 1990 2205 2203
f 2204 2206 1991
f 1988 2204 1991
f 2208 1990 1989
f 2205 1990 2208
f 1992 1991 2209
f 1991 2206 2209
f 1993 2207 1989
f 2207 2208 1989
f 1994 1992 2210
f 1992 2209 2210
f 1993 1995 2207
f 1995 2211 2207
f 1996 1994 2212
f 1994 2210 2212
f 1995 1997 2211
f 1997 2213 2211
f 1998 1996 2214
f 1996 2212 2214
f 1997 1999 2213
f 1999 2215 2213
f 2000 1998 2216
f 1998 2214 2216
f 1999 2001 2215
f 2001 2217 2215
f 2002 2000 2218
f 2000 2216 2218
f 2217 2001 2219
f 2219 2001 2003
f 2004 2002 2220
f 2002 2218 2220
f 2003 2221 2219
f 2005 2221 2003
f 2006 2004 2222
f 2004 2220 2222
f 2005 2007 2221
f 2007 2223 2221
f 2008 2006 2224
f 2006 2222 2224
f 2007 2009 2223
f 2009 2225 2223
f 2010 2008 2224
f 2226 2010 2224
f 2009 2011 2225
f 2011 2227 2225
f 2012 2010 2228
f 2010 2226 2228
f 2011 2013 2227
f 2013 2229 2227
f 2014 2012 2230
f 2012 2228 2230
f 2013 2015 2229
f 2015 2231 2229
f 2016 2014 2232
f 2014 2230 2232
f 2231 2015 2233
f 2233 2015 2017
f 2018 2016 2234
f 2016 2232 2234
f 2017 2235 2233
f 2019 2235 2017
f 2020 2018 2234
f 2236 2020 2234
f 2019 2021 2235
f 2021 2237 2235
f 2022 2020 2238
f 2020 2236 2238
f 2239 2237 2021
f 2023 2239 2021
f 2022 2240 2024
f 2238 2240 2022
f 2023 2025 2239
f 2025 2241 2239
f 2242 2024 2240
f 2026 2024 2242
f 2243 2241 2025
f 2027 2243 2025
f 2026 2244 2028
f 2242 2244 2026
f 2243 2027 2245
f 2245 2027 2029
f 2028 2246 2030
f 2246 2028 2244
f 2247 2245 2029
f 2247 2029 2031
f 2030 2249 2033
f 2249 2030 2246
f 2248 2247 2031
f 2248 2032 2250
f 2031 2032 2248
f 2250 2032 2034
f 2033 2255 2037
f 2255 2033 2249
f 2251 2250 2034
f 2251 2034 2252
f 2034 2035 2252
f 2252 2035 2253
f 2035 2036 2253
f 2253 2036 2254
f 2036 2037 2254
f 2254 2037 2255
f 1819 2046 2038
f 2039 1820 1819
f 2038 2039 1819
f 2040 1821 1820
f 2039 2040 1820
f 2041 1822 1821
f 2040 2041 1821
f 2042 1823 1822
f 2041 2042 1822
f 1823 2042 2047
f 1824 2054 2043
f 2044 1825 1824
f 2043 2044 1824
f 2045 1826 1825
f 2044 2045 1825
f 2046 1827 1826
f 2045 2046 1826
f 1827 2046 1819
f 2047 1830 1823
f 2048 1831 1830
f 2047 2048 1830
f 2049 1832 1831
f 2048 2049 1831
f 2050 1833 1832
f 2049 2050 1832
f 2051 1834 1833
f 2050 2051 1833
f 1834 2051 2055
f 1835 2057 2052
f 2053 1836 1835
f 2052 2053 1835
f 2054 1837 1836
f 2053 2054 1836
f 1837 2054 1824
f 2055 1839 1834
f 2056 1840 1839
f 2055 2056 1839
f 1840 2056 2058
f 1841 2061 2057
f 1841 2057 1835
f 2058 1843 1840
f 2059 1844 1843
f 2058 2059 1843
f 1844 2059 2062
f 1845 2063 2060
f 2061 1846 1845
f 2060 2061 1845
f 1846 2061 1841
f 2062 1848 1844
f 1848 2062 2064
f 2065 2276 2063
f 1845 2065 2063
f 2064 1850 1848
f 1850 2064 2066
f 1851 2067 2276
f 1851 2276 2065
f 2066 1853 1850
f 1853 2066 2068
f 1854 2069 2067
f 1854 2067 1851
f 1853 2068 2070
f 1855 1853 2070
f 2071 2281 2069
f 1854 2071 2069
f 2070 1857 1855
f 1857 2070 2072
f 1858 2073 2281
f 1858 2281 2071
f 1857 2072 2074
f 1859 1857 2074
f 2075 2284 2073
f 1858 2075 2073
f 2074 1861 1859
f 2285 1861 2074
f 2289 2284 1862
f 1862 2284 2075
f 1863 2285 2076
f 1861 2285 1863
f 2289 2079 2078
f 1862 2079 2289
f 1863 2076 2080
f 1865 1863 2080
f 2084 2083 2077
f 2084 2077 2085
f 2077 2078 2085
f 2086 2085 2078
f 2079 2086 2078
f 1865 2080 2087
f 1867 1865 2087
f 2087 2080 2088
f 1868 2090 2081
f 2081 2091 1868
f 2082 2091 2081
f 2091 2082 2092
f 2082 2083 2092
f 2092 2083 2093
f 2083 2084 2093
f 2093 2084 2094
f 2084 2085 2094
f 2095 2094 2085
f 2086 2095 2085
f 1867 2087 2096
f 1870 1867 2096
f 2096 2088 1871
f 2087 2088 2096
f 2089 1872 1871
f 2088 2089 1871
f 1872 2089 2097
f 1874 2299 2090
f 1873 2299 1874
f 1874 2090 1868
f 2091 1876 1868
f 2091 2101 1876
f 2092 2101 2091
f 2101 2092 2302
f 2092 2093 2302
f 2302 2093 2303
f 2093 2094 2303
f 2102 2303 2094
f 2095 2102 2094
f 1870 2096 2103
f 1878 1870 2103
f 2104 2103 2096
f 1871 2104 2096
f 2097 1879 1872
f 2098 1880 1879
f 2097 2098 1879
f 2099 1881 1880
f 2098 2099 1880
f 2100 1882 1881
f 2099 2100 1881
f 2304 1882 2100
f 1883 1882 2304
f 1873 1884 2301
f 2299 1873 2301
f 2101 1885 1876
f 2302 2305 1885
f 2101 2302 1885
f 2102 2306 2303
f 2106 2306 2102
f 1878 2103 2307
f 1887 1878 2307
f 2308 2103 2104
f 2307 2103 2308
f 2105 2309 2308
f 2104 2105 2308
f 2309 2105 2107
f 2304 2310 1888
f 1883 2304 1888
f 1884 2108 2301
f 2108 2311 2301
f 1890 1885 2312
f 1885 2305 2312
f 2306 2106 2313
f 2313 2106 2109
f 2314 1887 2307
f 1892 1887 2314
f 2107 2315 2309
f 2110 2315 2107
f 2111 1888 2316
f 1888 2310 2316
f 2108 2112 2311
f 2112 2317 2311
f 2113 1890 2318
f 1890 2312 2318
f 2114 2319 2313
f 2109 2114 2313
f 2115 1892 2320
f 1892 2314 2320
f 2110 2116 2315
f 2116 2321 2315
f 2316 2322 2117
f 2111 2316 2117
f 2112 2118 2317
f 2118 2323 2317
f 2119 2113 2324
f 2113 2318 2324
f 2114 2325 2319
f 2120 2325 2114
f 2115 2326 2121
f 2320 2326 2115
f 2116 2122 2321
f 2122 2327 2321
f 2123 2117 2328
f 2117 2322 2328
f 2118 2124 2323
f 2124 2329 2323
f 2125 2119 2330
f 2119 2324 2330
f 2325 2120 2331
f 2331 2120 2126
f 2121 2128 2127
f 2128 2121 2326
f 2332 2327 2122
f 2129 2332 2122
f 2130 2328 2333
f 2123 2328 2130
f 2124 2131 2329
f 2329 2131 2334
f 2132 2125 2330
f 2337 2132 2330
f 2126 2338 2331
f 2133 2338 2126
f 2127 2128 2339
f 2134 2127 2339
f 2340 2332 2129
f 2135 2340 2129
f 2136 2333 2342
f 2333 2136 2130
f 2334 2131 2137
f 2343 2334 2137
f 2138 2337 2345
f 2132 2337 2138
f 2346 2338 2133
f 2139 2346 2133
f 2134 2347 2140
f 2347 2134 2339
f 2341 2135 2141
f 2340 2135 2341
f 2142 2342 2341
f 2141 2142 2341
f 2142 2136 2342
f 2143 2136 2142
f 2137 2145 2343
f 2144 2145 2137
f 2146 2344 2343
f 2145 2146 2343
f 2147 2345 2344
f 2146 2147 2344
f 2345 2147 2138
f 2348 2346 2139
f 2148 2348 2139
f 2140 2349 2149
f 2349 2140 2347
f 2145 2144 2150
f 2145 2150 2146
f 2150 2151 2146
f 2146 2151 2147
f 2350 2348 2148
f 2152 2350 2148
f 2149 2352 2154
f 2352 2149 2349
f 2350 2153 2353
f 2152 2153 2350
f 2353 2153 2155
f 2159 2154 2351
f 2355 2159 2351
f 2351 2154 2352
f 2354 2353 2155
f 2354 2156 2356
f 2155 2156 2354
f 2356 2156 2160
f 2157 2360 2165
f 2158 2361 2360
f 2157 2158 2360
f 2158 2355 2361
f 2159 2355 2158
f 2357 2356 2160
f 2357 2160 2358
f 2160 2161 2358
f 2358 2162 2362
f 2161 2162 2358
f 2362 2162 2166
f 2163 2372 2174
f 2164 2373 2372
f 2163 2164 2372
f 2164 2359 2373
f 2165 2359 2164
f 2359 2165 2360
f 2363 2362 2166
f 2363 2166 2364
f 2166 2167 2364
f 2364 2167 2365
f 2167 2168 2365
f 2365 2168 2366
f 2168 2169 2366
f 2366 2169 2367
f 2169 2170 2367
f 2367 2170 2368
f 2170 2171 2368
f 2368 2171 2369
f 2171 2172 2369
f 2369 2172 2370
f 2172 2173 2370
f 2370 2173 2371
f 2173 2174 2371
f 2371 2174 2372
f 2176 2175 2375
f 2176 2375 2177
f 2375 2376 2177
f 2177 2376 2178
f 2376 2377 2178
f 2178 2377 2180
f 2377 2380 2180
f 2179 2379 2175
f 2378 2379 2179
f 2379 2375 2175
f 2380 2382 2181
f 2180 2380 2181
f 2181 2382 2183
f 2179 2182 2381
f 2378 2179 2381
f 2384 2183 2382
f 2183 2384 2185
f 2182 2184 2383
f 2381 2182 2383
f 2386 2185 2384
f 2187 2185 2386
f 2184 2186 2385
f 2383 2184 2385
f 2386 2387 2188
f 2187 2386 2188
f 2186 2190 2385
f 2190 2389 2385
f 2188 2390 2191
f 2387 2390 2188
f 2190 2189 2388
f 2389 2190 2388
f 2391 2191 2390
f 2192 2191 2391
f 2189 2194 2388
f 2194 2392 2388
f 2195 2192 2393
f 2192 2391 2393
f 2395 2194 2193
f 2392 2194 2395
f 2393 2396 2196
f 2195 2393 2196
f 2197 2394 2193
f 2394 2395 2193
f 2198 2196 2397
f 2196 2396 2397
f 2197 2199 2394
f 2199 2398 2394
f 2200 2198 2399
f 2198 2397 2399
f 2199 2201 2398
f 2201 2400 2398
f 2202 2200 2401
f 2200 2399 2401
f 2201 2203 2400
f 2203 2402 2400
f 2204 2202 2403
f 2202 2401 2403
f 2203 2205 2402
f 2205 2404 2402
f 2403 2405 2206
f 2204 2403 2206
f 2205 2208 2404
f 2208 2406 2404
f 2209 2206 2407
f 2206 2405 2407
f 2409 2208 2207
f 2406 2208 2409
f 2210 2209 2410
f 2209 2407 2410
f 2211 2408 2207
f 2408 2409 2207
f 2212 2210 2411
f 2210 2410 2411
f 2211 2213 2408
f 2213 2412 2408
f 2214 2212 2413
f 2212 2411 2413
f 2213 2215 2412
f 2215 2414 2412
f 2216 2214 2415
f 2214 2413 2415
f 2215 2217 2414
f 2217 2416 2414
f 2218 2216 2417
f 2216 2415 2417
f 2217 2219 2416
f 2219 2418 2416
f 2220 2218 2419
f 2218 2417 2419
f 2418 2219 2420
f 2420 2219 2221
f 2222 2220 2421
f 2220 2419 2421
f 2221 2422 2420
f 2223 2422 2221
f 2224 2222 2423
f 2222 2421 2423
f 2223 2225 2422
f 2225 2424 2422
f 2226 2224 2423
f 2425 2226 2423
f 2225 2227 2424
f 2227 2426 2424
f 2228 2226 2427
f 2226 2425 2427
f 2227 2229 2426
f 2229 2428 2426
f 2230 2228 2429
f 2228 2427 2429
f 2229 2231 2428
f 2231 2430 2428
f 2232 2230 2431
f 2230 2429 2431
f 2231 2233 2430
f 2233 2432 2430
f 2234 2232 2433
f 2232 2431 2433
f 2434 2432 2233
f 2235 2434 2233
f 2234 2435 2236
f 2433 2435 2234
f 2235 2237 2434
f 2237 2436 2434
f 2437 2236 2435
f 2238 2236 2437
f 2436 2237 2438
f 2438 2237 2239
f 2240 2238 2439
f 2238 2437 2439
f 2239 2440 2438
f 2241 2440 2239
f 2242 2240 2439
f 2441 2242 2439
f 2440 2241 2442
f 2442 2241 2243
f 2244 2242 2443
f 2242 2441 2443
f 2243 2444 2442
f 2245 2444 2243
f 2246 2244 2443
f 2445 2246 2443
f 2446 2444 2245
f 2247 2446 2245
f 2249 2246 2445
f 2447 2249 2445
f 2446 2248 2448
f 2247 2248 2446
f 2448 2248 2250
f 2255 2249 2447
f 2450 2255 2447
f 2449 2448 2250
f 2449 2251 2451
f 2250 2251 2449
f 2252 2452 2451
f 2251 2252 2451
f 2253 2453 2452
f 2252 2253 2452
f 2254 2454 2453
f 2253 2254 2453
f 2254 2450 2454
f 2255 2450 2254
f 2457 2038 2259
f 2038 2457 2039
f 2457 2459 2039
f 2039 2459 2040
f 2459 2461 2040
f 2040 2461 2041
f 2461 2463 2041
f 2041 2463 2042
f 2463 2465 2042
f 2465 2260 2042
f 2043 2265 2256
f 2257 2044 2043
f 2256 2257 2043
f 2258 2045 2044
f 2257 2258 2044
f 2259 2046 2045
f 2258 2259 2045
f 2046 2259 2038
f 2260 2047 2042
f 2261 2048 2047
f 2260 2261 2047
f 2262 2049 2048
f 2261 2262 2048
f 2263 2050 2049
f 2262 2263 2049
f 2472 2050 2263
f 2051 2050 2472
f 2472 2266 2051
f 2476 2052 2268
f 2053 2476 2264
f 2052 2476 2053
f 2265 2054 2053
f 2264 2265 2053
f 2054 2265 2043
f 2266 2055 2051
f 2267 2056 2055
f 2266 2267 2055
f 2056 2267 2269
f 2057 2270 2268
f 2057 2268 2052
f 2269 2058 2056
f 2480 2058 2269
f 2059 2058 2480
f 2480 2271 2059
f 2482 2060 2272
f 2061 2482 2270
f 2060 2482 2061
f 2061 2270 2057
f 2271 2062 2059
f 2062 2271 2273
f 2063 2274 2272
f 2063 2272 2060
f 2273 2064 2062
f 2064 2273 2275
f 2276 2488 2274
f 2063 2276 2274
f 2275 2066 2064
f 2066 2275 2277
f 2067 2278 2488
f 2067 2488 2276
f 2277 2068 2066
f 2490 2068 2277
f 2069 2279 2278
f 2069 2278 2067
f 2070 2490 2280
f 2068 2490 2070
f 2281 2492 2279
f 2069 2281 2279
f 2280 2072 2070
f 2493 2072 2280
f 2496 2492 2073
f 2073 2492 2281
f 2074 2493 2282
f 2072 2493 2074
f 2496 2284 2283
f 2073 2284 2496
f 2074 2282 2286
f 2285 2074 2286
f 2288 2287 2283
f 2289 2288 2283
f 2284 2289 2283
f 2286 2076 2285
f 2498 2076 2286
f 2077 2292 2287
f 2288 2078 2077
f 2287 2288 2077
f 2078 2288 2289
f 2080 2498 2293
f 2076 2498 2080
f 2081 2295 2290
f 2291 2082 2081
f 2290 2291 2081
f 2292 2083 2082
f 2291 2292 2082
f 2083 2292 2077
f 2293 2088 2080
f 2294 2089 2088
f 2293 2294 2088
f 2089 2294 2296
f 2090 2300 2295
f 2090 2295 2081
f 2296 2097 2089
f 2297 2098 2097
f 2296 2297 2097
f 2298 2099 2098
f 2297 2298 2098
f 2500 2099 2298
f 2100 2099 2500
f 2502 2300 2299
f 2299 2300 2090
f 2500 2503 2304
f 2100 2500 2304
f 2299 2301 2501
f 2502 2299 2501
f 2302 2504 2305
f 2303 2505 2504
f 2302 2303 2504
f 2505 2303 2306
f 2503 2506 2310
f 2304 2503 2310
f 2301 2311 2501
f 2311 2507 2501
f 2508 2305 2504
f 2312 2305 2508
f 2306 2509 2505
f 2313 2509 2306
f 2307 2510 2314
f 2308 2511 2510
f 2307 2308 2510
f 2309 2512 2511
f 2308 2309 2511
f 2512 2309 2315
f 2316 2310 2513
f 2310 2506 2513
f 2311 2317 2507
f 2317 2514 2507
f 2318 2312 2515
f 2312 2508 2515
f 2313 2319 2509
f 2319 2516 2509
f 2517 2314 2510
f 2320 2314 2517
f 2315 2518 2512
f 2321 2518 2315
f 2316 2519 2322
f 2513 2519 2316
f 2317 2323 2514
f 2323 2520 2514
f 2324 2318 2521
f 2318 2515 2521
f 2516 2319 2522
f 2522 2319 2325
f 2326 2320 2523
f 2320 2517 2523
f 2321 2327 2518
f 2518 2327 2524
f 2525 2328 2322
f 2519 2525 2322
f 2323 2329 2520
f 2520 2329 2526
f 2330 2521 2529
f 2324 2521 2330
f 2325 2530 2522
f 2331 2530 2325
f 2326 2531 2128
f 2523 2531 2326
f 2524 2327 2332
f 2524 2332 2532
f 2333 2525 2534
f 2525 2333 2328
f 2526 2329 2334
f 2335 2527 2526
f 2334 2335 2526
f 2336 2528 2527
f 2335 2336 2527
f 2337 2529 2528
f 2336 2337 2528
f 2529 2337 2330
f 2530 2331 2535
f 2535 2331 2338
f 2536 2128 2531
f 2339 2128 2536
f 2532 2332 2340
f 2341 2533 2532
f 2340 2341 2532
f 2342 2534 2533
f 2341 2342 2533
f 2534 2342 2333
f 2334 2343 2335
f 2343 2344 2335
f 2335 2344 2336
f 2344 2345 2336
f 2336 2345 2337
f 2537 2535 2338
f 2537 2338 2346
f 2347 2339 2536
f 2538 2347 2536
f 2539 2537 2346
f 2539 2346 2348
f 2349 2347 2538
f 2540 2349 2538
f 2541 2539 2348
f 2541 2348 2350
f 2352 2349 2540
f 2543 2352 2540
f 2542 2541 2350
f 2544 2542 2350
f 2353 2544 2350
f 2351 2546 2355
f 2351 2543 2546
f 2352 2543 2351
f 2544 2354 2547
f 2353 2354 2544
f 2547 2354 2356
f 2361 2355 2545
f 2551 2361 2545
f 2545 2355 2546
f 2548 2547 2356
f 2548 2356 2549
f 2356 2357 2549
f 2549 2358 2552
f 2357 2358 2549
f 2552 2358 2362
f 2359 2374 2373
f 2359 2550 2374
f 2360 2550 2359
f 2550 2360 2551
f 2360 2361 2551
f 2553 2552 2362
f 2553 2362 2554
f 2362 2363 2554
f 2554 2363 2555
f 2363 2364 2555
f 2555 2364 2556
f 2364 2365 2556
f 2556 2365 2557
f 2365 2366 2557
f 2557 2366 2558
f 2366 2367 2558
f 2558 2367 2559
f 2367 2368 2559
f 2559 2368 2560
f 2368 2369 2560
f 2560 2369 2561
f 2369 2370 2561
f 2561 2370 2562
f 2370 2371 2562
f 2562 2371 2563
f 2371 2372 2563
f 2563 2372 2564
f 2372 2373 2564
f 2564 2373 2374
f 2379 2378 2565
f 2379 2566 2375
f 2565 2566 2379
f 2567 2376 2375
f 2566 2567 2375
f 2568 2377 2376
f 2567 2568 2376
f 2570 2380 2377
f 2568 2570 2377
f 2380 2570 2382
f 2378 2381 2569
f 2569 2565 2378
f 2572 2382 2570
f 2382 2572 2384
f 2381 2383 2571
f 2571 2569 2381
f 2574 2384 2572
f 2384 2574 2386
f 2383 2385 2573
f 2573 2571 2383
f 2576 2386 2574
f 2386 2576 2387
f 2389 2575 2385
f 2575 2573 2385
f 2577 2387 2576
f 2390 2387 2577
f 2579 2389 2388
f 2575 2389 2579
f 2577 2580 2391
f 2390 2577 2391
f 2392 2578 2388
f 2578 2579 2388
f 2393 2391 2581
f 2391 2580 2581
f 2392 2395 2578
f 2395 2582 2578
f 2393 2583 2396
f 2581 2583 2393
f 2585 2395 2394
f 2582 2395 2585
f 2586 2396 2583
f 2397 2396 2586
f 2398 2584 2394
f 2584 2585 2394
f 2399 2397 2587
f 2397 2586 2587
f 2398 2400 2584
f 2400 2588 2584
f 2401 2399 2589
f 2399 2587 2589
f 2400 2402 2588
f 2402 2590 2588
f 2403 2401 2591
f 2401 2589 2591
f 2402 2404 2590
f 2404 2592 2590
f 2403 2593 2405
f 2591 2593 2403
f 2404 2406 2592
f 2406 2594 2592
f 2595 2405 2593
f 2407 2405 2595
f 2406 2409 2594
f 2409 2597 2594
f 2410 2407 2598
f 2407 2595 2598
f 2409 2408 2596
f 2597 2409 2596
f 2411 2410 2599
f 2410 2598 2599
f 2408 2412 2596
f 2412 2600 2596
f 2413 2411 2601
f 2411 2599 2601
f 2412 2414 2600
f 2414 2602 2600
f 2415 2413 2603
f 2413 2601 2603
f 2414 2416 2602
f 2416 2604 2602
f 2417 2415 2605
f 2415 2603 2605
f 2416 2418 2604
f 2418 2606 2604
f 2419 2417 2607
f 2417 2605 2607
f 2418 2420 2606
f 2420 2608 2606
f 2421 2419 2609
f 2419 2607 2609
f 2610 2608 2420
f 2422 2610 2420
f 2423 2421 2611
f 2421 2609 2611
f 2422 2424 2610
f 2424 2612 2610
f 2425 2423 2611
f 2613 2425 2611
f 2424 2426 2612
f 2426 2614 2612
f 2427 2425 2615
f 2425 2613 2615
f 2426 2428 2614
f 2428 2616 2614
f 2429 2427 2617
f 2427 2615 2617
f 2428 2430 2616
f 2430 2618 2616
f 2431 2429 2619
f 2429 2617 2619
f 2430 2432 2618
f 2432 2620 2618
f 2433 2431 2621
f 2431 2619 2621
f 2622 2620 2432
f 2434 2622 2432
f 2435 2433 2623
f 2433 2621 2623
f 2434 2436 2622
f 2436 2624 2622
f 2437 2435 2623
f 2625 2437 2623
f 2436 2438 2624
f 2438 2626 2624
f 2439 2437 2627
f 2437 2625 2627
f 2628 2626 2438
f 2440 2628 2438
f 2439 2629 2441
f 2627 2629 2439
f 2440 2442 2628
f 2442 2630 2628
f 2631 2441 2629
f 2443 2441 2631
f 2632 2630 2442
f 2444 2632 2442
f 2445 2443 2631
f 2633 2445 2631
f 2634 2632 2444
f 2446 2634 2444
f 2447 2445 2633
f 2635 2447 2633
f 2636 2634 2446
f 2448 2636 2446
f 2450 2447 2635
f 2637 2450 2635
f 2636 2449 2638
f 2448 2449 2636
f 2638 2449 2451
f 2454 2450 2637
f 2642 2454 2637
f 2639 2638 2451
f 2639 2451 2640
f 2451 2452 2640
f 2640 2452 2641
f 2452 2453 2641
f 2641 2453 2642
f 2453 2454 2642
f 2643 2256 2471
f 2256 2643 2257
f 2643 2645 2257
f 2258 2645 2455
f 2257 2645 2258
f 2456 2259 2258
f 2455 2456 2258
f 2458 2457 2259
f 2456 2458 2259
f 2460 2459 2457
f 2458 2460 2457
f 2462 2461 2459
f 2460 2462 2459
f 2464 2463 2461
f 2462 2464 2461
f 2466 2465 2463
f 2464 2466 2463
f 2467 2260 2465
f 2466 2467 2465
f 2468 2261 2260
f 2467 2468 2260
f 2469 2262 2261
f 2468 2469 2261
f 2647 2262 2469
f 2263 2262 2647
f 2647 2473 2263
f 2264 2477 2470
f 2471 2265 2264
f 2470 2471 2264
f 2265 2471 2256
f 2473 2472 2263
f 2474 2266 2472
f 2473 2474 2472
f 2649 2266 2474
f 2267 2266 2649
f 2649 2478 2267
f 2268 2479 2475
f 2477 2476 2268
f 2475 2477 2268
f 2476 2477 2264
f 2478 2269 2267
f 2269 2478 2481
f 2270 2483 2479
f 2270 2479 2268
f 2481 2480 2269
f 2652 2480 2481
f 2271 2480 2652
f 2652 2484 2271
f 2482 2654 2483
f 2272 2654 2482
f 2482 2483 2270
f 2484 2273 2271
f 2273 2484 2485
f 2272 2274 2656
f 2654 2272 2656
f 2485 2275 2273
f 2275 2485 2486
f 2656 2488 2487
f 2274 2488 2656
f 2486 2277 2275
f 2658 2277 2486
f 2278 2489 2487
f 2278 2487 2488
f 2490 2658 2491
f 2277 2658 2490
f 2660 2489 2279
f 2279 2489 2278
f 2491 2280 2490
f 2661 2280 2491
f 2279 2492 2660
f 2492 2664 2660
f 2493 2661 2494
f 2280 2661 2493
f 2664 2496 2495
f 2492 2496 2664
f 2494 2282 2493
f 2665 2282 2494
f 2667 2495 2283
f 2283 2495 2496
f 2286 2282 2668
f 2282 2665 2668
f 2666 2287 2497
f 2283 2287 2666
f 2667 2283 2666
f 2498 2286 2671
f 2286 2668 2671
f 2290 2669 2291
f 2669 2670 2291
f 2292 2670 2497
f 2291 2670 2292
f 2292 2497 2287
f 2671 2672 2293
f 2498 2671 2293
f 2293 2672 2294
f 2672 2674 2294
f 2674 2499 2294
f 2290 2295 2675
f 2669 2290 2675
f 2499 2296 2294
f 2676 2296 2499
f 2297 2296 2676
f 2297 2676 2298
f 2676 2678 2298
f 2295 2300 2677
f 2675 2295 2677
f 2678 2679 2500
f 2298 2678 2500
f 2300 2502 2677
f 2502 2680 2677
f 2679 2681 2503
f 2500 2679 2503
f 2682 2502 2501
f 2680 2502 2682
f 2503 2684 2506
f 2681 2684 2503
f 2682 2501 2507
f 2685 2682 2507
f 2508 2504 2683
f 2686 2508 2683
f 2683 2505 2687
f 2504 2505 2683
f 2687 2505 2509
f 2690 2506 2684
f 2513 2506 2690
f 2685 2507 2514
f 2691 2685 2514
f 2515 2508 2692
f 2508 2686 2692
f 2509 2693 2687
f 2516 2693 2509
f 2510 2694 2517
f 2510 2688 2694
f 2511 2688 2510
f 2688 2511 2689
f 2511 2512 2689
f 2695 2689 2512
f 2518 2695 2512
f 2519 2690 2696
f 2513 2690 2519
f 2691 2514 2520
f 2697 2691 2520
f 2521 2692 2700
f 2515 2692 2521
f 2516 2522 2693
f 2522 2701 2693
f 2702 2517 2694
f 2523 2517 2702
f 2703 2695 2518
f 2524 2703 2518
f 2706 2525 2519
f 2696 2706 2519
f 2697 2520 2526
f 2527 2698 2697
f 2526 2527 2697
f 2528 2699 2698
f 2527 2528 2698
f 2529 2700 2699
f 2528 2529 2699
f 2700 2529 2521
f 2707 2701 2522
f 2530 2707 2522
f 2531 2523 2708
f 2523 2702 2708
f 2704 2524 2532
f 2703 2524 2704
f 2533 2705 2704
f 2532 2533 2704
f 2534 2706 2705
f 2533 2534 2705
f 2706 2534 2525
f 2530 2535 2707
f 2535 2709 2707
f 2536 2531 2708
f 2710 2536 2708
f 2711 2709 2535
f 2537 2711 2535
f 2538 2536 2710
f 2712 2538 2710
f 2713 2711 2537
f 2539 2713 2537
f 2540 2538 2712
f 2714 2540 2712
f 2715 2713 2539
f 2541 2715 2539
f 2543 2540 2714
f 2717 2543 2714
f 2715 2541 2716
f 2541 2542 2716
f 2718 2716 2542
f 2544 2718 2542
f 2546 2543 2717
f 2720 2546 2717
f 2721 2718 2544
f 2547 2721 2544
f 2551 2545 2719
f 2726 2551 2719
f 2719 2545 2720
f 2545 2546 2720
f 2721 2547 2722
f 2547 2548 2722
f 2722 2548 2723
f 2548 2549 2723
f 2727 2723 2549
f 2552 2727 2549
f 2374 2724 2739
f 2550 2724 2374
f 2725 2724 2550
f 2725 2550 2726
f 2550 2551 2726
f 2727 2552 2728
f 2552 2553 2728
f 2728 2553 2729
f 2553 2554 2729
f 2729 2554 2730
f 2554 2555 2730
f 2730 2555 2731
f 2555 2556 2731
f 2731 2556 2732
f 2556 2557 2732
f 2732 2557 2733
f 2557 2558 2733
f 2733 2558 2734
f 2558 2559 2734
f 2734 2559 2735
f 2559 2560 2735
f 2735 2560 2736
f 2560 2561 2736
f 2736 2561 2737
f 2561 2562 2737
f 2737 2562 2738
f 2562 2563 2738
f 2738 2563 2739
f 2563 2564 2739
f 2564 2374 2739
f 2565 2569 2740
f 2741 2566 2565
f 2740 2741 2565
f 2742 2567 2566
f 2741 2742 2566
f 2743 2568 2567
f 2742 2743 2567
f 2744 2570 2568
f 2743 2744 2568
f 2744 2572 2570
f 2747 2572 2744
f 2571 2746 2569
f 2745 2746 2571
f 2746 2740 2569
f 2747 2749 2574
f 2572 2747 2574
f 2571 2573 2748
f 2745 2571 2748
f 2749 2750 2576
f 2574 2749 2576
f 2752 2573 2575
f 2748 2573 2752
f 2750 2753 2577
f 2576 2750 2577
f 2579 2751 2575
f 2751 2752 2575
f 2577 2754 2580
f 2753 2754 2577
f 2756 2579 2578
f 2751 2579 2756
f 2757 2580 2754
f 2581 2580 2757
f 2582 2755 2578
f 2755 2756 2578
f 2583 2581 2758
f 2581 2757 2758
f 2582 2585 2755
f 2585 2759 2755
f 2583 2760 2586
f 2758 2760 2583
f 2762 2585 2584
f 2759 2585 2762
f 2763 2586 2760
f 2587 2586 2763
f 2588 2761 2584
f 2761 2762 2584
f 2589 2587 2764
f 2587 2763 2764
f 2588 2590 2761
f 2590 2765 2761
f 2591 2589 2766
f 2589 2764 2766
f 2590 2592 2765
f 2592 2767 2765
f 2593 2591 2768
f 2591 2766 2768
f 2592 2594 2767
f 2594 2769 2767
f 2593 2770 2595
f 2768 2770 2593
f 2594 2597 2769
f 2597 2771 2769
f 2772 2598 2595
f 2770 2772 2595
f 2773 2597 2596
f 2771 2597 2773
f 2774 2598 2772
f 2599 2598 2774
f 2773 2596 2600
f 2775 2773 2600
f 2601 2599 2776
f 2599 2774 2776
f 2775 2600 2602
f 2777 2775 2602
f 2603 2601 2778
f 2601 2776 2778
f 2777 2602 2604
f 2779 2777 2604
f 2605 2603 2780
f 2603 2778 2780
f 2779 2604 2606
f 2781 2779 2606
f 2607 2605 2782
f 2605 2780 2782
f 2781 2606 2608
f 2783 2781 2608
f 2609 2607 2784
f 2607 2782 2784
f 2610 2783 2608
f 2785 2783 2610
f 2611 2609 2786
f 2609 2784 2786
f 2610 2612 2785
f 2612 2787 2785
f 2613 2611 2786
f 2788 2613 2786
f 2612 2614 2787
f 2614 2789 2787
f 2615 2613 2790
f 2613 2788 2790
f 2614 2616 2789
f 2616 2791 2789
f 2617 2615 2792
f 2615 2790 2792
f 2616 2618 2791
f 2618 2793 2791
f 2619 2617 2794
f 2617 2792 2794
f 2618 2620 2793
f 2620 2795 2793
f 2621 2619 2796
f 2619 2794 2796
f 2797 2795 2620
f 2622 2797 2620
f 2623 2621 2798
f 2621 2796 2798
f 2622 2624 2797
f 2624 2799 2797
f 2625 2623 2798
f 2800 2625 2798
f 2624 2626 2799
f 2626 2801 2799
f 2627 2625 2802
f 2625 2800 2802
f 2803 2801 2626
f 2628 2803 2626
f 2629 2627 2804
f 2627 2802 2804
f 2628 2630 2803
f 2630 2805 2803
f 2631 2629 2804
f 2806 2631 2804
f 2807 2805 2630
f 2632 2807 2630
f 2633 2631 2806
f 2808 2633 2806
f 2809 2807 2632
f 2634 2809 2632
f 2633 2810 2635
f 2808 2810 2633
f 2811 2809 2634
f 2636 2811 2634
f 2635 2813 2637
f 2813 2635 2810
f 2814 2811 2636
f 2638 2814 2636
f 2642 2637 2812
f 2818 2642 2812
f 2812 2637 2813
f 2814 2638 2815
f 2638 2639 2815
f 2815 2639 2816
f 2639 2640 2816
f 2816 2640 2817
f 2640 2641 2817
f 2817 2641 2818
f 2641 2642 2818
f 2819 2455 2646
f 2455 2819 2456
f 2819 2820 2456
f 2456 2820 2458
f 2820 2821 2458
f 2458 2821 2460
f 2821 2822 2460
f 2460 2822 2462
f 2822 2823 2462
f 2462 2823 2464
f 2823 2824 2464
f 2464 2824 2466
f 2824 2825 2466
f 2466 2825 2467
f 2825 2826 2467
f 2467 2826 2468
f 2826 2827 2468
f 2468 2827 2469
f 2827 2828 2469
f 2828 2648 2469
f 2470 2829 2471
f 2829 2830 2471
f 2643 2830 2644
f 2471 2830 2643
f 2646 2645 2643
f 2644 2646 2643
f 2645 2646 2455
f 2648 2647 2469
f 2831 2647 2648
f 2473 2647 2831
f 2473 2831 2474
f 2831 2832 2474
f 2832 2650 2474
f 2475 2833 2477
f 2833 2834 2477
f 2470 2477 2834
f 2829 2470 2834
f 2650 2649 2474
f 2837 2649 2650
f 2478 2649 2837
f 2836 2479 2651
f 2475 2479 2836
f 2833 2475 2836
f 2837 2838 2481
f 2478 2837 2481
f 2838 2653 2481
f 2483 2655 2651
f 2483 2651 2479
f 2653 2652 2481
f 2840 2652 2653
f 2484 2652 2840
f 2654 2657 2655
f 2654 2655 2483
f 2840 2841 2485
f 2484 2840 2485
f 2844 2657 2656
f 2656 2657 2654
f 2841 2845 2486
f 2485 2841 2486
f 2656 2487 2842
f 2844 2656 2842
f 2658 2845 2659
f 2486 2845 2658
f 2487 2489 2846
f 2842 2487 2846
f 2659 2491 2658
f 2847 2491 2659
f 2489 2660 2846
f 2660 2848 2846
f 2661 2847 2662
f 2491 2847 2661
f 2848 2664 2663
f 2660 2664 2848
f 2662 2494 2661
f 2849 2494 2662
f 2850 2663 2495
f 2495 2663 2664
f 2665 2494 2851
f 2494 2849 2851
f 2495 2667 2850
f 2667 2854 2850
f 2668 2665 2855
f 2665 2851 2855
f 2497 2852 2666
f 2852 2853 2666
f 2667 2666 2853
f 2854 2667 2853
f 2671 2855 2673
f 2668 2855 2671
f 2669 2856 2670
f 2856 2857 2670
f 2497 2670 2857
f 2852 2497 2857
f 2673 2672 2671
f 2859 2672 2673
f 2674 2672 2859
f 2674 2859 2499
f 2669 2675 2858
f 2856 2669 2858
f 2860 2499 2859
f 2860 2676 2499
f 2861 2676 2860
f 2676 2861 2678
f 2861 2863 2678
f 2675 2677 2862
f 2858 2675 2862
f 2863 2864 2679
f 2678 2863 2679
f 2677 2680 2862
f 2680 2865 2862
f 2679 2866 2681
f 2864 2866 2679
f 2680 2682 2865
f 2682 2867 2865
f 2870 2681 2866
f 2684 2681 2870
f 2682 2685 2867
f 2867 2685 2871
f 2686 2868 2873
f 2683 2868 2686
f 2869 2868 2683
f 2874 2869 2683
f 2687 2874 2683
f 2684 2881 2690
f 2870 2881 2684
f 2871 2685 2691
f 2882 2871 2691
f 2884 2692 2686
f 2873 2884 2686
f 2885 2874 2687
f 2693 2885 2687
f 2694 2688 2875
f 2886 2694 2875
f 2875 2688 2876
f 2688 2689 2876
f 2877 2689 2695
f 2876 2689 2877
f 2877 2695 2887
f 2696 2881 2889
f 2881 2696 2690
f 2691 2698 2882
f 2697 2698 2691
f 2699 2883 2882
f 2698 2699 2882
f 2700 2884 2883
f 2699 2700 2883
f 2884 2700 2692
f 2693 2701 2885
f 2701 2890 2885
f 2702 2694 2886
f 2891 2702 2886
f 2887 2695 2703
f 2704 2888 2887
f 2703 2704 2887
f 2705 2889 2888
f 2704 2705 2888
f 2705 2696 2889
f 2706 2696 2705
f 2892 2890 2701
f 2707 2892 2701
f 2708 2702 2893
f 2702 2891 2893
f 2707 2709 2892
f 2709 2894 2892
f 2710 2708 2893
f 2895 2710 2893
f 2896 2894 2709
f 2711 2896 2709
f 2712 2710 2895
f 2897 2712 2895
f 2898 2896 2711
f 2713 2898 2711
f 2714 2712 2897
f 2899 2714 2897
f 2900 2898 2713
f 2715 2900 2713
f 2717 2714 2899
f 2902 2717 2899
f 2900 2715 2901
f 2715 2716 2901
f 2903 2901 2716
f 2718 2903 2716
f 2720 2717 2902
f 2906 2720 2902
f 2904 2718 2721
f 2903 2718 2904
f 2904 2721 2907
f 2726 2719 2905
f 2911 2726 2905
f 2905 2719 2906
f 2719 2720 2906
f 2722 2907 2721
f 2907 2722 2908
f 2722 2723 2908
f 2912 2908 2723
f 2727 2912 2723
f 2739 2724 2909
f 2924 2739 2909
f 2909 2724 2910
f 2724 2725 2910
f 2910 2725 2911
f 2725 2726 2911
f 2912 2727 2913
f 2727 2728 2913
f 2913 2728 2914
f 2728 2729 2914
f 2914 2729 2915
f 2729 2730 2915
f 2915 2730 2916
f 2730 2731 2916
f 2916 2731 2917
f 2731 2732 2917
f 2917 2732 2918
f 2732 2733 2918
f 2918 2733 2919
f 2733 2734 2919
f 2919 2734 2920
f 2734 2735 2920
f 2920 2735 2921
f 2735 2736 2921
f 2921 2736 2922
f 2736 2737 2922
f 2922 2737 2923
f 2737 2738 2923
f 2923 2738 2924
f 2738 2739 2924
f 2741 2740 2925
f 2741 2925 2742
f 2925 2926 2742
f 2742 2926 2743
f 2926 2929 2743
f 2743 2929 2744
f 2746 2745 2927
f 2746 2928 2740
f 2927 2928 2746
f 2928 2925 2740
f 2930 2744 2929
f 2932 2747 2744
f 2930 2932 2744
f 2747 2932 2749
f 2745 2748 2931
f 2931 2927 2745
f 2934 2749 2932
f 2749 2934 2750
f 2752 2933 2748
f 2933 2931 2748
f 2935 2750 2934
f 2750 2935 2753
f 2937 2752 2751
f 2933 2752 2937
f 2938 2753 2935
f 2754 2753 2938
f 2756 2936 2751
f 2936 2937 2751
f 2754 2940 2757
f 2938 2940 2754
f 2756 2755 2939
f 2936 2756 2939
f 2941 2757 2940
f 2758 2757 2941
f 2755 2759 2939
f 2759 2942 2939
f 2760 2758 2943
f 2758 2941 2943
f 2759 2762 2942
f 2762 2944 2942
f 2760 2945 2763
f 2943 2945 2760
f 2947 2762 2761
f 2944 2762 2947
f 2948 2763 2945
f 2764 2763 2948
f 2765 2946 2761
f 2946 2947 2761
f 2766 2764 2949
f 2764 2948 2949
f 2765 2767 2946
f 2767 2950 2946
f 2768 2766 2951
f 2766 2949 2951
f 2767 2769 2950
f 2769 2952 2950
f 2770 2768 2953
f 2768 2951 2953
f 2769 2771 2952
f 2771 2954 2952
f 2772 2770 2955
f 2770 2953 2955
f 2771 2773 2954
f 2773 2956 2954
f 2772 2957 2774
f 2955 2957 2772
f 2773 2775 2956
f 2775 2958 2956
f 2959 2776 2774
f 2957 2959 2774
f 2775 2777 2958
f 2777 2960 2958
f 2961 2776 2959
f 2778 2776 2961
f 2777 2779 2960
f 2779 2962 2960
f 2780 2778 2963
f 2778 2961 2963
f 2779 2781 2962
f 2781 2964 2962
f 2782 2780 2965
f 2780 2963 2965
f 2781 2783 2964
f 2783 2966 2964
f 2784 2782 2967
f 2782 2965 2967
f 2783 2785 2966
f 2785 2968 2966
f 2786 2967 2969
f 2784 2967 2786
f 2785 2787 2968
f 2787 2970 2968
f 2969 2788 2786
f 2971 2788 2969
f 2787 2789 2970
f 2789 2972 2970
f 2790 2788 2973
f 2788 2971 2973
f 2789 2791 2972
f 2791 2974 2972
f 2792 2790 2975
f 2790 2973 2975
f 2791 2793 2974
f 2793 2976 2974
f 2794 2792 2977
f 2792 2975 2977
f 2793 2795 2976
f 2795 2978 2976
f 2796 2794 2979
f 2794 2977 2979
f 2980 2978 2795
f 2797 2980 2795
f 2798 2796 2981
f 2796 2979 2981
f 2797 2799 2980
f 2799 2982 2980
f 2800 2798 2981
f 2983 2800 2981
f 2799 2801 2982
f 2801 2984 2982
f 2802 2800 2985
f 2800 2983 2985
f 2986 2984 2801
f 2803 2986 2801
f 2804 2802 2987
f 2802 2985 2987
f 2803 2805 2986
f 2805 2988 2986
f 2806 2804 2987
f 2989 2806 2987
f 2990 2988 2805
f 2807 2990 2805
f 2806 2991 2808
f 2989 2991 2806
f 2992 2990 2807
f 2809 2992 2807
f 2993 2808 2991
f 2810 2808 2993
f 2994 2992 2809
f 2811 2994 2809
f 2813 2810 2993
f 2995 2813 2993
f 2996 2994 2811
f 2814 2996 2811
f 2812 3001 2818
f 2812 2995 3001
f 2813 2995 2812
f 2996 2814 2997
f 2814 2815 2997
f 2997 2815 2998
f 2815 2816 2998
f 2998 2816 2999
f 2816 2817 2999
f 2999 2817 3000
f 2817 2818 3000
f 3000 2818 3001
f 2644 3013 2646
f 3013 3014 2646
f 2646 3014 2819
f 3014 3015 2819
f 2819 3015 2820
f 3015 3016 2820
f 2820 3016 2821
f 3016 3017 2821
f 2821 3017 2822
f 3017 3018 2822
f 2822 3018 2823
f 3018 3019 2823
f 2823 3019 2824
f 3019 3020 2824
f 2824 3020 2825
f 3020 3021 2825
f 2825 3021 2826
f 3021 3022 2826
f 2826 3022 2827
f 3022 3023 2827
f 2827 3023 2828
f 3023 3024 2828
f 2828 3024 2648
f 3024 3027 2648
f 3025 2829 2835
f 2829 3025 2830
f 3025 3026 2830
f 2644 2830 3026
f 3013 2644 3026
f 3027 3028 2831
f 2648 3027 2831
f 2831 3028 2832
f 3028 3029 2832
f 2832 3029 2650
f 3029 3031 2650
f 2834 3030 2835
f 2833 3030 2834
f 2834 2835 2829
f 3031 3032 2837
f 2650 3031 2837
f 3032 2839 2837
f 2651 3033 2836
f 3033 3034 2836
f 2833 2836 3034
f 3030 2833 3034
f 2839 2838 2837
f 3036 2838 2839
f 2653 2838 3036
f 2651 2655 3035
f 3033 2651 3035
f 3036 3038 2840
f 2653 3036 2840
f 2655 2657 3037
f 3035 2655 3037
f 3038 3039 2841
f 2840 3038 2841
f 3037 2844 2843
f 2657 2844 3037
f 3039 3040 2845
f 2841 3039 2845
f 3042 2843 2842
f 2842 2843 2844
f 3040 3043 2659
f 2845 3040 2659
f 2842 2846 3041
f 3042 2842 3041
f 2847 2659 3044
f 2659 3043 3044
f 2846 2848 3041
f 2848 3046 3041
f 3044 3047 2662
f 2847 3044 2662
f 2848 2663 3045
f 3046 2848 3045
f 2849 2662 3048
f 2662 3047 3048
f 2663 2850 3045
f 2850 3049 3045
f 2851 2849 3050
f 2849 3048 3050
f 2850 2854 3049
f 2854 3051 3049
f 2855 2851 3052
f 2851 3050 3052
f 3055 2854 2853
f 3051 2854 3055
f 2855 3056 2673
f 3052 3056 2855
f 2852 2857 3053
f 3054 2853 2852
f 3053 3054 2852
f 3054 3055 2853
f 3059 2673 3056
f 2673 3059 2859
f 2856 2858 3057
f 3058 2857 2856
f 3057 3058 2856
f 3058 3053 2857
f 3062 2859 3059
f 2859 3062 2860
f 2858 2862 3060
f 3060 3057 2858
f 3063 2860 3062
f 3064 2861 2860
f 3063 3064 2860
f 3067 2863 2861
f 3064 3067 2861
f 2863 3067 2864
f 3060 2862 2865
f 3068 3060 2865
f 3073 2866 2864
f 3067 3073 2864
f 3068 2865 2867
f 3074 3068 2867
f 3085 2866 3073
f 2866 3085 2870
f 3074 2867 2871
f 2872 3075 3074
f 2871 2872 3074
f 2873 3076 3075
f 2872 2873 3075
f 2868 3076 2873
f 3077 3076 2868
f 3077 2868 3078
f 2868 2869 3078
f 3079 2869 2874
f 3078 2869 3079
f 3079 2874 3086
f 2875 3080 3087
f 2876 3081 3080
f 2875 2876 3080
f 2877 3082 3081
f 2876 2877 3081
f 2878 3083 3082
f 2877 2878 3082
f 2879 3084 3083
f 2878 2879 3083
f 2880 3085 3084
f 2879 2880 3084
f 2880 2870 3085
f 2881 2870 2880
f 2871 2882 2872
f 2882 2883 2872
f 2872 2883 2873
f 2883 2884 2873
f 2885 3086 2874
f 3088 3086 2885
f 2886 3087 3089
f 3087 2886 2875
f 2878 2877 2887
f 2878 2887 2879
f 2887 2888 2879
f 2879 2888 2880
f 2888 2889 2880
f 2880 2889 2881
f 2885 2890 3088
f 2890 3090 3088
f 3089 2891 2886
f 3091 2891 3089
f 3092 3090 2890
f 2892 3092 2890
f 2893 3091 3093
f 2891 3091 2893
f 2892 2894 3092
f 3092 2894 3094
f 3093 2895 2893
f 3095 2895 3093
f 3094 2894 2896
f 3094 2896 3096
f 2897 2895 3095
f 3097 2897 3095
f 3096 2896 2898
f 3096 2898 3098
f 2899 2897 3097
f 3099 2899 3097
f 3098 2898 2900
f 3098 2900 3100
f 2902 2899 3099
f 3102 2902 3099
f 2901 3100 2900
f 3103 3100 2901
f 2903 3103 2901
f 2906 3101 3106
f 2902 3101 2906
f 3102 3101 2902
f 3103 2903 3104
f 2903 2904 3104
f 3107 3104 2904
f 2907 3107 2904
f 2911 3105 3112
f 2905 3105 2911
f 3106 3105 2905
f 2905 2906 3106
f 3107 2907 3108
f 2907 2908 3108
f 3109 2908 2912
f 3108 2908 3109
f 3109 2912 3113
f 2924 3110 3123
f 2909 3110 2924
f 3111 3110 2909
f 3111 2909 3112
f 2909 2910 3112
f 2910 2911 3112
f 2913 3113 2912
f 3113 2913 3114
f 2913 2914 3114
f 3114 2914 3115
f 2914 2915 3115
f 3115 2915 3116
f 2915 2916 3116
f 3116 2916 3117
f 2916 2917 3117
f 3117 2917 3118
f 2917 2918 3118
f 3118 2918 3119
f 2918 2919 3119
f 3119 2919 3120
f 2919 2920 3120
f 3120 2920 3121
f 2920 2921 3121
f 3121 2921 3122
f 2921 2922 3122
f 3122 2922 3123
f 2922 2923 3123
f 2923 2924 3123
f 2925 2928 3124
f 3125 2926 2925
f 3124 3125 2925
f 3128 2929 2926
f 3125 3128 2926
f 2929 3128 2930
f 2927 2931 3126
f 3127 2928 2927
f 3126 3127 2927
f 3127 3124 2928
f 3129 2930 3128
f 3131 2932 2930
f 3129 3131 2930
f 2932 3131 2934
f 2931 2933 3130
f 3130 3126 2931
f 3133 2934 3131
f 2934 3133 2935
f 2937 3132 2933
f 3132 3130 2933
f 3134 2935 3133
f 2935 3134 2938
f 3136 2937 2936
f 3132 2937 3136
f 3137 2938 3134
f 2940 2938 3137
f 2936 2939 3135
f 3135 3136 2936
f 2940 3138 2941
f 3137 3138 2940
f 3135 2939 2942
f 3140 3135 2942
f 3141 2941 3138
f 2943 2941 3141
f 2944 3139 2942
f 3139 3140 2942
f 2945 2943 3142
f 2943 3141 3142
f 2944 2947 3139
f 2947 3143 3139
f 2945 3144 2948
f 3142 3144 2945
f 3146 2947 2946
f 3143 2947 3146
f 3147 2948 3144
f 2949 2948 3147
f 2950 3145 2946
f 3145 3146 2946
f 2951 2949 3148
f 2949 3147 3148
f 2950 2952 3145
f 2952 3149 3145
f 2953 2951 3150
f 2951 3148 3150
f 2952 2954 3149
f 2954 3151 3149
f 2955 2953 3152
f 2953 3150 3152
f 2954 2956 3151
f 2956 3153 3151
f 2957 2955 3154
f 2955 3152 3154
f 2956 2958 3153
f 2958 3155 3153
f 2959 2957 3156
f 2957 3154 3156
f 2958 2960 3155
f 2960 3157 3155
f 2959 3158 2961
f 3156 3158 2959
f 2960 2962 3157
f 2962 3159 3157
f 3160 2963 2961
f 3158 3160 2961
f 2962 2964 3159
f 2964 3161 3159
f 3162 2965 2963
f 3160 3162 2963
f 2964 2966 3161
f 2966 3163 3161
f 3164 2967 2965
f 3162 3164 2965
f 2966 2968 3163
f 2968 3165 3163
f 3164 2969 2967
f 3166 2969 3164
f 2968 2970 3165
f 2970 3167 3165
f 2971 2969 3168
f 2969 3166 3168
f 2970 2972 3167
f 2972 3169 3167
f 2973 2971 3170
f 2971 3168 3170
f 2972 2974 3169
f 2974 3171 3169
f 2975 2973 3172
f 2973 3170 3172
f 2974 2976 3171
f 2976 3173 3171
f 2977 2975 3174
f 2975 3172 3174
f 2976 2978 3173
f 2978 3175 3173
f 2979 2977 3176
f 2977 3174 3176
f 3177 3175 2978
f 2980 3177 2978
f 2981 2979 3178
f 2979 3176 3178
f 2980 2982 3177
f 2982 3179 3177
f 2983 2981 3178
f 3180 2983 3178
f 2982 2984 3179
f 2984 3181 3179
f 2985 2983 3182
f 2983 3180 3182
f 3183 3181 2984
f 2986 3183 2984
f 2987 2985 3184
f 2985 3182 3184
f 2986 2988 3183
f 2988 3185 3183
f 2989 2987 3184
f 3186 2989 3184
f 3187 3185 2988
f 2990 3187 2988
f 2991 2989 3188
f 2989 3186 3188
f 3187 2990 3189
f 3189 2990 2992
f 2993 2991 3188
f 3190 2993 3188
f 3191 3189 2992
f 3191 2992 2994
f 2995 2993 3190
f 3193 2995 3190
f 3192 3191 2994
f 3194 3192 2994
f 2996 3194 2994
f 3001 2995 3193
f 3199 3001 3193
f 3194 2996 3195
f 2996 2997 3195
f 3195 2997 3196
f 2997 2998 3196
f 3196 2998 3197
f 2998 2999 3197
f 3197 2999 3198
f 2999 3000 3198
f 3198 3000 3199
f 3000 3001 3199
f 3005 3004 3002
f 3005 3002 3006
f 3002 3003 3006
f 3307 3004 3007
f 3004 3005 3007
f 3007 3005 3008
f 3005 3006 3008
f 3316 3307 3009
f 3307 3007 3009
f 3009 3007 3010
f 3007 3008 3010
f 3325 3316 3011
f 3316 3009 3011
f 3011 3009 3012
f 3009 3010 3012
f 3334 3325 3335
f 3325 3011 3335
f 3335 3011 3336
f 3011 3012 3336
f 3013 3423 3014
f 3423 3424 3014
f 3014 3424 3015
f 3424 3425 3015
f 3015 3425 3016
f 3425 3426 3016
f 3016 3426 3017
f 3426 3427 3017
f 3017 3427 3018
f 3427 3428 3018
f 3018 3428 3019
f 3428 3429 3019
f 3019 3429 3020
f 3429 3430 3020
f 3020 3430 3021
f 3430 3431 3021
f 3021 3431 3022
f 3431 3432 3022
f 3022 3432 3023
f 3432 3433 3023
f 3023 3433 3024
f 3433 3434 3024
f 3024 3434 3027
f 3434 3438 3027
f 2835 3435 3025
f 3435 3436 3025
f 3025 3436 3026
f 3436 3437 3026
f 3013 3026 3437
f 3423 3013 3437
f 3438 3439 3028
f 3027 3438 3028
f 3028 3439 3029
f 3439 3440 3029
f 3029 3440 3031
f 3440 3442 3031
f 2835 3030 3441
f 3435 2835 3441
f 3442 3443 3032
f 3031 3442 3032
f 3032 3443 2839
f 3443 3446 2839
f 3033 3444 3034
f 3444 3445 3034
f 3030 3034 3445
f 3441 3030 3445
f 3446 3448 3036
f 2839 3446 3036
f 3033 3035 3447
f 3444 3033 3447
f 3448 3450 3038
f 3036 3448 3038
f 3035 3037 3449
f 3447 3035 3449
f 3450 3452 3039
f 3038 3450 3039
f 3037 2843 3451
f 3449 3037 3451
f 3452 3453 3040
f 3039 3452 3040
f 2843 3042 3451
f 3042 3455 3451
f 3453 3456 3043
f 3040 3453 3043
f 3042 3041 3454
f 3455 3042 3454
f 3044 3043 3457
f 3043 3456 3457
f 3041 3046 3454
f 3046 3458 3454
f 3044 3459 3047
f 3457 3459 3044
f 3461 3046 3045
f 3458 3046 3461
f 3462 3047 3459
f 3048 3047 3462
f 3049 3460 3045
f 3460 3461 3045
f 3050 3048 3463
f 3048 3462 3463
f 3049 3051 3460
f 3051 3464 3460
f 3052 3050 3465
f 3050 3463 3465
f 3051 3055 3464
f 3055 3466 3464
f 3056 3052 3467
f 3052 3465 3467
f 3470 3055 3054
f 3466 3055 3470
f 3056 3471 3059
f 3467 3471 3056
f 3053 3058 3468
f 3469 3054 3053
f 3468 3469 3053
f 3469 3470 3054
f 3472 3061 3059
f 3471 3472 3059
f 3061 3062 3059
f 3065 3057 3060
f 3057 3065 3058
f 3065 3066 3058
f 3468 3058 3066
f 3474 3468 3066
f 3473 3061 3472
f 3477 3062 3061
f 3473 3477 3061
f 3062 3477 3063
f 3060 3068 3065
f 3068 3069 3065
f 3065 3069 3066
f 3069 3070 3066
f 3474 3066 3070
f 3478 3474 3070
f 3482 3071 3063
f 3477 3482 3063
f 3063 3071 3064
f 3071 3072 3064
f 3064 3072 3067
f 3072 3073 3067
f 3068 3074 3069
f 3074 3075 3069
f 3069 3075 3070
f 3075 3076 3070
f 3070 3077 3478
f 3076 3077 3070
f 3078 3479 3478
f 3077 3078 3478
f 3479 3078 3483
f 3080 3481 3484
f 3081 3482 3481
f 3080 3081 3481
f 3081 3071 3482
f 3082 3071 3081
f 3071 3082 3072
f 3082 3083 3072
f 3072 3083 3073
f 3083 3084 3073
f 3084 3085 3073
f 3079 3483 3078
f 3485 3483 3079
f 3086 3485 3079
f 3087 3484 3486
f 3484 3087 3080
f 3086 3088 3485
f 3088 3487 3485
f 3486 3089 3087
f 3488 3089 3486
f 3088 3090 3487
f 3487 3090 3489
f 3091 3488 3490
f 3089 3488 3091
f 3489 3090 3092
f 3489 3092 3491
f 3490 3093 3091
f 3492 3093 3490
f 3094 3491 3092
f 3493 3491 3094
f 3095 3492 3494
f 3093 3492 3095
f 3495 3493 3094
f 3096 3495 3094
f 3097 3494 3496
f 3494 3097 3095
f 3497 3495 3096
f 3098 3497 3096
f 3099 3496 3499
f 3496 3099 3097
f 3498 3098 3100
f 3497 3098 3498
f 3498 3100 3500
f 3102 3499 3502
f 3499 3102 3099
f 3500 3100 3103
f 3500 3103 3503
f 3106 3501 3508
f 3101 3501 3106
f 3502 3501 3101
f 3101 3102 3502
f 3104 3503 3103
f 3504 3104 3107
f 3503 3104 3504
f 3108 3505 3504
f 3107 3108 3504
f 3505 3108 3509
f 3111 3506 3516
f 3112 3507 3506
f 3111 3112 3506
f 3105 3507 3112
f 3508 3507 3105
f 3105 3106 3508
f 3109 3509 3108
f 3510 3109 3113
f 3509 3109 3510
f 3114 3511 3510
f 3113 3114 3510
f 3115 3512 3511
f 3114 3115 3511
f 3512 3115 3517
f 3121 3513 3521
f 3122 3514 3513
f 3121 3122 3513
f 3123 3515 3514
f 3122 3123 3514
f 3110 3515 3123
f 3516 3515 3110
f 3110 3111 3516
f 3116 3517 3115
f 3517 3116 3518
f 3116 3117 3518
f 3518 3117 3519
f 3117 3118 3519
f 3519 3118 3520
f 3118 3119 3520
f 3520 3119 3521
f 3119 3120 3521
f 3120 3121 3521
f 3124 3127 3522
f 3523 3125 3124
f 3522 3523 3124
f 3526 3128 3125
f 3523 3526 3125
f 3128 3526 3129
f 3126 3130 3524
f 3525 3127 3126
f 3524 3525 3126
f 3525 3522 3127
f 3527 3129 3526
f 3529 3131 3129
f 3527 3529 3129
f 3131 3529 3133
f 3130 3132 3528
f 3528 3524 3130
f 3531 3133 3529
f 3133 3531 3134
f 3136 3530 3132
f 3530 3528 3132
f 3532 3134 3531
f 3134 3532 3137
f 3534 3136 3135
f 3530 3136 3534
f 3535 3137 3532
f 3138 3137 3535
f 3140 3533 3135
f 3533 3534 3135
f 3138 3536 3141
f 3535 3536 3138
f 3538 3140 3139
f 3533 3140 3538
f 3539 3141 3536
f 3142 3141 3539
f 3143 3537 3139
f 3537 3538 3139
f 3144 3142 3540
f 3142 3539 3540
f 3143 3146 3537
f 3146 3541 3537
f 3144 3542 3147
f 3540 3542 3144
f 3544 3146 3145
f 3541 3146 3544
f 3545 3148 3147
f 3542 3545 3147
f 3149 3543 3145
f 3543 3544 3145
f 3546 3148 3545
f 3150 3148 3546
f 3149 3151 3543
f 3151 3547 3543
f 3152 3150 3548
f 3150 3546 3548
f 3151 3153 3547
f 3153 3549 3547
f 3154 3152 3550
f 3152 3548 3550
f 3153 3155 3549
f 3155 3551 3549
f 3156 3154 3552
f 3154 3550 3552
f 3155 3157 3551
f 3157 3553 3551
f 3158 3156 3554
f 3156 3552 3554
f 3157 3159 3553
f 3159 3555 3553
f 3160 3158 3556
f 3158 3554 3556
f 3159 3161 3555
f 3161 3557 3555
f 3162 3160 3558
f 3160 3556 3558
f 3161 3163 3557
f 3163 3559 3557
f 3164 3162 3560
f 3162 3558 3560
f 3163 3165 3559
f 3165 3561 3559
f 3166 3164 3562
f 3164 3560 3562
f 3165 3167 3561
f 3167 3563 3561
f 3168 3166 3564
f 3166 3562 3564
f 3167 3169 3563
f 3169 3565 3563
f 3170 3168 3566
f 3168 3564 3566
f 3169 3171 3565
f 3171 3567 3565
f 3172 3170 3568
f 3170 3566 3568
f 3171 3173 3567
f 3173 3569 3567
f 3174 3172 3570
f 3172 3568 3570
f 3173 3175 3569
f 3569 3175 3571
f 3176 3174 3572
f 3174 3570 3572
f 3177 3571 3175
f 3573 3571 3177
f 3178 3572 3574
f 3176 3572 3178
f 3177 3179 3573
f 3179 3575 3573
f 3574 3180 3178
f 3576 3180 3574
f 3179 3181 3575
f 3181 3577 3575
f 3182 3180 3578
f 3180 3576 3578
f 3579 3577 3181
f 3183 3579 3181
f 3184 3182 3580
f 3182 3578 3580
f 3183 3185 3579
f 3185 3581 3579
f 3186 3184 3580
f 3582 3186 3580
f 3583 3581 3185
f 3187 3583 3185
f 3188 3582 3584
f 3186 3582 3188
f 3187 3189 3583
f 3189 3585 3583
f 3584 3190 3188
f 3586 3190 3584
f 3587 3585 3189
f 3191 3587 3189
f 3193 3190 3586
f 3589 3193 3586
f 3587 3191 3588
f 3191 3192 3588
f 3590 3588 3192
f 3194 3590 3192
f 3199 3193 3589
f 3595 3199 3589
f 3590 3194 3591
f 3194 3195 3591
f 3591 3195 3592
f 3195 3196 3592
f 3592 3196 3593
f 3196 3197 3593
f 3593 3197 3594
f 3197 3198 3594
f 3594 3198 3595
f 3198 3199 3595
f 3206 3205 3200
f 3206 3200 3207
f 3200 3201 3207
f 3207 3201 3208
f 3201 3202 3208
f 3208 3202 3209
f 3202 3203 3209
f 3209 3203 3210
f 3203 3204 3210
f 3210 3204 3211
f 3630 3205 3212
f 3205 3206 3212
f 3212 3206 3213
f 3206 3207 3213
f 3213 3207 3214
f 3207 3208 3214
f 3214 3208 3215
f 3208 3209 3215
f 3215 3209 3216
f 3209 3210 3216
f 3216 3210 3217
f 3210 3211 3217
f 3217 3211 3218
f 3220 3219 3630
f 3220 3630 3221
f 3630 3212 3221
f 3221 3212 3222
f 3212 3213 3222
f 3222 3213 3223
f 3213 3214 3223
f 3223 3214 3224
f 3214 3215 3224
f 3224 3215 3225
f 3215 3216 3225
f 3225 3216 3226
f 3216 3217 3226
f 3226 3217 3227
f 3217 3218 3227
f 3638 3219 3228
f 3219 3220 3228
f 3228 3220 3229
f 3220 3221 3229
f 3229 3221 3230
f 3221 3222 3230
f 3230 3222 3231
f 3222 3223 3231
f 3231 3223 3232
f 3223 3224 3232
f 3232 3224 3233
f 3224 3225 3233
f 3233 3225 3234
f 3225 3226 3234
f 3234 3226 3235
f 3226 3227 3235
f 3642 3638 3236
f 3638 3228 3236
f 3236 3228 3237
f 3228 3229 3237
f 3237 3229 3238
f 3229 3230 3238
f 3238 3230 3239
f 3230 3231 3239
f 3239 3231 3240
f 3231 3232 3240
f 3240 3232 3241
f 3232 3233 3241
f 3241 3233 3242
f 3233 3234 3242
f 3242 3234 3243
f 3234 3235 3243
f 3243 3235 3244
f 3246 3245 3642
f 3246 3642 3247
f 3642 3236 3247
f 3247 3236 3248
f 3236 3237 3248
f 3248 3237 3249
f 3237 3238 3249
f 3249 3238 3250
f 3238 3239 3250
f 3250 3239 3251
f 3239 3240 3251
f 3251 3240 3252
f 3240 3241 3252
f 3252 3241 3253
f 3241 3242 3253
f 3253 3242 3254
f 3242 3243 3254
f 3254 3243 3255
f 3243 3244 3255
f 3646 3245 3256
f 3245 3246 3256
f 3256 3246 3257
f 3246 3247 3257
f 3257 3247 3258
f 3247 3248 3258
f 3258 3248 3259
f 3248 3249 3259
f 3259 3249 3260
f 3249 3250 3260
f 3260 3250 3261
f 3250 3251 3261
f 3261 3251 3262
f 3251 3252 3262
f 3262 3252 3263
f 3252 3253 3263
f 3263 3253 3264
f 3253 3254 3264
f 3264 3254 3265
f 3254 3255 3265
f 3649 3646 3266
f 3646 3256 3266
f 3266 3256 3267
f 3256 3257 3267
f 3267 3257 3268
f 3257 3258 3268
f 3268 3258 3269
f 3258 3259 3269
f 3269 3259 3270
f 3259 3260 3270
f 3270 3260 3271
f 3260 3261 3271
f 3271 3261 3272
f 3261 3262 3272
f 3272 3262 3273
f 3262 3263 3273
f 3273 3263 3274
f 3263 3264 3274
f 3274 3264 3275
f 3264 3265 3275
f 3654 3649 3276
f 3649 3266 3276
f 3276 3266 3277
f 3266 3267 3277
f 3277 3267 3278
f 3267 3268 3278
f 3278 3268 3279
f 3268 3269 3279
f 3279 3269 3280
f 3269 3270 3280
f 3280 3270 3281
f 3270 3271 3281
f 3281 3271 3282
f 3271 3272 3282
f 3282 3272 3283
f 3272 3273 3283
f 3283 3273 3284
f 3273 3274 3284
f 3284 3274 3285
f 3274 3275 3285
f 3285 3275 3286
f 3657 3654 3287
f 3654 3276 3287
f 3287 3276 3288
f 3276 3277 3288
f 3288 3277 3289
f 3277 3278 3289
f 3289 3278 3290
f 3278 3279 3290
f 3290 3280 3002
f 3279 3280 3290
f 3281 3003 3002
f 3280 3281 3002
f 3281 3291 3003
f 3282 3291 3281
f 3291 3282 3292
f 3282 3283 3292
f 3292 3283 3293
f 3283 3284 3293
f 3293 3284 3294
f 3284 3285 3294
f 3294 3285 3295
f 3285 3286 3295
f 3660 3657 3296
f 3657 3287 3296
f 3296 3287 3297
f 3287 3288 3297
f 3297 3288 3298
f 3288 3289 3298
f 3298 3290 3004
f 3289 3290 3298
f 3004 3290 3002
f 3003 3291 3299
f 3006 3003 3299
f 3299 3291 3300
f 3291 3292 3300
f 3300 3292 3301
f 3292 3293 3301
f 3301 3293 3302
f 3293 3294 3302
f 3302 3294 3303
f 3294 3295 3303
f 3663 3660 3304
f 3660 3296 3304
f 3304 3296 3305
f 3296 3297 3305
f 3305 3297 3306
f 3297 3298 3306
f 3307 3306 3298
f 3004 3307 3298
f 3006 3299 3308
f 3008 3006 3308
f 3308 3299 3309
f 3299 3300 3309
f 3309 3300 3310
f 3300 3301 3310
f 3310 3301 3311
f 3301 3302 3311
f 3311 3302 3312
f 3302 3303 3312
f 3666 3663 3313
f 3663 3304 3313
f 3313 3304 3314
f 3304 3305 3314
f 3314 3305 3315
f 3305 3306 3315
f 3316 3315 3306
f 3307 3316 3306
f 3008 3308 3317
f 3010 3008 3317
f 3317 3308 3318
f 3308 3309 3318
f 3318 3309 3319
f 3309 3310 3319
f 3319 3310 3320
f 3310 3311 3320
f 3320 3311 3321
f 3311 3312 3321
f 3669 3666 3322
f 3666 3313 3322
f 3322 3313 3323
f 3313 3314 3323
f 3323 3314 3324
f 3314 3315 3324
f 3325 3324 3315
f 3316 3325 3315
f 3010 3317 3326
f 3012 3010 3326
f 3326 3317 3327
f 3317 3318 3327
f 3327 3318 3328
f 3318 3319 3328
f 3328 3319 3329
f 3319 3320 3329
f 3329 3320 3330
f 3320 3321 3330
f 3672 3669 3331
f 3669 3322 3331
f 3331 3322 3332
f 3322 3323 3332
f 3332 3323 3333
f 3323 3324 3333
f 3334 3333 3324
f 3325 3334 3324
f 3012 3326 3337
f 3336 3012 3337
f 3337 3326 3338
f 3326 3327 3338
f 3338 3327 3339
f 3327 3328 3339
f 3339 3328 3340
f 3328 3329 3340
f 3340 3329 3341
f 3329 3330 3341
f 3675 3672 3342
f 3672 3331 3342
f 3342 3331 3343
f 3331 3332 3343
f 3343 3332 3344
f 3332 3333 3344
f 3345 3333 3334
f 3344 3333 3345
f 3335 3346 3345
f 3334 3335 3345
f 3336 3347 3346
f 3335 3336 3346
f 3337 3347 3336
f 3348 3347 3337
f 3348 3337 3349
f 3337 3338 3349
f 3349 3338 3350
f 3338 3339 3350
f 3350 3339 3351
f 3339 3340 3351
f 3351 3340 3676
f 3340 3341 3676
f 3678 3675 3352
f 3675 3342 3352
f 3352 3342 3353
f 3342 3343 3353
f 3353 3343 3354
f 3343 3344 3354
f 3354 3344 3355
f 3344 3345 3355
f 3355 3345 3356
f 3345 3346 3356
f 3356 3346 3357
f 3346 3347 3357
f 3357 3347 3358
f 3347 3348 3358
f 3358 3348 3359
f 3348 3349 3359
f 3359 3349 3360
f 3349 3350 3360
f 3360 3350 3361
f 3350 3351 3361
f 3351 3676 3361
f 3681 3678 3362
f 3678 3352 3362
f 3362 3352 3363
f 3352 3353 3363
f 3363 3353 3364
f 3353 3354 3364
f 3364 3354 3365
f 3354 3355 3365
f 3365 3355 3366
f 3355 3356 3366
f 3366 3356 3367
f 3356 3357 3367
f 3367 3357 3368
f 3357 3358 3368
f 3368 3358 3369
f 3358 3359 3369
f 3369 3359 3370
f 3359 3360 3370
f 3370 3360 3371
f 3360 3361 3371
f 3684 3681 3372
f 3681 3362 3372
f 3372 3362 3373
f 3362 3363 3373
f 3373 3363 3374
f 3363 3364 3374
f 3374 3364 3375
f 3364 3365 3375
f 3375 3365 3376
f 3365 3366 3376
f 3376 3366 3377
f 3366 3367 3377
f 3377 3367 3378
f 3367 3368 3378
f 3378 3368 3379
f 3368 3369 3379
f 3379 3369 3380
f 3369 3370 3380
f 3380 3370 3381
f 3370 3371 3381
f 3372 3688 3684
f 3688 3372 3382
f 3372 3373 3382
f 3382 3373 3383
f 3373 3374 3383
f 3383 3374 3384
f 3374 3375 3384
f 3384 3375 3385
f 3375 3376 3385
f 3385 3376 3386
f 3376 3377 3386
f 3386 3377 3387
f 3377 3378 3387
f 3387 3378 3388
f 3378 3379 3388
f 3388 3379 3389
f 3379 3380 3389
f 3389 3380 3390
f 3380 3381 3390
f 3691 3688 3391
f 3688 3382 3391
f 3391 3382 3392
f 3382 3383 3392
f 3392 3383 3393
f 3383 3384 3393
f 3393 3384 3394
f 3384 3385 3394
f 3394 3385 3395
f 3385 3386 3395
f 3395 3386 3396
f 3386 3387 3396
f 3396 3387 3397
f 3387 3388 3397
f 3397 3388 3398
f 3388 3389 3398
f 3398 3389 3692
f 3389 3390 3692
f 3695 3691 3399
f 3691 3391 3399
f 3399 3391 3400
f 3391 3392 3400
f 3400 3392 3401
f 3392 3393 3401
f 3401 3393 3402
f 3393 3394 3402
f 3402 3394 3403
f 3394 3395 3403
f 3403 3395 3404
f 3395 3396 3404
f 3404 3396 3405
f 3396 3397 3405
f 3405 3397 3406
f 3397 3398 3406
f 3398 3692 3406
f 3399 3699 3695
f 3699 3399 3407
f 3399 3400 3407
f 3407 3400 3408
f 3400 3401 3408
f 3408 3401 3409
f 3401 3402 3409
f 3409 3402 3410
f 3402 3403 3410
f 3410 3403 3411
f 3403 3404 3411
f 3411 3404 3412
f 3404 3405 3412
f 3412 3405 3700
f 3405 3406 3700
f 3704 3699 3413
f 3699 3407 3413
f 3413 3407 3414
f 3407 3408 3414
f 3414 3408 3415
f 3408 3409 3415
f 3415 3409 3416
f 3409 3410 3416
f 3416 3410 3417
f 3410 3411 3417
f 3417 3411 3418
f 3411 3412 3418
f 3412 3700 3418
f 3413 3709 3704
f 3709 3413 3419
f 3413 3414 3419
f 3419 3414 3420
f 3414 3415 3420
f 3420 3415 3421
f 3415 3416 3421
f 3421 3416 3422
f 3416 3417 3422
f 3422 3417 3710
f 3417 3418 3710
f 3419 3715 3709
f 3715 3419 3716
f 3419 3420 3716
f 3716 3420 3717
f 3420 3421 3717
f 3717 3421 3718
f 3421 3422 3718
f 3422 3710 3718
f 3423 3721 3424
f 3721 3722 3424
f 3424 3722 3425
f 3722 3723 3425
f 3425 3723 3426
f 3723 3724 3426
f 3426 3724 3427
f 3724 3726 3427
f 3427 3726 3428
f 3726 3728 3428
f 3428 3728 3429
f 3728 3730 3429
f 3429 3730 3430
f 3730 3732 3430
f 3430 3732 3431
f 3732 3734 3431
f 3431 3734 3432
f 3734 3736 3432
f 3432 3736 3433
f 3736 3738 3433
f 3433 3738 3434
f 3738 3740 3434
f 3434 3740 3438
f 3740 3743 3438
f 3436 3435 3741
f 3436 3741 3437
f 3741 3742 3437
f 3423 3437 3742
f 3721 3423 3742
f 3743 3744 3439
f 3438 3743 3439
f 3439 3744 3440
f 3744 3745 3440
f 3440 3745 3442
f 3745 3748 3442
f 3441 3747 3435
f 3746 3747 3441
f 3747 3741 3435
f 3748 3750 3443
f 3442 3748 3443
f 3443 3750 3446
f 3445 3444 3749
f 3441 3445 3749
f 3746 3441 3749
f 3751 3446 3750
f 3751 3448 3446
f 3753 3448 3751
f 3444 3447 3752
f 3752 3749 3444
f 3753 3755 3450
f 3448 3753 3450
f 3447 3449 3754
f 3754 3752 3447
f 3755 3757 3452
f 3450 3755 3452
f 3449 3451 3756
f 3756 3754 3449
f 3757 3759 3453
f 3452 3757 3453
f 3455 3758 3451
f 3758 3756 3451
f 3453 3760 3456
f 3759 3760 3453
f 3762 3455 3454
f 3758 3455 3762
f 3763 3456 3760
f 3457 3456 3763
f 3458 3761 3454
f 3761 3762 3454
f 3459 3457 3764
f 3457 3763 3764
f 3458 3461 3761
f 3461 3765 3761
f 3459 3766 3462
f 3764 3766 3459
f 3768 3461 3460
f 3765 3461 3768
f 3769 3462 3766
f 3463 3462 3769
f 3464 3767 3460
f 3767 3768 3460
f 3465 3463 3770
f 3463 3769 3770
f 3464 3466 3767
f 3466 3771 3767
f 3467 3465 3772
f 3465 3770 3772
f 3466 3470 3771
f 3470 3773 3771
f 3471 3467 3774
f 3467 3772 3774
f 3775 3470 3469
f 3773 3470 3775
f 3472 3471 3776
f 3471 3774 3776
f 3468 3474 3469
f 3474 3475 3469
f 3469 3476 3775
f 3475 3476 3469
f 3775 3476 3777
f 3472 3778 3473
f 3776 3778 3472
f 3474 3478 3475
f 3478 3479 3475
f 3475 3479 3476
f 3479 3480 3476
f 3777 3476 3480
f 3779 3777 3480
f 3780 3481 3473
f 3778 3780 3473
f 3473 3481 3477
f 3481 3482 3477
f 3480 3479 3483
f 3779 3480 3483
f 3781 3779 3483
f 3484 3780 3782
f 3780 3484 3481
f 3485 3781 3483
f 3783 3781 3485
f 3782 3486 3484
f 3784 3486 3782
f 3485 3487 3783
f 3783 3487 3785
f 3488 3784 3786
f 3486 3784 3488
f 3785 3487 3489
f 3785 3489 3787
f 3786 3490 3488
f 3788 3490 3786
f 3491 3787 3489
f 3789 3787 3491
f 3492 3788 3790
f 3490 3788 3492
f 3491 3493 3789
f 3789 3493 3791
f 3494 3790 3792
f 3790 3494 3492
f 3791 3493 3495
f 3791 3495 3793
f 3496 3792 3795
f 3792 3496 3494
f 3793 3495 3497
f 3498 3794 3793
f 3497 3498 3793
f 3794 3498 3796
f 3499 3795 3798
f 3795 3499 3496
f 3796 3498 3500
f 3796 3500 3799
f 3501 3797 3802
f 3502 3798 3797
f 3501 3502 3797
f 3798 3502 3499
f 3799 3500 3503
f 3504 3800 3799
f 3503 3504 3799
f 3800 3504 3803
f 3507 3801 3810
f 3508 3802 3801
f 3507 3508 3801
f 3802 3508 3501
f 3505 3803 3504
f 3804 3505 3509
f 3803 3505 3804
f 3510 3805 3804
f 3509 3510 3804
f 3511 3806 3805
f 3510 3511 3805
f 3806 3511 3811
f 3514 3807 3817
f 3515 3808 3807
f 3514 3515 3807
f 3516 3809 3808
f 3515 3516 3808
f 3506 3809 3516
f 3810 3809 3506
f 3506 3507 3810
f 3512 3811 3511
f 3812 3512 3517
f 3811 3512 3812
f 3518 3813 3812
f 3517 3518 3812
f 3519 3814 3813
f 3518 3519 3813
f 3520 3815 3814
f 3519 3520 3814
f 3521 3816 3815
f 3520 3521 3815
f 3513 3816 3521
f 3817 3816 3513
f 3513 3514 3817
f 3522 3525 3818
f 3819 3523 3522
f 3818 3819 3522
f 3822 3526 3523
f 3819 3822 3523
f 3526 3822 3527
f 3524 3528 3820
f 3821 3525 3524
f 3820 3821 3524
f 3821 3818 3525
f 3823 3527 3822
f 3828 3529 3527
f 3823 3828 3527
f 3529 3828 3531
f 3528 3530 3824
f 3824 3820 3528
f 3831 3531 3828
f 3531 3831 3532
f 3824 3530 3534
f 3833 3824 3534
f 3834 3532 3831
f 3532 3834 3535
f 3534 3533 3832
f 3832 3833 3534
f 3836 3536 3535
f 3834 3836 3535
f 3538 3835 3533
f 3835 3832 3533
f 3837 3536 3836
f 3536 3837 3539
f 3839 3538 3537
f 3835 3538 3839
f 3840 3540 3539
f 3837 3840 3539
f 3541 3838 3537
f 3838 3839 3537
f 3841 3540 3840
f 3542 3540 3841
f 3541 3544 3838
f 3544 3842 3838
f 3545 3542 3843
f 3542 3841 3843
f 3844 3544 3543
f 3842 3544 3844
f 3545 3845 3546
f 3843 3845 3545
f 3844 3543 3547
f 3846 3844 3547
f 3847 3546 3845
f 3548 3546 3847
f 3846 3547 3549
f 3849 3846 3549
f 3550 3548 3850
f 3548 3847 3850
f 3551 3848 3549
f 3848 3849 3549
f 3552 3550 3851
f 3550 3850 3851
f 3551 3553 3848
f 3553 3852 3848
f 3554 3552 3853
f 3552 3851 3853
f 3553 3555 3852
f 3555 3854 3852
f 3556 3554 3855
f 3554 3853 3855
f 3555 3557 3854
f 3557 3856 3854
f 3558 3556 3857
f 3556 3855 3857
f 3557 3559 3856
f 3559 3858 3856
f 3560 3558 3859
f 3558 3857 3859
f 3559 3561 3858
f 3561 3860 3858
f 3562 3560 3861
f 3560 3859 3861
f 3561 3563 3860
f 3563 3862 3860
f 3564 3562 3863
f 3562 3861 3863
f 3563 3565 3862
f 3565 3864 3862
f 3566 3564 3865
f 3564 3863 3865
f 3565 3567 3864
f 3567 3866 3864
f 3568 3566 3867
f 3566 3865 3867
f 3567 3569 3866
f 3866 3569 3868
f 3570 3568 3869
f 3568 3867 3869
f 3571 3868 3569
f 3870 3868 3571
f 3572 3869 3871
f 3570 3869 3572
f 3571 3573 3870
f 3573 3872 3870
f 3871 3574 3572
f 3873 3574 3871
f 3573 3575 3872
f 3575 3874 3872
f 3576 3574 3875
f 3574 3873 3875
f 3575 3577 3874
f 3577 3876 3874
f 3578 3576 3877
f 3576 3875 3877
f 3878 3876 3577
f 3579 3878 3577
f 3580 3877 3879
f 3578 3877 3580
f 3579 3581 3878
f 3581 3880 3878
f 3879 3582 3580
f 3881 3582 3879
f 3882 3880 3581
f 3583 3882 3581
f 3584 3582 3881
f 3883 3584 3881
f 3583 3585 3882
f 3882 3585 3884
f 3586 3883 3885
f 3584 3883 3586
f 3884 3585 3587
f 3884 3587 3886
f 3589 3885 3887
f 3885 3589 3586
f 3588 3886 3587
f 3888 3886 3588
f 3590 3888 3588
f 3595 3887 3889
f 3887 3595 3589
f 3888 3591 3892
f 3590 3591 3888
f 3592 3596 3892
f 3591 3592 3892
f 3593 3597 3596
f 3592 3593 3596
f 3593 3889 3597
f 3594 3889 3593
f 3594 3595 3889
f 3599 3598 3892
f 3599 3892 3600
f 3892 3596 3600
f 3600 3596 3601
f 3596 3597 3601
f 3601 3597 3602
f 3605 3604 3598
f 3605 3598 3606
f 3598 3599 3606
f 3606 3599 3607
f 3599 3600 3607
f 3607 3600 3608
f 3600 3601 3608
f 3608 3601 3609
f 3601 3602 3609
f 3609 3602 3610
f 3602 3603 3610
f 3610 3603 3611
f 3613 3612 3604
f 3613 3604 3614
f 3604 3605 3614
f 3614 3605 3615
f 3605 3606 3615
f 3615 3606 3616
f 3606 3607 3616
f 3616 3607 3617
f 3607 3608 3617
f 3617 3608 3618
f 3608 3609 3618
f 3618 3609 3619
f 3609 3610 3619
f 3619 3610 3620
f 3610 3611 3620
f 3908 3612 3621
f 3612 3613 3621
f 3621 3614 3200
f 3613 3614 3621
f 3615 3201 3200
f 3614 3615 3200
f 3616 3202 3201
f 3615 3616 3201
f 3617 3203 3202
f 3616 3617 3202
f 3618 3204 3203
f 3617 3618 3203
f 3618 3622 3204
f 3619 3622 3618
f 3622 3619 3623
f 3619 3620 3623
f 3623 3620 3624
f 3626 3625 3908
f 3626 3621 3205
f 3908 3621 3626
f 3205 3621 3200
f 3622 3211 3204
f 3622 3627 3211
f 3623 3627 3622
f 3627 3623 3628
f 3623 3624 3628
f 3916 3625 3629
f 3625 3626 3629
f 3630 3629 3626
f 3205 3630 3626
f 3627 3218 3211
f 3627 3631 3218
f 3628 3631 3627
f 3631 3628 3632
f 3634 3633 3916
f 3634 3629 3219
f 3916 3629 3634
f 3219 3629 3630
f 3218 3631 3635
f 3227 3218 3635
f 3635 3631 3636
f 3631 3632 3636
f 3920 3633 3637
f 3633 3634 3637
f 3638 3637 3634
f 3219 3638 3634
f 3227 3635 3639
f 3235 3227 3639
f 3639 3635 3640
f 3635 3636 3640
f 3922 3920 3641
f 3920 3637 3641
f 3642 3641 3637
f 3638 3642 3637
f 3639 3244 3235
f 3639 3643 3244
f 3640 3643 3639
f 3924 3641 3245
f 3922 3641 3924
f 3245 3641 3642
f 3244 3643 3644
f 3255 3244 3644
f 3644 3643 3645
f 3646 3926 3924
f 3245 3646 3924
f 3255 3644 3647
f 3265 3255 3647
f 3647 3644 3648
f 3644 3645 3648
f 3649 3928 3926
f 3646 3649 3926
f 3265 3647 3650
f 3275 3265 3650
f 3650 3647 3651
f 3647 3648 3651
f 3653 3652 3928
f 3654 3653 3928
f 3649 3654 3928
f 3650 3286 3275
f 3650 3655 3286
f 3651 3655 3650
f 3932 3652 3656
f 3652 3653 3656
f 3657 3656 3653
f 3654 3657 3653
f 3286 3655 3658
f 3295 3286 3658
f 3934 3932 3659
f 3932 3656 3659
f 3660 3659 3656
f 3657 3660 3656
f 3295 3658 3661
f 3303 3295 3661
f 3936 3934 3662
f 3934 3659 3662
f 3663 3662 3659
f 3660 3663 3659
f 3303 3661 3664
f 3312 3303 3664
f 3938 3936 3665
f 3936 3662 3665
f 3666 3665 3662
f 3663 3666 3662
f 3312 3664 3667
f 3321 3312 3667
f 3940 3938 3668
f 3938 3665 3668
f 3669 3668 3665
f 3666 3669 3665
f 3321 3667 3670
f 3330 3321 3670
f 3942 3940 3671
f 3940 3668 3671
f 3672 3671 3668
f 3669 3672 3668
f 3330 3670 3673
f 3341 3330 3673
f 3944 3942 3674
f 3942 3671 3674
f 3675 3674 3671
f 3672 3675 3671
f 3341 3673 3677
f 3676 3341 3677
f 3674 3946 3944
f 3678 3946 3674
f 3675 3678 3674
f 3676 3679 3361
f 3677 3679 3676
f 3680 3679 3677
f 3681 3948 3946
f 3678 3681 3946
f 3361 3679 3682
f 3371 3361 3682
f 3682 3679 3683
f 3679 3680 3683
f 3684 3950 3948
f 3681 3684 3948
f 3371 3682 3685
f 3381 3371 3685
f 3685 3682 3686
f 3682 3683 3686
f 3687 3950 3684
f 3952 3950 3687
f 3687 3684 3688
f 3381 3685 3689
f 3390 3381 3689
f 3689 3685 3953
f 3685 3686 3953
f 3954 3952 3690
f 3952 3687 3690
f 3691 3690 3687
f 3688 3691 3687
f 3390 3689 3693
f 3692 3390 3693
f 3689 3953 3693
f 3961 3954 3694
f 3954 3690 3694
f 3695 3694 3690
f 3691 3695 3690
f 3692 3696 3406
f 3693 3696 3692
f 3697 3696 3693
f 3694 3963 3961
f 3698 3694 3695
f 3963 3694 3698
f 3698 3695 3699
f 3406 3696 3701
f 3700 3406 3701
f 3701 3696 3702
f 3696 3697 3702
f 3969 3963 3703
f 3963 3698 3703
f 3704 3703 3698
f 3699 3704 3698
f 3700 3705 3418
f 3701 3705 3700
f 3706 3705 3701
f 3706 3701 3970
f 3701 3702 3970
f 3971 3969 3707
f 3969 3703 3707
f 3708 3703 3704
f 3707 3703 3708
f 3708 3704 3709
f 3418 3705 3711
f 3710 3418 3711
f 3711 3705 3712
f 3705 3706 3712
f 3706 3970 3712
f 3707 3973 3971
f 3973 3707 3713
f 3707 3708 3713
f 3714 3708 3709
f 3713 3708 3714
f 3714 3709 3715
f 3710 3719 3718
f 3711 3719 3710
f 3720 3719 3711
f 3720 3711 3974
f 3711 3712 3974
f 3975 3973 3725
f 3973 3713 3725
f 3725 3713 3727
f 3713 3714 3727
f 3729 3714 3715
f 3727 3714 3729
f 3716 3731 3729
f 3715 3716 3729
f 3717 3733 3731
f 3716 3717 3731
f 3718 3735 3733
f 3717 3718 3733
f 3719 3735 3718
f 3737 3735 3719
f 3737 3719 3739
f 3719 3720 3739
f 3720 3974 3739
f 3722 3980 3975
f 3723 3722 3975
f 3725 3724 3723
f 3975 3725 3723
f 3727 3726 3724
f 3725 3727 3724
f 3729 3728 3726
f 3727 3729 3726
f 3731 3730 3728
f 3729 3731 3728
f 3733 3732 3730
f 3731 3733 3730
f 3735 3734 3732
f 3733 3735 3732
f 3737 3736 3734
f 3735 3737 3734
f 3739 3738 3736
f 3737 3739 3736
f 3739 3981 3740
f 3739 3740 3738
f 3742 3741 3977
f 3742 3978 3721
f 3977 3978 3742
f 3979 3722 3721
f 3978 3979 3721
f 3979 3980 3722
f 3982 3740 3981
f 3984 3743 3740
f 3982 3984 3740
f 3984 3744 3743
f 3985 3744 3984
f 3744 3985 3745
f 3985 3988 3745
f 3745 3988 3748
f 3747 3746 3986
f 3747 3987 3741
f 3986 3987 3747
f 3987 3977 3741
f 3989 3748 3988
f 3989 3750 3748
f 3992 3750 3989
f 3749 3991 3746
f 3990 3991 3749
f 3991 3986 3746
f 3992 3994 3751
f 3750 3992 3751
f 3751 3994 3753
f 3749 3752 3993
f 3990 3749 3993
f 3996 3753 3994
f 3753 3996 3755
f 3752 3754 3995
f 3993 3752 3995
f 3998 3755 3996
f 3755 3998 3757
f 3754 3756 3997
f 3995 3754 3997
f 3999 3757 3998
f 3757 3999 3759
f 4001 3756 3758
f 3997 3756 4001
f 4002 3759 3999
f 3760 3759 4002
f 3762 4000 3758
f 4000 4001 3758
f 3760 4003 3763
f 4002 4003 3760
f 4005 3762 3761
f 4000 3762 4005
f 4006 3763 4003
f 3764 3763 4006
f 3765 4004 3761
f 4004 4005 3761
f 3766 3764 4007
f 3764 4006 4007
f 3765 3768 4004
f 3768 4008 4004
f 3766 4009 3769
f 4007 4009 3766
f 4010 3768 3767
f 4008 3768 4010
f 4011 3770 3769
f 4009 4011 3769
f 4010 3767 3771
f 4012 4010 3771
f 4013 3772 3770
f 4011 4013 3770
f 4012 3771 3773
f 4014 4012 3773
f 4015 3774 3772
f 4013 4015 3772
f 4014 3773 3775
f 4016 4014 3775
f 4017 3776 3774
f 4015 4017 3774
f 3777 4016 3775
f 4018 4016 3777
f 4019 3778 3776
f 4017 4019 3776
f 3777 3779 4018
f 4018 3779 4020
f 4021 3780 3778
f 4019 4021 3778
f 4020 3779 3781
f 4022 4020 3781
f 3782 4021 4023
f 4021 3782 3780
f 4022 3781 3783
f 4024 4022 3783
f 4025 3784 3782
f 4023 4025 3782
f 4024 3783 3785
f 4024 3785 4026
f 3786 4025 4027
f 4025 3786 3784
f 4026 3785 3787
f 4026 3787 4028
f 4029 3788 3786
f 4027 4029 3786
f 4028 3787 3789
f 4030 4028 3789
f 3790 4029 4032
f 4029 3790 3788
f 4030 3789 3791
f 4030 3791 4033
f 3792 4032 4035
f 4032 3792 3790
f 4033 3791 3793
f 3794 4034 4033
f 3793 3794 4033
f 4034 3794 4036
f 3795 4035 4038
f 4035 3795 3792
f 4036 3794 3796
f 4036 3796 4039
f 3797 4037 4043
f 3798 4038 4037
f 3797 3798 4037
f 4038 3798 3795
f 4039 3796 3799
f 3800 4040 4039
f 3799 3800 4039
f 4040 3800 4044
f 3801 4042 4051
f 3802 4043 4042
f 3801 3802 4042
f 4043 3802 3797
f 4044 3800 3803
f 3804 4045 4044
f 3803 3804 4044
f 3805 4046 4045
f 3804 3805 4045
f 3806 4047 4046
f 3805 3806 4046
f 4047 3806 4052
f 3807 4048 4058
f 3808 4049 4048
f 3807 3808 4048
f 3809 4050 4049
f 3808 3809 4049
f 3810 4051 4050
f 3809 3810 4050
f 4051 3810 3801
f 4052 3806 3811
f 3812 4053 4052
f 3811 3812 4052
f 3813 4054 4053
f 3812 3813 4053
f 3814 4055 4054
f 3813 3814 4054
f 3815 4056 4055
f 3814 3815 4055
f 3816 4057 4056
f 3815 3816 4056
f 3817 4058 4057
f 3816 3817 4057
f 4058 3817 3807
f 3825 3818 3821
f 3818 3825 3819
f 3825 3826 3819
f 3819 3826 3822
f 3826 3827 3822
f 3827 3823 3822
f 3829 3820 3824
f 3821 3829 4059
f 3820 3829 3821
f 4060 3825 3821
f 4059 4060 3821
f 4061 3826 3825
f 4060 4061 3825
f 4062 3827 3826
f 4061 4062 3826
f 4064 3823 3827
f 4062 4064 3827
f 3830 3823 4064
f 3828 3823 3830
f 3830 3831 3828
f 3829 3833 4063
f 3824 3833 3829
f 4063 4059 3829
f 4065 3830 4064
f 4067 3831 3830
f 4065 4067 3830
f 3831 4067 3834
f 3833 3832 4066
f 4066 4063 3833
f 4069 3836 3834
f 4067 4069 3834
f 3832 3835 4068
f 4068 4066 3832
f 4070 3836 4069
f 3836 4070 3837
f 4068 3835 3839
f 4072 4068 3839
f 4073 3837 4070
f 3840 3837 4073
f 3839 3838 4071
f 4071 4072 3839
f 3840 4074 3841
f 4073 4074 3840
f 4071 3838 3842
f 4076 4071 3842
f 4077 3841 4074
f 3843 3841 4077
f 3844 4075 3842
f 4075 4076 3842
f 3845 3843 4078
f 3843 4077 4078
f 3844 3846 4075
f 3846 4079 4075
f 3845 4080 3847
f 4078 4080 3845
f 3846 3849 4079
f 3849 4081 4079
f 4082 3850 3847
f 4080 4082 3847
f 4083 3849 3848
f 4081 3849 4083
f 4084 3851 3850
f 4082 4084 3850
f 4083 3848 3852
f 4085 4083 3852
f 4086 3851 4084
f 3853 3851 4086
f 4085 3852 3854
f 4087 4085 3854
f 3855 3853 4088
f 3853 4086 4088
f 4087 3854 3856
f 4089 4087 3856
f 3857 3855 4090
f 3855 4088 4090
f 4089 3856 3858
f 4092 4089 3858
f 3859 3857 4093
f 3857 4090 4093
f 3860 4091 3858
f 4091 4092 3858
f 3861 3859 4094
f 3859 4093 4094
f 3860 3862 4091
f 4091 3862 4095
f 3863 3861 4096
f 3861 4094 4096
f 4095 3862 3864
f 4097 4095 3864
f 3865 3863 4098
f 3863 4096 4098
f 4097 3864 3866
f 4099 4097 3866
f 3867 4098 4100
f 3865 4098 3867
f 3868 4099 3866
f 4101 4099 3868
f 4102 3869 3867
f 4100 4102 3867
f 3868 3870 4101
f 3870 4103 4101
f 4102 3871 3869
f 4104 3871 4102
f 3870 3872 4103
f 3872 4105 4103
f 3873 3871 4106
f 3871 4104 4106
f 3872 3874 4105
f 3874 4107 4105
f 3875 3873 4108
f 3873 4106 4108
f 3874 3876 4107
f 4107 3876 4109
f 3877 3875 4110
f 3875 4108 4110
f 3878 4109 3876
f 4111 4109 3878
f 3879 3877 4110
f 4112 3879 4110
f 3878 3880 4111
f 3880 4113 4111
f 3881 3879 4114
f 3879 4112 4114
f 4115 4113 3880
f 3882 4115 3880
f 3883 3881 4114
f 4116 3883 4114
f 4117 4115 3882
f 3884 4117 3882
f 3885 3883 4116
f 4118 3885 4116
f 4119 4117 3884
f 3886 4119 3884
f 3887 3885 4118
f 4120 3887 4118
f 4121 4119 3886
f 3888 4121 3886
f 3889 3887 4120
f 4122 3889 4120
f 3890 4121 3888
f 3891 3890 3888
f 3891 3888 3892
f 3889 3893 3597
f 3889 4122 3894
f 3889 3894 3893
f 3897 3896 3890
f 3897 3891 3598
f 3890 3891 3897
f 3598 3891 3892
f 3893 3602 3597
f 3894 3603 3602
f 3893 3894 3602
f 3894 3898 3603
f 3895 3898 3894
f 3900 3899 3896
f 3900 3897 3604
f 3896 3897 3900
f 3604 3897 3598
f 3898 3611 3603
f 3611 3898 3901
f 4143 3900 3612
f 3899 3900 4143
f 3612 3900 3604
f 3611 3901 3902
f 3620 3611 3902
f 3902 3901 3903
f 3908 4147 4143
f 3612 3908 4143
f 3902 3624 3620
f 3902 3909 3624
f 3903 3909 3902
f 3909 3903 3910
f 3903 3904 3910
f 3910 3904 3911
f 3904 3905 3911
f 3911 3905 3912
f 3905 3906 3912
f 3912 3906 4148
f 3906 3907 4148
f 3625 3913 4147
f 3625 4147 3908
f 3624 3909 3914
f 3628 3624 3914
f 3914 3909 3915
f 3909 3910 3915
f 3915 3910 4152
f 3910 3911 4152
f 4152 3911 4153
f 3911 3912 4153
f 3912 4148 4153
f 3916 4154 3913
f 3625 3916 3913
f 3914 3632 3628
f 3914 3917 3632
f 3915 3917 3914
f 3915 4152 3917
f 3633 3918 4154
f 3633 4154 3916
f 3632 3917 3919
f 3636 3632 3919
f 3920 4158 3918
f 3633 3920 3918
f 3636 3919 3921
f 3640 3636 3921
f 3922 4160 4158
f 3920 3922 4158
f 3640 3921 3923
f 3643 3640 3923
f 3924 4162 4160
f 3922 3924 4160
f 3923 3645 3643
f 3645 3923 3925
f 3926 4163 4162
f 3924 3926 4162
f 3645 3925 3927
f 3648 3645 3927
f 3928 4164 4163
f 3926 3928 4163
f 3648 3927 3929
f 3651 3648 3929
f 3652 3930 4164
f 3652 4164 3928
f 3651 3929 3931
f 3655 3651 3931
f 3932 4168 3930
f 3652 3932 3930
f 3655 3931 3933
f 3658 3655 3933
f 3934 4170 4168
f 3932 3934 4168
f 3658 3933 3935
f 3661 3658 3935
f 3936 4175 4170
f 3934 3936 4170
f 3661 3935 3937
f 3664 3661 3937
f 3938 4178 4175
f 3936 3938 4175
f 3664 3937 3939
f 3667 3664 3939
f 3940 4180 4178
f 3938 3940 4178
f 3667 3939 3941
f 3670 3667 3941
f 3942 4182 4180
f 3940 3942 4180
f 3670 3941 3943
f 3673 3670 3943
f 3944 4184 4182
f 3942 3944 4182
f 3673 3943 3945
f 3677 3673 3945
f 4186 4184 3944
f 4186 3944 3946
f 3677 3945 3947
f 3680 3677 3947
f 3948 4187 4186
f 3946 3948 4186
f 3680 3947 3949
f 3683 3680 3949
f 3950 4188 4187
f 3948 3950 4187
f 3683 3949 3951
f 3686 3683 3951
f 3952 4189 4188
f 3950 3952 4188
f 3686 3951 4190
f 3953 3686 4190
f 3954 4200 4189
f 3952 3954 4189
f 3953 3955 3693
f 3955 3953 4190
f 4208 3960 4200
f 3961 4208 4200
f 3954 3961 4200
f 3693 3955 3962
f 3697 3693 3962
f 4217 3956 4218
f 3956 3957 4218
f 4218 3957 4219
f 3957 3958 4219
f 4219 3958 4220
f 3958 3959 4220
f 4220 3959 4221
f 3959 3960 4221
f 3960 4208 4221
f 4223 4208 3961
f 4223 3961 3963
f 3697 3962 3964
f 3702 3697 3964
f 3964 3962 3965
f 3969 4227 4223
f 3963 3969 4223
f 3702 3964 4228
f 3970 3702 4228
f 4228 3964 4229
f 3964 3965 4229
f 4229 3965 4230
f 3965 3966 4230
f 4230 3966 4231
f 3966 3967 4231
f 4231 3967 4232
f 3967 3968 4232
f 3971 4236 4227
f 3969 3971 4227
f 3970 3972 3712
f 3972 3970 4228
f 4239 4236 3971
f 4239 3971 3973
f 3712 3972 4240
f 3974 3712 4240
f 3975 4241 4239
f 3973 3975 4239
f 3974 3976 3739
f 3976 3974 4240
f 3975 4244 4241
f 3980 4244 3975
f 3739 3976 3983
f 3981 3739 3983
f 3979 3978 4243
f 3980 3979 4243
f 4244 3980 4243
f 3983 3982 3981
f 4249 3982 3983
f 3984 3982 4249
f 3984 4249 3985
f 3987 3986 4246
f 3987 4247 3977
f 4246 4247 3987
f 4248 3978 3977
f 4247 4248 3977
f 4248 4243 3978
f 4250 3985 4249
f 4253 3988 3985
f 4250 4253 3985
f 3988 4253 3989
f 3991 3990 4251
f 3991 4252 3986
f 4251 4252 3991
f 4252 4246 3986
f 4254 3989 4253
f 4256 3992 3989
f 4254 4256 3989
f 3992 4256 3994
f 3990 3993 4255
f 4255 4251 3990
f 4258 3994 4256
f 3994 4258 3996
f 3993 3995 4257
f 4257 4255 3993
f 4260 3996 4258
f 3996 4260 3998
f 3995 3997 4259
f 4259 4257 3995
f 4261 3998 4260
f 3998 4261 3999
f 4259 3997 4001
f 4263 4259 4001
f 4264 3999 4261
f 3999 4264 4002
f 4001 4000 4262
f 4262 4263 4001
f 4265 4003 4002
f 4264 4265 4002
f 4262 4000 4005
f 4267 4262 4005
f 4268 4003 4265
f 4003 4268 4006
f 4005 4004 4266
f 4266 4267 4005
f 4269 4007 4006
f 4268 4269 4006
f 4266 4004 4008
f 4270 4266 4008
f 4271 4009 4007
f 4269 4271 4007
f 4270 4008 4010
f 4272 4270 4010
f 4273 4011 4009
f 4271 4273 4009
f 4272 4010 4012
f 4274 4272 4012
f 4275 4013 4011
f 4273 4275 4011
f 4274 4012 4014
f 4276 4274 4014
f 4277 4015 4013
f 4275 4277 4013
f 4276 4014 4016
f 4278 4276 4016
f 4279 4017 4015
f 4277 4279 4015
f 4278 4016 4018
f 4280 4278 4018
f 4281 4019 4017
f 4279 4281 4017
f 4280 4018 4020
f 4280 4020 4282
f 4283 4021 4019
f 4281 4283 4019
f 4282 4020 4022
f 4284 4282 4022
f 4023 4283 4285
f 4283 4023 4021
f 4284 4022 4024
f 4286 4284 4024
f 4288 4025 4023
f 4285 4288 4023
f 4286 4024 4026
f 4286 4026 4289
f 4027 4288 4290
f 4288 4027 4025
f 4289 4026 4028
f 4289 4028 4291
f 4293 4029 4027
f 4290 4293 4027
f 4028 4031 4291
f 4030 4031 4028
f 4291 4031 4294
f 4032 4293 4297
f 4293 4032 4029
f 4031 4030 4033
f 4031 4034 4294
f 4033 4034 4031
f 4294 4034 4298
f 4035 4297 4302
f 4297 4035 4032
f 4298 4034 4036
f 4298 4036 4303
f 4037 4301 4310
f 4038 4302 4301
f 4037 4038 4301
f 4302 4038 4035
f 4303 4036 4039
f 4040 4304 4303
f 4039 4040 4303
f 4041 4305 4304
f 4040 4041 4304
f 4305 4041 4311
f 4042 4309 4324
f 4043 4310 4309
f 4042 4043 4309
f 4310 4043 4037
f 4041 4040 4044
f 4041 4045 4311
f 4044 4045 4041
f 4046 4312 4311
f 4045 4046 4311
f 4047 4313 4312
f 4046 4047 4312
f 4313 4047 4325
f 4048 4321 4331
f 4049 4322 4321
f 4048 4049 4321
f 4050 4323 4322
f 4049 4050 4322
f 4051 4324 4323
f 4050 4051 4323
f 4324 4051 4042
f 4325 4047 4052
f 4053 4326 4325
f 4052 4053 4325
f 4054 4327 4326
f 4053 4054 4326
f 4055 4328 4327
f 4054 4055 4327
f 4056 4329 4328
f 4055 4056 4328
f 4057 4330 4329
f 4056 4057 4329
f 4058 4331 4330
f 4057 4058 4330
f 4331 4058 4048
f 4059 4063 4332
f 4333 4060 4059
f 4332 4333 4059
f 4334 4061 4060
f 4333 4334 4060
f 4335 4062 4061
f 4334 4335 4061
f 4337 4064 4062
f 4335 4337 4062
f 4064 4337 4065
f 4063 4066 4336
f 4336 4332 4063
f 4341 4065 4337
f 4069 4065 4341
f 4067 4065 4069
f 4066 4068 4338
f 4338 4336 4066
f 4342 4069 4341
f 4069 4342 4070
f 4338 4068 4072
f 4344 4338 4072
f 4345 4070 4342
f 4070 4345 4073
f 4072 4071 4343
f 4343 4344 4072
f 4347 4074 4073
f 4345 4347 4073
f 4076 4346 4071
f 4346 4343 4071
f 4348 4074 4347
f 4074 4348 4077
f 4349 4076 4075
f 4346 4076 4349
f 4350 4078 4077
f 4348 4350 4077
f 4349 4075 4079
f 4352 4349 4079
f 4353 4078 4350
f 4080 4078 4353
f 4081 4351 4079
f 4351 4352 4079
f 4082 4080 4354
f 4080 4353 4354
f 4081 4083 4351
f 4083 4355 4351
f 4084 4082 4356
f 4082 4354 4356
f 4083 4085 4355
f 4085 4357 4355
f 4084 4358 4086
f 4356 4358 4084
f 4085 4087 4357
f 4087 4359 4357
f 4360 4088 4086
f 4358 4360 4086
f 4087 4089 4359
f 4089 4361 4359
f 4362 4090 4088
f 4360 4362 4088
f 4089 4092 4361
f 4092 4363 4361
f 4364 4093 4090
f 4362 4364 4090
f 4365 4092 4091
f 4363 4092 4365
f 4366 4094 4093
f 4364 4366 4093
f 4095 4365 4091
f 4367 4365 4095
f 4368 4096 4094
f 4366 4368 4094
f 4095 4097 4367
f 4097 4369 4367
f 4370 4098 4096
f 4368 4370 4096
f 4097 4099 4369
f 4099 4371 4369
f 4370 4100 4098
f 4372 4100 4370
f 4099 4101 4371
f 4101 4373 4371
f 4102 4100 4374
f 4100 4372 4374
f 4101 4103 4373
f 4103 4375 4373
f 4104 4102 4376
f 4102 4374 4376
f 4103 4105 4375
f 4105 4377 4375
f 4106 4104 4378
f 4104 4376 4378
f 4105 4107 4377
f 4377 4107 4379
f 4108 4106 4380
f 4106 4378 4380
f 4109 4379 4107
f 4381 4379 4109
f 4110 4380 4382
f 4108 4380 4110
f 4109 4111 4381
f 4111 4383 4381
f 4382 4112 4110
f 4384 4112 4382
f 4111 4113 4383
f 4383 4113 4385
f 4114 4384 4386
f 4112 4384 4114
f 4385 4113 4115
f 4385 4115 4387
f 4386 4116 4114
f 4388 4116 4386
f 4117 4387 4115
f 4389 4387 4117
f 4118 4116 4388
f 4390 4118 4388
f 4391 4389 4117
f 4119 4391 4117
f 4120 4118 4390
f 4392 4120 4390
f 4391 4119 4394
f 4394 4119 4121
f 4120 4123 4122
f 4120 4392 4124
f 4120 4124 4123
f 3890 4125 4394
f 3890 4394 4121
f 4123 3894 4122
f 4124 3895 3894
f 4123 4124 3894
f 3895 4124 4126
f 3896 4130 4125
f 3896 4125 3890
f 3895 4126 4131
f 3898 3895 4131
f 4412 4127 4132
f 4127 4128 4132
f 4132 4128 4133
f 4128 4129 4133
f 4133 4130 3899
f 4129 4130 4133
f 3899 4130 3896
f 4131 3901 3898
f 3901 4131 4134
f 4132 4415 4412
f 4415 4132 4142
f 4132 4133 4142
f 4143 4142 4133
f 3899 4143 4133
f 4134 3903 3901
f 4135 3904 3903
f 4134 4135 3903
f 4136 3905 3904
f 4135 4136 3904
f 4137 3906 3905
f 4136 4137 3905
f 4138 3907 3906
f 4137 4138 3906
f 4138 4144 3907
f 4139 4144 4138
f 4144 4139 4145
f 4139 4140 4145
f 4145 4140 4146
f 4140 4141 4146
f 4142 4418 4415
f 4147 4418 4142
f 4143 4147 4142
f 3907 4144 4149
f 4148 3907 4149
f 4149 4144 4150
f 4144 4145 4150
f 4150 4145 4419
f 4145 4146 4419
f 3913 4151 4418
f 3913 4418 4147
f 4148 4420 4153
f 4149 4420 4148
f 4421 4420 4149
f 4421 4149 4422
f 4149 4150 4422
f 4150 4419 4422
f 4154 4423 4151
f 3913 4154 4151
f 4152 4155 3917
f 4153 4424 4155
f 4152 4153 4155
f 4424 4153 4420
f 4426 4423 3918
f 3918 4423 4154
f 3917 4155 4156
f 3919 3917 4156
f 4155 4424 4156
f 4426 4158 4157
f 3918 4158 4426
f 3919 4156 4159
f 3921 3919 4159
f 4160 4427 4157
f 4158 4160 4157
f 3921 4159 4161
f 3923 3921 4161
f 4162 4428 4427
f 4160 4162 4427
f 4161 3925 3923
f 4429 3925 4161
f 4163 4430 4428
f 4162 4163 4428
f 3927 3925 4431
f 3925 4429 4431
f 4164 4433 4430
f 4163 4164 4430
f 3929 4431 4165
f 3927 4431 3929
f 4435 4433 3930
f 3930 4433 4164
f 3929 4165 4166
f 3931 3929 4166
f 4435 4168 4167
f 3930 4168 4435
f 3931 4166 4169
f 3933 3931 4169
f 4170 4448 4167
f 4168 4170 4167
f 3933 4169 4171
f 3935 3933 4171
f 4171 4169 4172
f 4175 4453 4448
f 4170 4175 4448
f 3935 4171 4176
f 3937 3935 4176
f 4176 4171 4177
f 4171 4172 4177
f 4177 4172 4454
f 4172 4173 4454
f 4454 4173 4455
f 4173 4174 4455
f 4175 4458 4453
f 4178 4458 4175
f 3937 4176 4179
f 3939 3937 4179
f 4179 4176 4459
f 4176 4177 4459
f 4177 4454 4459
f 4178 4180 4458
f 4180 4460 4458
f 3939 4179 4181
f 3941 3939 4181
f 4179 4459 4181
f 4180 4182 4460
f 4182 4461 4460
f 3941 4181 4183
f 3943 3941 4183
f 4182 4184 4461
f 4184 4462 4461
f 3943 4183 4185
f 3945 3943 4185
f 4462 4184 4463
f 4463 4184 4186
f 3945 4185 4464
f 3947 3945 4464
f 4187 4465 4463
f 4186 4187 4463
f 4466 3947 4464
f 3949 3947 4466
f 4188 4468 4465
f 4187 4188 4465
f 3951 3949 4469
f 3949 4466 4469
f 4189 4479 4468
f 4188 4189 4468
f 4190 3951 4480
f 3951 4469 4480
f 4199 4198 4479
f 4200 4199 4479
f 4189 4200 4479
f 4190 4201 3955
f 4480 4201 4190
f 4204 4203 4191
f 4204 4191 4205
f 4191 4192 4205
f 4205 4192 4206
f 4192 4193 4206
f 4206 4193 4207
f 4193 4194 4207
f 4207 4195 3956
f 4194 4195 4207
f 4196 3957 3956
f 4195 4196 3956
f 4197 3958 3957
f 4196 4197 3957
f 4198 3959 3958
f 4197 4198 3958
f 4199 3960 3959
f 4198 4199 3959
f 3960 4199 4200
f 3955 4201 4209
f 3962 3955 4209
f 4209 4201 4210
f 4489 4202 4490
f 4202 4203 4490
f 4490 4203 4213
f 4203 4204 4213
f 4213 4204 4214
f 4204 4205 4214
f 4214 4205 4215
f 4205 4206 4215
f 4215 4206 4216
f 4206 4207 4216
f 4217 4216 4207
f 3956 4217 4207
f 4208 4222 4221
f 4222 4208 4223
f 4209 3965 3962
f 4210 3966 3965
f 4209 4210 3965
f 4211 3967 3966
f 4210 4211 3966
f 4212 3968 3967
f 4211 4212 3967
f 3968 4212 4224
f 4213 4494 4490
f 4494 4213 4495
f 4213 4214 4495
f 4495 4214 4496
f 4214 4215 4496
f 4496 4215 4497
f 4215 4216 4497
f 4498 4216 4217
f 4497 4216 4498
f 4218 4499 4498
f 4217 4218 4498
f 4219 4500 4499
f 4218 4219 4499
f 4220 4501 4500
f 4219 4220 4500
f 4221 4502 4501
f 4220 4221 4501
f 4222 4502 4221
f 4226 4502 4222
f 4227 4226 4222
f 4223 4227 4222
f 3968 4224 4233
f 4232 3968 4233
f 4233 4224 4234
f 4224 4225 4234
f 4234 4225 4235
f 4226 4506 4502
f 4236 4506 4226
f 4227 4236 4226
f 4228 4237 3972
f 4229 4507 4237
f 4228 4229 4237
f 4230 4508 4507
f 4229 4230 4507
f 4231 4509 4508
f 4230 4231 4508
f 4232 4510 4509
f 4231 4232 4509
f 4233 4510 4232
f 4511 4510 4233
f 4511 4233 4238
f 4233 4234 4238
f 4238 4234 4512
f 4234 4235 4512
f 4515 4506 4236
f 4515 4236 4239
f 3972 4237 4516
f 4240 3972 4516
f 4237 4507 4516
f 4238 4518 4511
f 4238 4512 4518
f 4241 4520 4515
f 4239 4241 4515
f 4240 4242 3976
f 4242 4240 4516
f 4523 4520 4241
f 4523 4241 4244
f 3976 4242 4245
f 3983 3976 4245
f 4526 4523 4243
f 4243 4523 4244
f 3983 4245 4249
f 4527 4249 4245
f 4533 4243 4248
f 4526 4243 4533
f 4534 4249 4527
f 4249 4534 4250
f 4246 4252 4530
f 4531 4247 4246
f 4530 4531 4246
f 4532 4248 4247
f 4531 4532 4247
f 4532 4533 4248
f 4535 4250 4534
f 4538 4253 4250
f 4535 4538 4250
f 4253 4538 4254
f 4251 4255 4536
f 4537 4252 4251
f 4536 4537 4251
f 4537 4530 4252
f 4539 4254 4538
f 4541 4256 4254
f 4539 4541 4254
f 4256 4541 4258
f 4255 4257 4540
f 4540 4536 4255
f 4545 4258 4541
f 4258 4545 4260
f 4257 4259 4542
f 4542 4540 4257
f 4548 4260 4545
f 4260 4548 4261
f 4542 4259 4263
f 4550 4542 4263
f 4552 4261 4548
f 4261 4552 4264
f 4263 4262 4549
f 4549 4550 4263
f 4553 4265 4264
f 4552 4553 4264
f 4549 4262 4267
f 4555 4549 4267
f 4557 4265 4553
f 4265 4557 4268
f 4267 4266 4554
f 4554 4555 4267
f 4559 4269 4268
f 4557 4559 4268
f 4554 4266 4270
f 4560 4554 4270
f 4562 4271 4269
f 4559 4562 4269
f 4560 4270 4272
f 4563 4560 4272
f 4564 4273 4271
f 4562 4564 4271
f 4563 4272 4274
f 4565 4563 4274
f 4566 4275 4273
f 4564 4566 4273
f 4565 4274 4276
f 4567 4565 4276
f 4569 4277 4275
f 4566 4569 4275
f 4567 4276 4278
f 4570 4567 4278
f 4572 4279 4277
f 4569 4572 4277
f 4570 4278 4280
f 4573 4570 4280
f 4576 4281 4279
f 4572 4576 4279
f 4573 4280 4282
f 4573 4282 4577
f 4579 4283 4281
f 4576 4579 4281
f 4577 4282 4284
f 4580 4577 4284
f 4285 4579 4583
f 4579 4285 4283
f 4284 4287 4580
f 4286 4287 4284
f 4580 4287 4584
f 4587 4288 4285
f 4583 4587 4285
f 4287 4286 4289
f 4584 4287 4289
f 4588 4584 4289
f 4290 4587 4593
f 4587 4290 4288
f 4588 4289 4291
f 4588 4291 4594
f 4292 4593 4599
f 4292 4290 4593
f 4293 4290 4292
f 4594 4291 4294
f 4295 4595 4594
f 4294 4295 4594
f 4595 4295 4600
f 4296 4599 4606
f 4296 4292 4599
f 4297 4292 4296
f 4292 4297 4293
f 4295 4294 4298
f 4295 4299 4600
f 4298 4299 4295
f 4600 4299 4607
f 4300 4605 4618
f 4301 4606 4605
f 4300 4301 4605
f 4301 4296 4606
f 4302 4296 4301
f 4296 4302 4297
f 4299 4298 4303
f 4299 4304 4607
f 4303 4304 4299
f 4305 4608 4607
f 4304 4305 4607
f 4306 4609 4608
f 4305 4306 4608
f 4609 4306 4619
f 4307 4616 4629
f 4308 4617 4616
f 4307 4308 4616
f 4309 4618 4617
f 4308 4309 4617
f 4309 4300 4618
f 4310 4300 4309
f 4300 4310 4301
f 4306 4305 4311
f 4306 4312 4619
f 4311 4312 4306
f 4313 4620 4619
f 4312 4313 4619
f 4314 4621 4620
f 4313 4314 4620
f 4315 4622 4621
f 4314 4315 4621
f 4316 4623 4622
f 4315 4316 4622
f 4317 4624 4623
f 4316 4317 4623
f 4318 4625 4624
f 4317 4318 4624
f 4319 4626 4625
f 4318 4319 4625
f 4320 4627 4626
f 4319 4320 4626
f 4321 4628 4627
f 4320 4321 4627
f 4322 4629 4628
f 4321 4322 4628
f 4322 4307 4629
f 4323 4307 4322
f 4307 4323 4308
f 4323 4324 4308
f 4308 4324 4309
f 4314 4313 4325
f 4314 4325 4315
f 4325 4326 4315
f 4315 4326 4316
f 4326 4327 4316
f 4316 4327 4317
f 4327 4328 4317
f 4317 4328 4318
f 4328 4329 4318
f 4318 4329 4319
f 4329 4330 4319
f 4319 4330 4320
f 4330 4331 4320
f 4320 4331 4321
f 4339 4332 4336
f 4333 4339 4630
f 4332 4339 4333
f 4631 4334 4333
f 4630 4631 4333
f 4634 4335 4334
f 4631 4634 4334
f 4340 4335 4634
f 4337 4335 4340
f 4340 4341 4337
f 4336 4338 4632
f 4633 4339 4336
f 4632 4633 4336
f 4633 4630 4339
f 4635 4340 4634
f 4639 4341 4340
f 4635 4639 4340
f 4341 4639 4342
f 4632 4338 4344
f 4641 4632 4344
f 4643 4342 4639
f 4342 4643 4345
f 4344 4343 4640
f 4640 4641 4344
f 4645 4347 4345
f 4643 4645 4345
f 4343 4346 4644
f 4644 4640 4343
f 4646 4347 4645
f 4347 4646 4348
f 4644 4346 4349
f 4648 4644 4349
f 4649 4350 4348
f 4646 4649 4348
f 4352 4647 4349
f 4647 4648 4349
f 4650 4350 4649
f 4350 4650 4353
f 4651 4352 4351
f 4647 4352 4651
f 4652 4354 4353
f 4650 4652 4353
f 4651 4351 4355
f 4653 4651 4355
f 4654 4356 4354
f 4652 4654 4354
f 4653 4355 4357
f 4655 4653 4357
f 4656 4356 4654
f 4358 4356 4656
f 4655 4357 4359
f 4658 4655 4359
f 4360 4358 4659
f 4358 4656 4659
f 4361 4657 4359
f 4657 4658 4359
f 4362 4360 4660
f 4360 4659 4660
f 4361 4363 4657
f 4363 4661 4657
f 4364 4362 4662
f 4362 4660 4662
f 4363 4365 4661
f 4365 4663 4661
f 4366 4364 4664
f 4364 4662 4664
f 4365 4367 4663
f 4367 4665 4663
f 4368 4366 4666
f 4366 4664 4666
f 4367 4369 4665
f 4369 4667 4665
f 4370 4368 4668
f 4368 4666 4668
f 4369 4371 4667
f 4371 4669 4667
f 4372 4370 4670
f 4370 4668 4670
f 4371 4373 4669
f 4669 4373 4671
f 4374 4372 4672
f 4372 4670 4672
f 4671 4373 4375
f 4673 4671 4375
f 4376 4374 4674
f 4374 4672 4674
f 4673 4375 4377
f 4675 4673 4377
f 4378 4674 4676
f 4376 4674 4378
f 4379 4675 4377
f 4677 4675 4379
f 4678 4380 4378
f 4676 4678 4378
f 4379 4381 4677
f 4381 4679 4677
f 4678 4382 4380
f 4680 4382 4678
f 4381 4383 4679
f 4679 4383 4681
f 4384 4680 4682
f 4382 4680 4384
f 4385 4681 4383
f 4683 4681 4385
f 4682 4386 4384
f 4684 4386 4682
f 4685 4683 4385
f 4387 4685 4385
f 4388 4684 4686
f 4386 4684 4388
f 4387 4389 4685
f 4685 4389 4687
f 4390 4686 4688
f 4686 4390 4388
f 4687 4389 4391
f 4687 4391 4690
f 4688 4392 4390
f 4691 4392 4688
f 4391 4394 4393
f 4391 4393 4689
f 4689 4690 4391
f 4691 4700 4124
f 4392 4691 4124
f 4125 4401 4393
f 4125 4393 4394
f 4700 4704 4126
f 4124 4700 4126
f 4706 4395 4402
f 4395 4396 4402
f 4402 4396 4403
f 4396 4397 4403
f 4403 4398 4127
f 4397 4398 4403
f 4399 4128 4127
f 4398 4399 4127
f 4400 4129 4128
f 4399 4400 4128
f 4401 4130 4129
f 4400 4401 4129
f 4130 4401 4125
f 4131 4704 4404
f 4126 4704 4131
f 4711 4706 4712
f 4706 4402 4712
f 4712 4402 4411
f 4402 4403 4411
f 4412 4411 4403
f 4127 4412 4403
f 4404 4134 4131
f 4707 4134 4404
f 4135 4134 4707
f 4136 4707 4405
f 4135 4707 4136
f 4406 4137 4136
f 4405 4406 4136
f 4407 4138 4137
f 4406 4407 4137
f 4408 4139 4138
f 4407 4408 4138
f 4409 4140 4139
f 4408 4409 4139
f 4410 4141 4140
f 4409 4410 4140
f 4141 4410 4413
f 4411 4715 4712
f 4716 4411 4412
f 4715 4411 4716
f 4716 4412 4415
f 4141 4413 4416
f 4146 4141 4416
f 4416 4413 4417
f 4413 4414 4417
f 4718 4716 4415
f 4718 4415 4418
f 4146 4416 4719
f 4419 4146 4719
f 4719 4416 4720
f 4416 4417 4720
f 4721 4718 4151
f 4151 4718 4418
f 4419 4722 4422
f 4722 4419 4719
f 4151 4423 4721
f 4423 4723 4721
f 4420 4725 4424
f 4421 4726 4725
f 4420 4421 4725
f 4422 4727 4726
f 4421 4422 4726
f 4727 4422 4722
f 4723 4426 4425
f 4423 4426 4723
f 4156 4424 4724
f 4728 4156 4724
f 4724 4424 4725
f 4729 4425 4157
f 4157 4425 4426
f 4159 4156 4730
f 4156 4728 4730
f 4157 4427 4729
f 4427 4731 4729
f 4161 4159 4732
f 4159 4730 4732
f 4427 4428 4731
f 4428 4733 4731
f 4429 4161 4734
f 4161 4732 4734
f 4428 4430 4733
f 4430 4735 4733
f 4431 4734 4432
f 4429 4734 4431
f 4430 4433 4735
f 4433 4736 4735
f 4432 4165 4431
f 4737 4165 4432
f 4736 4435 4434
f 4433 4435 4736
f 4166 4165 4742
f 4165 4737 4742
f 4167 4439 4434
f 4167 4434 4435
f 4169 4742 4440
f 4166 4742 4169
f 4753 4436 4445
f 4436 4437 4445
f 4445 4437 4446
f 4437 4438 4446
f 4446 4438 4447
f 4438 4439 4447
f 4448 4447 4439
f 4167 4448 4439
f 4440 4172 4169
f 4441 4173 4172
f 4440 4441 4172
f 4442 4174 4173
f 4441 4442 4173
f 4442 4449 4174
f 4443 4449 4442
f 4449 4443 4450
f 4443 4444 4450
f 4450 4444 4451
f 4756 4753 4757
f 4753 4445 4757
f 4757 4445 4758
f 4445 4446 4758
f 4758 4446 4452
f 4446 4447 4452
f 4453 4452 4447
f 4448 4453 4447
f 4174 4449 4456
f 4455 4174 4456
f 4456 4449 4457
f 4449 4450 4457
f 4457 4450 4759
f 4450 4451 4759
f 4451 4754 4759
f 4452 4760 4758
f 4761 4452 4453
f 4760 4452 4761
f 4761 4453 4458
f 4454 4762 4459
f 4455 4763 4762
f 4454 4455 4762
f 4456 4763 4455
f 4764 4763 4456
f 4764 4456 4765
f 4456 4457 4765
f 4457 4759 4765
f 4458 4766 4761
f 4460 4766 4458
f 4459 4767 4181
f 4767 4459 4762
f 4460 4461 4766
f 4461 4768 4766
f 4769 4181 4767
f 4183 4181 4769
f 4461 4462 4768
f 4462 4770 4768
f 4185 4183 4771
f 4183 4769 4771
f 4462 4463 4770
f 4463 4772 4770
f 4464 4185 4773
f 4185 4771 4773
f 4463 4465 4772
f 4465 4774 4772
f 4464 4467 4466
f 4773 4467 4464
f 4465 4468 4774
f 4468 4775 4774
f 4466 4467 4470
f 4469 4466 4470
f 4775 4479 4478
f 4468 4479 4775
f 4777 4469 4470
f 4480 4469 4777
f 4191 4482 4471
f 4472 4192 4191
f 4471 4472 4191
f 4473 4193 4192
f 4472 4473 4192
f 4474 4194 4193
f 4473 4474 4193
f 4475 4195 4194
f 4474 4475 4194
f 4476 4196 4195
f 4475 4476 4195
f 4477 4197 4196
f 4476 4477 4196
f 4478 4198 4197
f 4477 4478 4197
f 4198 4478 4479
f 4201 4777 4483
f 4480 4777 4201
f 4202 4486 4481
f 4482 4203 4202
f 4481 4482 4202
f 4203 4482 4191
f 4483 4210 4201
f 4484 4211 4210
f 4483 4484 4210
f 4485 4212 4211
f 4484 4485 4211
f 4212 4485 4487
f 4489 4781 4486
f 4202 4489 4486
f 4487 4224 4212
f 4488 4225 4224
f 4487 4488 4224
f 4225 4488 4491
f 4492 4781 4489
f 4782 4781 4492
f 4490 4493 4492
f 4489 4490 4492
f 4493 4490 4494
f 4491 4235 4225
f 4235 4491 4503
f 4783 4782 4504
f 4782 4492 4504
f 4504 4492 4505
f 4492 4493 4505
f 4784 4493 4494
f 4505 4493 4784
f 4495 4785 4784
f 4494 4495 4784
f 4496 4786 4785
f 4495 4496 4785
f 4497 4787 4786
f 4496 4497 4786
f 4498 4788 4787
f 4497 4498 4787
f 4499 4789 4788
f 4498 4499 4788
f 4500 4790 4789
f 4499 4500 4789
f 4501 4791 4790
f 4500 4501 4790
f 4502 4792 4791
f 4501 4502 4791
f 4792 4502 4506
f 4235 4503 4793
f 4512 4235 4793
f 4794 4783 4513
f 4783 4504 4513
f 4513 4504 4514
f 4504 4505 4514
f 4505 4784 4514
f 4796 4792 4506
f 4796 4506 4515
f 4507 4798 4516
f 4508 4799 4798
f 4507 4508 4798
f 4509 4800 4799
f 4508 4509 4799
f 4510 4801 4800
f 4509 4510 4800
f 4511 4517 4801
f 4510 4511 4801
f 4517 4511 4518
f 4512 4519 4518
f 4519 4512 4793
f 4803 4794 4804
f 4794 4513 4804
f 4804 4513 4805
f 4513 4514 4805
f 4515 4806 4796
f 4520 4806 4515
f 4242 4516 4797
f 4807 4242 4797
f 4797 4516 4798
f 4517 4808 4801
f 4521 4517 4518
f 4808 4517 4521
f 4519 4521 4518
f 4522 4521 4519
f 4806 4520 4813
f 4813 4520 4523
f 4245 4242 4814
f 4242 4807 4814
f 4815 4808 4524
f 4808 4521 4524
f 4524 4521 4525
f 4521 4522 4525
f 4523 4818 4813
f 4526 4818 4523
f 4527 4245 4814
f 4819 4527 4814
f 4820 4815 4528
f 4815 4524 4528
f 4528 4524 4529
f 4524 4525 4529
f 4526 4533 4818
f 4818 4533 4823
f 4527 4824 4534
f 4819 4824 4527
f 4825 4820 4826
f 4820 4528 4826
f 4826 4528 4827
f 4528 4529 4827
f 4533 4532 4822
f 4822 4823 4533
f 4834 4534 4824
f 4534 4834 4535
f 4530 4537 4828
f 4829 4531 4530
f 4828 4829 4530
f 4830 4532 4531
f 4829 4830 4531
f 4830 4822 4532
f 4835 4535 4834
f 4842 4538 4535
f 4835 4842 4535
f 4538 4842 4539
f 4543 4536 4540
f 4537 4543 4838
f 4536 4543 4537
f 4838 4828 4537
f 4849 4539 4842
f 4544 4539 4849
f 4541 4539 4544
f 4544 4545 4541
f 4546 4540 4542
f 4543 4546 4845
f 4540 4546 4543
f 4845 4838 4543
f 4853 4544 4849
f 4547 4544 4853
f 4545 4544 4547
f 4547 4548 4545
f 4546 4550 4850
f 4542 4550 4546
f 4850 4845 4546
f 4857 4547 4853
f 4551 4547 4857
f 4548 4547 4551
f 4551 4552 4548
f 4550 4549 4854
f 4854 4850 4550
f 4860 4551 4857
f 4553 4551 4860
f 4552 4551 4553
f 4854 4549 4555
f 4861 4854 4555
f 4864 4556 4553
f 4860 4864 4553
f 4556 4557 4553
f 4558 4555 4554
f 4861 4555 4558
f 4865 4861 4558
f 4868 4556 4864
f 4559 4556 4868
f 4557 4556 4559
f 4554 4560 4558
f 4560 4561 4558
f 4865 4558 4561
f 4870 4865 4561
f 4872 4562 4559
f 4868 4872 4559
f 4561 4563 4869
f 4560 4563 4561
f 4869 4870 4561
f 4875 4564 4562
f 4872 4875 4562
f 4869 4563 4565
f 4876 4869 4565
f 4879 4566 4564
f 4875 4879 4564
f 4565 4568 4876
f 4567 4568 4565
f 4876 4568 4880
f 4883 4569 4566
f 4879 4883 4566
f 4567 4570 4568
f 4570 4571 4568
f 4880 4568 4571
f 4884 4880 4571
f 4888 4572 4569
f 4883 4888 4569
f 4570 4573 4571
f 4573 4574 4571
f 4884 4571 4574
f 4889 4884 4574
f 4575 4888 4892
f 4575 4572 4888
f 4576 4572 4575
f 4574 4573 4577
f 4889 4574 4577
f 4893 4889 4577
f 4898 4578 4575
f 4892 4898 4575
f 4575 4578 4576
f 4578 4579 4576
f 4577 4581 4893
f 4580 4581 4577
f 4893 4581 4899
f 4582 4898 4904
f 4582 4578 4898
f 4583 4578 4582
f 4578 4583 4579
f 4581 4580 4584
f 4581 4585 4899
f 4584 4585 4581
f 4899 4585 4905
f 4911 4586 4582
f 4904 4911 4582
f 4582 4586 4583
f 4586 4587 4583
f 4584 4588 4585
f 4588 4589 4585
f 4585 4590 4905
f 4589 4590 4585
f 4905 4590 4912
f 4591 4910 4919
f 4592 4911 4910
f 4591 4592 4910
f 4592 4586 4911
f 4593 4586 4592
f 4586 4593 4587
f 4589 4588 4594
f 4589 4594 4590
f 4594 4595 4590
f 4590 4596 4912
f 4595 4596 4590
f 4912 4596 4920
f 4597 4919 4936
f 4597 4591 4919
f 4598 4591 4597
f 4591 4598 4592
f 4598 4599 4592
f 4592 4599 4593
f 4596 4595 4600
f 4596 4601 4920
f 4600 4601 4596
f 4602 4921 4920
f 4601 4602 4920
f 4921 4602 4937
f 4603 4935 4949
f 4604 4936 4935
f 4603 4604 4935
f 4604 4597 4936
f 4605 4597 4604
f 4597 4605 4598
f 4605 4606 4598
f 4598 4606 4599
f 4601 4600 4607
f 4601 4607 4602
f 4607 4608 4602
f 4602 4609 4937
f 4608 4609 4602
f 4610 4938 4937
f 4609 4610 4937
f 4611 4939 4938
f 4610 4611 4938
f 4612 4940 4939
f 4611 4612 4939
f 4940 4612 4950
f 4613 4946 4954
f 4614 4947 4946
f 4613 4614 4946
f 4615 4948 4947
f 4614 4615 4947
f 4616 4949 4948
f 4615 4616 4948
f 4616 4603 4949
f 4617 4603 4616
f 4603 4617 4604
f 4617 4618 4604
f 4604 4618 4605
f 4610 4609 4619
f 4610 4619 4611
f 4619 4620 4611
f 4611 4620 4612
f 4620 4621 4612
f 4612 4622 4950
f 4621 4622 4612
f 4623 4951 4950
f 4622 4623 4950
f 4624 4952 4951
f 4623 4624 4951
f 4625 4953 4952
f 4624 4625 4952
f 4626 4954 4953
f 4625 4626 4953
f 4626 4613 4954
f 4627 4613 4626
f 4613 4627 4614
f 4627 4628 4614
f 4614 4628 4615
f 4628 4629 4615
f 4615 4629 4616
f 4636 4630 4633
f 4630 4636 4631
f 4636 4637 4631
f 4631 4637 4634
f 4637 4638 4634
f 4638 4635 4634
f 4633 4641 4955
f 4632 4641 4633
f 4956 4636 4633
f 4955 4956 4633
f 4957 4637 4636
f 4956 4957 4636
f 4958 4638 4637
f 4957 4958 4637
f 4960 4635 4638
f 4958 4960 4638
f 4642 4635 4960
f 4639 4635 4642
f 4642 4643 4639
f 4641 4640 4959
f 4959 4955 4641
f 4967 4642 4960
f 4645 4642 4967
f 4643 4642 4645
f 4640 4644 4961
f 4961 4959 4640
f 4970 4645 4967
f 4645 4970 4646
f 4961 4644 4648
f 4972 4961 4648
f 4973 4649 4646
f 4970 4973 4646
f 4648 4647 4971
f 4971 4972 4648
f 4975 4649 4973
f 4649 4975 4650
f 4971 4647 4651
f 4976 4971 4651
f 4977 4652 4650
f 4975 4977 4650
f 4976 4651 4653
f 4979 4976 4653
f 4980 4652 4977
f 4654 4652 4980
f 4655 4978 4653
f 4978 4979 4653
f 4654 4981 4656
f 4980 4981 4654
f 4655 4658 4978
f 4658 4982 4978
f 4983 4659 4656
f 4981 4983 4656
f 4984 4658 4657
f 4982 4658 4984
f 4985 4660 4659
f 4983 4985 4659
f 4984 4657 4661
f 4986 4984 4661
f 4987 4662 4660
f 4985 4987 4660
f 4986 4661 4663
f 4988 4986 4663
f 4989 4664 4662
f 4987 4989 4662
f 4988 4663 4665
f 4990 4988 4665
f 4991 4666 4664
f 4989 4991 4664
f 4990 4665 4667
f 4992 4990 4667
f 4993 4668 4666
f 4991 4993 4666
f 4992 4667 4669
f 4994 4992 4669
f 4995 4670 4668
f 4993 4995 4668
f 4671 4994 4669
f 4996 4994 4671
f 4997 4672 4670
f 4995 4997 4670
f 4671 4673 4996
f 4673 4998 4996
f 4999 4674 4672
f 4997 4999 4672
f 4673 4675 4998
f 4675 5000 4998
f 4999 4676 4674
f 5001 4676 4999
f 4675 4677 5000
f 5000 4677 5002
f 4678 4676 5003
f 4676 5001 5003
f 5002 4677 4679
f 5004 5002 4679
f 4680 5003 5005
f 4678 5003 4680
f 4681 5004 4679
f 5006 5004 4681
f 5005 4682 4680
f 5007 4682 5005
f 4681 4683 5006
f 5006 4683 5008
f 4684 5007 5009
f 4682 5007 4684
f 5008 4683 4685
f 5008 4685 5010
f 4686 5009 5011
f 5009 4686 4684
f 5010 4685 4687
f 5010 4687 5012
f 4688 5011 5015
f 5011 4688 4686
f 4690 5012 4687
f 5022 5012 4690
f 5024 4688 5015
f 4691 4688 5024
f 4689 4393 5021
f 4690 4689 5021
f 5022 4690 5021
f 5024 5030 4700
f 4691 5024 4700
f 4702 4701 4692
f 4702 4692 4703
f 4692 4693 4703
f 4703 4694 4395
f 4693 4694 4703
f 4695 4396 4395
f 4694 4695 4395
f 4696 4397 4396
f 4695 4696 4396
f 4697 4398 4397
f 4696 4697 4397
f 4698 4399 4398
f 4697 4698 4398
f 4699 4400 4399
f 4698 4699 4399
f 5028 4400 4699
f 4401 4400 5028
f 4401 5029 4393
f 5028 5029 4401
f 5029 5021 4393
f 5030 5032 4704
f 4700 5030 4704
f 5043 4701 5044
f 4701 4702 5044
f 5044 4702 4705
f 4702 4703 4705
f 4706 4705 4703
f 4395 4706 4703
f 5032 5045 4404
f 4704 5032 4404
f 4405 5033 4406
f 5033 5034 4406
f 4406 5034 4407
f 5034 5035 4407
f 4407 5035 4408
f 5035 5036 4408
f 4408 5036 4409
f 5036 5037 4409
f 4409 5037 4410
f 5037 5038 4410
f 5038 4708 4410
f 4705 5049 5044
f 4711 5049 4705
f 4706 4711 4705
f 5045 5046 4707
f 4404 5045 4707
f 4405 4707 5046
f 5033 4405 5046
f 4708 4413 4410
f 4709 4414 4413
f 4708 4709 4413
f 4709 4713 4414
f 4710 4713 4709
f 4713 4710 4714
f 5051 5049 4711
f 4712 5052 5051
f 4711 4712 5051
f 5052 4712 4715
f 4414 4713 4717
f 4417 4414 4717
f 4717 4713 5053
f 4713 4714 5053
f 5054 5052 4715
f 4716 5055 5054
f 4715 4716 5054
f 5055 4716 4718
f 4417 4717 5056
f 4720 4417 5056
f 4717 5053 5056
f 4718 5057 5055
f 4721 5057 4718
f 4719 5058 4722
f 4720 5059 5058
f 4719 4720 5058
f 5059 4720 5056
f 4721 4723 5057
f 4723 5060 5057
f 4722 5065 4727
f 5065 4722 5058
f 5067 4723 4425
f 5060 4723 5067
f 4728 4724 5061
f 5068 4728 5061
f 5061 4724 5062
f 4724 4725 5062
f 5062 4725 5063
f 4725 4726 5063
f 5063 4726 5064
f 4726 4727 5064
f 5064 4727 5065
f 4729 5066 4425
f 5066 5067 4425
f 4730 4728 5069
f 4728 5068 5069
f 4729 4731 5066
f 4731 5070 5066
f 4732 4730 5071
f 4730 5069 5071
f 4731 4733 5070
f 4733 5072 5070
f 4734 4732 5073
f 4732 5071 5073
f 4733 4735 5072
f 4735 5074 5072
f 5073 5075 4432
f 4734 5073 4432
f 4735 4736 5074
f 4736 5077 5074
f 4737 4432 5078
f 4432 5075 5078
f 5076 4434 4741
f 4736 4434 5076
f 5077 4736 5076
f 4742 5078 4743
f 4737 5078 4742
f 4436 4749 4738
f 4739 4437 4436
f 4738 4739 4436
f 4740 4438 4437
f 4739 4740 4437
f 4741 4439 4438
f 4740 4741 4438
f 4439 4741 4434
f 4743 4440 4742
f 4744 4441 4440
f 4743 4744 4440
f 4745 4442 4441
f 4744 4745 4441
f 4746 4443 4442
f 4745 4746 4442
f 4747 4444 4443
f 4746 4747 4443
f 4444 4747 4750
f 5088 4748 4752
f 4748 4749 4752
f 4753 4752 4749
f 4436 4753 4749
f 4750 4451 4444
f 4751 4754 4451
f 4750 4751 4451
f 4754 4751 4755
f 4752 5091 5088
f 4756 5091 4752
f 4753 4756 4752
f 4754 5092 4759
f 4755 5092 4754
f 5093 5092 4755
f 5094 5091 4756
f 4757 5095 5094
f 4756 4757 5094
f 4758 5096 5095
f 4757 4758 5095
f 5096 4758 4760
f 4759 5097 4765
f 5097 4759 5092
f 5098 5096 4760
f 4761 5099 5098
f 4760 4761 5098
f 5099 4761 4766
f 4762 5101 4767
f 4763 5102 5101
f 4762 4763 5101
f 4764 5103 5102
f 4763 4764 5102
f 4765 5104 5103
f 4764 4765 5103
f 5104 4765 5097
f 4766 5105 5099
f 4768 5105 4766
f 4769 4767 5100
f 5106 4769 5100
f 5100 4767 5101
f 4768 4770 5105
f 4770 5107 5105
f 4771 4769 5108
f 4769 5106 5108
f 4770 4772 5107
f 4772 5109 5107
f 4773 4771 5110
f 4771 5108 5110
f 4772 4774 5109
f 4774 5111 5109
f 4467 4773 5112
f 4773 5110 5112
f 4774 4775 5111
f 4775 5121 5111
f 4470 5112 5122
f 4467 5112 4470
f 5113 4471 4776
f 4471 5113 4472
f 5113 5114 4472
f 4472 5114 4473
f 5114 5115 4473
f 4473 5115 4474
f 5115 5116 4474
f 4474 5116 4475
f 5116 5117 4475
f 4475 5117 4476
f 5117 5118 4476
f 4476 5118 4477
f 5118 5119 4477
f 4477 5119 4478
f 5119 5120 4478
f 4775 4478 5120
f 5121 4775 5120
f 5122 4777 4470
f 5124 4777 5122
f 5123 4481 4778
f 4482 5123 4776
f 4481 5123 4482
f 4482 4776 4471
f 5124 5125 4483
f 4777 5124 4483
f 4483 5125 4484
f 5125 5126 4484
f 4484 5126 4485
f 5126 5127 4485
f 5127 4779 4485
f 4486 4780 4778
f 4486 4778 4481
f 4779 4487 4485
f 5128 4487 4779
f 4488 4487 5128
f 4781 5129 4780
f 4486 4781 4780
f 5128 5130 4491
f 4488 5128 4491
f 4782 5131 5129
f 4781 4782 5129
f 5130 5132 4503
f 4491 5130 4503
f 4783 5134 5131
f 4782 4783 5131
f 4793 4503 5144
f 4503 5132 5144
f 4794 5145 5134
f 4783 4794 5134
f 4784 4795 4514
f 4784 5135 4795
f 4785 5135 4784
f 5135 4785 5136
f 4785 4786 5136
f 5136 4786 5137
f 4786 4787 5137
f 5137 4787 5138
f 4787 4788 5138
f 5138 4788 5139
f 4788 4789 5139
f 5139 4789 5140
f 4789 4790 5140
f 5140 4790 5141
f 4790 4791 5141
f 5141 4791 5142
f 4791 4792 5142
f 5143 4792 4796
f 5142 4792 5143
f 5143 4796 5146
f 4793 4802 4519
f 5144 4802 4793
f 4803 5151 5145
f 4794 4803 5145
f 4514 4795 5152
f 4805 4514 5152
f 4806 5146 4796
f 5153 5146 4806
f 4807 4797 5147
f 5154 4807 5147
f 5147 4797 5148
f 4797 4798 5148
f 5148 4798 5149
f 4798 4799 5149
f 5149 4799 5150
f 4799 4800 5150
f 5150 4801 5155
f 4800 4801 5150
f 5155 4801 4808
f 4519 4802 4809
f 4522 4519 4809
f 4810 5151 4803
f 5156 5151 4810
f 4804 4811 4810
f 4803 4804 4810
f 4805 4812 4811
f 4804 4805 4811
f 4812 4805 5152
f 4806 4813 5153
f 4813 5158 5153
f 4814 4807 5159
f 4807 5154 5159
f 4815 5160 5155
f 4808 4815 5155
f 4522 4809 4816
f 4525 4522 4816
f 4810 5162 5156
f 5162 4810 4817
f 4810 4811 4817
f 4817 4811 5163
f 4811 4812 5163
f 5164 5158 4813
f 4818 5164 4813
f 4819 4814 5159
f 5165 4819 5159
f 4820 5166 5160
f 4815 4820 5160
f 4525 4816 4821
f 4529 4525 4821
f 5168 5162 5169
f 5162 4817 5169
f 4817 5163 5169
f 5171 5164 4818
f 4823 5171 4818
f 4824 5165 5172
f 4819 5165 4824
f 4825 5173 5166
f 4820 4825 5166
f 4529 4821 5174
f 4827 4529 5174
f 5171 4823 4822
f 5171 4822 4831
f 5171 4831 5178
f 4832 5172 5179
f 4832 4824 5172
f 4833 4824 4832
f 4833 4834 4824
f 5180 5173 4825
f 4826 4836 5180
f 4825 4826 5180
f 4827 4837 4836
f 4826 4827 4836
f 4837 4827 5174
f 4839 4822 4830
f 4831 4839 5177
f 4822 4839 4831
f 5177 5178 4831
f 5191 4832 5179
f 4840 4832 5191
f 4833 4832 4840
f 4833 4840 4834
f 4840 4841 4834
f 4841 4835 4834
f 5194 5180 4843
f 5180 4836 4843
f 4843 4836 4844
f 4836 4837 4844
f 4846 4828 4838
f 4828 4846 4829
f 4846 4847 4829
f 4830 4847 5182
f 4829 4847 4830
f 5183 4839 4830
f 5182 5183 4830
f 5183 5177 4839
f 5192 4840 5191
f 5193 4841 4840
f 5192 5193 4840
f 5207 4835 4841
f 5193 5207 4841
f 4848 4835 5207
f 4842 4835 4848
f 4848 4849 4842
f 5208 5194 5209
f 5194 4843 5209
f 5209 4843 5210
f 4843 4844 5210
f 4851 4838 4845
f 4846 4851 5196
f 4838 4851 4846
f 5197 4847 4846
f 5196 5197 4846
f 5197 5182 4847
f 5218 4848 5207
f 4852 4848 5218
f 4849 4848 4852
f 4852 4853 4849
f 4855 4845 4850
f 4851 4855 5211
f 4845 4855 4851
f 5211 5196 4851
f 5228 4852 5218
f 4856 4852 5228
f 4853 4852 4856
f 4856 4857 4853
f 4858 4850 4854
f 4855 4858 5221
f 4850 4858 4855
f 5221 5211 4855
f 5234 4856 5228
f 4859 4856 5234
f 4857 4856 4859
f 4859 4860 4857
f 4854 4861 4858
f 4861 4862 4858
f 5221 4858 4862
f 5235 5221 4862
f 5240 4863 4859
f 5234 5240 4859
f 4859 4863 4860
f 4863 4864 4860
f 4861 4865 4862
f 4865 4866 4862
f 5235 4862 4866
f 5242 5235 4866
f 5247 4863 5240
f 4867 4863 5247
f 4864 4863 4867
f 4867 4868 4864
f 4866 4870 5241
f 4865 4870 4866
f 5241 5242 4866
f 5253 4871 4867
f 5247 5253 4867
f 4867 4871 4868
f 4871 4872 4868
f 4873 4870 4869
f 5241 4870 4873
f 5254 5241 4873
f 5260 4874 4871
f 5253 5260 4871
f 4871 4874 4872
f 4874 4875 4872
f 4869 4876 4873
f 4876 4877 4873
f 5254 4873 4877
f 5261 5254 4877
f 5267 4878 4874
f 5260 5267 4874
f 4874 4878 4875
f 4878 4879 4875
f 4877 4876 4880
f 4877 4881 5261
f 4880 4881 4877
f 5261 4881 5268
f 5274 4882 4878
f 5267 5274 4878
f 4878 4882 4879
f 4882 4883 4879
f 4880 4884 4881
f 4884 4885 4881
f 5268 4881 4885
f 5275 5268 4885
f 4886 5274 5281
f 4886 4882 5274
f 4887 4882 4886
f 4882 4887 4883
f 4887 4888 4883
f 4884 4889 4885
f 4889 4890 4885
f 5275 4885 4890
f 5282 5275 4890
f 5290 4891 4886
f 5281 5290 4886
f 4886 4891 4887
f 4891 4892 4887
f 4887 4892 4888
f 4889 4893 4890
f 4893 4894 4890
f 4890 4895 5282
f 4894 4895 4890
f 5282 4895 5291
f 4896 5290 5300
f 4896 4891 5290
f 4897 4891 4896
f 4891 4897 4892
f 4897 4898 4892
f 4894 4893 4899
f 4894 4899 4895
f 4899 4900 4895
f 4895 4901 5291
f 4900 4901 4895
f 5291 4901 5301
f 4902 5300 5317
f 4902 4896 5300
f 4903 4896 4902
f 4896 4903 4897
f 4903 4904 4897
f 4897 4904 4898
f 4900 4899 4905
f 4900 4905 4901
f 4905 4906 4901
f 4901 4907 5301
f 4906 4907 4901
f 5301 4907 5318
f 4908 5317 5332
f 4908 4902 5317
f 4909 4902 4908
f 4902 4909 4903
f 4909 4910 4903
f 4903 4910 4904
f 4910 4911 4904
f 4906 4905 4912
f 4906 4912 4907
f 4912 4913 4907
f 4907 4914 5318
f 4913 4914 4907
f 4915 5319 5318
f 4914 4915 5318
f 5319 4915 5333
f 4916 5331 5343
f 4917 5332 5331
f 4916 4917 5331
f 4917 4908 5332
f 4918 4908 4917
f 4908 4918 4909
f 4918 4919 4909
f 4909 4919 4910
f 4913 4912 4920
f 4913 4920 4914
f 4920 4921 4914
f 4914 4921 4915
f 4921 4922 4915
f 4915 4923 5333
f 4922 4923 4915
f 4924 5334 5333
f 4923 4924 5333
f 4925 5335 5334
f 4924 4925 5334
f 4926 5336 5335
f 4925 4926 5335
f 4927 5337 5336
f 4926 4927 5336
f 4928 5338 5337
f 4927 4928 5337
f 4929 5339 5338
f 4928 4929 5338
f 4930 5340 5339
f 4929 4930 5339
f 4931 5341 5340
f 4930 4931 5340
f 4932 5342 5341
f 4931 4932 5341
f 4933 5343 5342
f 4932 4933 5342
f 4933 4916 5343
f 4934 4916 4933
f 4916 4934 4917
f 4934 4935 4917
f 4917 4935 4918
f 4935 4936 4918
f 4918 4936 4919
f 4922 4921 4937
f 4922 4937 4923
f 4937 4938 4923
f 4923 4938 4924
f 4938 4939 4924
f 4924 4939 4925
f 4939 4940 4925
f 4925 4940 4926
f 4940 4941 4926
f 4926 4941 4927
f 4941 4942 4927
f 4927 4942 4928
f 4942 4943 4928
f 4928 4943 4929
f 4943 4944 4929
f 4929 4944 4930
f 4944 4945 4930
f 4930 4945 4931
f 4945 4946 4931
f 4931 4946 4932
f 4946 4947 4932
f 4932 4947 4933
f 4947 4948 4933
f 4933 4948 4934
f 4948 4949 4934
f 4934 4949 4935
f 4941 4940 4950
f 4941 4950 4942
f 4950 4951 4942
f 4942 4951 4943
f 4951 4952 4943
f 4943 4952 4944
f 4952 4953 4944
f 4944 4953 4945
f 4953 4954 4945
f 4945 4954 4946
f 4962 4955 4959
f 4955 4962 4956
f 4962 4963 4956
f 4956 4963 4957
f 4963 4964 4957
f 4957 4964 4958
f 4964 4965 4958
f 4958 4965 4960
f 4965 4966 4960
f 4966 4967 4960
f 4968 4959 4961
f 4962 4968 5344
f 4959 4968 4962
f 5345 4963 4962
f 5344 5345 4962
f 5346 4964 4963
f 5345 5346 4963
f 5347 4965 4964
f 5346 5347 4964
f 5349 4966 4965
f 5347 5349 4965
f 4969 4966 5349
f 4967 4966 4969
f 4969 4970 4967
f 4968 4972 5348
f 4961 4972 4968
f 5348 5344 4968
f 5355 4969 5349
f 4973 4969 5355
f 4970 4969 4973
f 4974 4972 4971
f 5348 4972 4974
f 5357 5348 4974
f 5359 4973 5355
f 4973 5359 4975
f 4974 4976 5356
f 4971 4976 4974
f 5356 5357 4974
f 5360 4977 4975
f 5359 5360 4975
f 5356 4976 4979
f 5362 5356 4979
f 5364 4977 5360
f 4977 5364 4980
f 4979 4978 5361
f 5361 5362 4979
f 5365 4981 4980
f 5364 5365 4980
f 5361 4978 4982
f 5366 5361 4982
f 5367 4983 4981
f 5365 5367 4981
f 5366 4982 4984
f 5368 5366 4984
f 5369 4985 4983
f 5367 5369 4983
f 5368 4984 4986
f 5370 5368 4986
f 5371 4987 4985
f 5369 5371 4985
f 5370 4986 4988
f 5372 5370 4988
f 5373 4987 5371
f 4989 4987 5373
f 5372 4988 4990
f 5374 5372 4990
f 4991 4989 5375
f 4989 5373 5375
f 5374 4990 4992
f 5376 5374 4992
f 4993 4991 5377
f 4991 5375 5377
f 5376 4992 4994
f 5378 5376 4994
f 4995 4993 5379
f 4993 5377 5379
f 5378 4994 4996
f 5380 5378 4996
f 4997 5379 5381
f 4995 5379 4997
f 5380 4996 4998
f 5382 5380 4998
f 5383 4999 4997
f 5381 5383 4997
f 5382 4998 5000
f 5384 5382 5000
f 5385 5001 4999
f 5383 5385 4999
f 5002 5384 5000
f 5386 5384 5002
f 5387 5003 5001
f 5385 5387 5001
f 5002 5004 5386
f 5386 5004 5388
f 5005 5387 5389
f 5387 5005 5003
f 5388 5004 5006
f 5390 5388 5006
f 5391 5007 5005
f 5389 5391 5005
f 5390 5006 5008
f 5390 5008 5392
f 5009 5391 5393
f 5391 5009 5007
f 5392 5008 5010
f 5392 5010 5394
f 5011 5393 5397
f 5393 5011 5009
f 5394 5010 5012
f 5013 5395 5394
f 5012 5013 5394
f 5395 5013 5399
f 5014 5396 5399
f 5015 5397 5396
f 5014 5015 5396
f 5397 5015 5011
f 5013 5022 5398
f 5012 5022 5013
f 5398 5399 5013
f 5409 5014 5399
f 5023 5014 5409
f 5015 5014 5023
f 5023 5024 5015
f 4692 5027 5016
f 5017 4693 4692
f 5016 5017 4692
f 5018 4694 4693
f 5017 5018 4693
f 5019 4695 4694
f 5018 5019 4694
f 5020 4696 4695
f 5019 5020 4695
f 5404 4696 5020
f 4697 4696 5404
f 4697 5404 4698
f 5404 5405 4698
f 4698 5405 4699
f 5405 5411 4699
f 5021 5407 5022
f 5406 5407 5021
f 5407 5398 5022
f 5410 5023 5409
f 5414 5024 5023
f 5410 5414 5023
f 5024 5414 5030
f 5415 5025 5031
f 5025 5026 5031
f 5031 5027 4701
f 5026 5027 5031
f 4701 5027 4692
f 5411 5412 5028
f 4699 5411 5028
f 5028 5412 5029
f 5412 5413 5029
f 5021 5029 5413
f 5406 5021 5413
f 5416 5030 5414
f 5030 5416 5032
f 5031 5425 5415
f 5043 5425 5031
f 4701 5043 5031
f 5427 5032 5416
f 5032 5427 5045
f 5033 5417 5034
f 5417 5418 5034
f 5034 5418 5035
f 5418 5419 5035
f 5035 5419 5036
f 5419 5420 5036
f 5036 5420 5037
f 5420 5421 5037
f 5038 5421 5039
f 5037 5421 5038
f 5040 4708 5038
f 5039 5040 5038
f 5041 4709 4708
f 5040 5041 4708
f 5042 4710 4709
f 5041 5042 4709
f 4710 5042 5047
f 5431 5425 5043
f 5044 5432 5431
f 5043 5044 5431
f 5432 5044 5049
f 5428 5045 5427
f 5428 5046 5045
f 5429 5046 5428
f 5033 5046 5429
f 5417 5033 5429
f 5047 4714 4710
f 5047 5050 4714
f 5048 5050 5047
f 5434 5432 5049
f 5434 5049 5051
f 4714 5050 5438
f 5053 4714 5438
f 5435 5434 5051
f 5435 5052 5439
f 5051 5052 5435
f 5439 5052 5054
f 5053 5443 5056
f 5443 5053 5438
f 5440 5439 5054
f 5440 5054 5441
f 5054 5055 5441
f 5442 5055 5057
f 5441 5055 5442
f 5442 5057 5445
f 5056 5449 5059
f 5449 5056 5443
f 5060 5444 5057
f 5444 5445 5057
f 5065 5058 5447
f 5456 5065 5447
f 5447 5058 5448
f 5058 5059 5448
f 5448 5059 5449
f 5060 5067 5444
f 5067 5457 5444
f 5068 5451 5458
f 5061 5451 5068
f 5452 5451 5061
f 5452 5061 5453
f 5061 5062 5453
f 5453 5062 5454
f 5062 5063 5454
f 5454 5063 5455
f 5063 5064 5455
f 5455 5064 5456
f 5064 5065 5456
f 5459 5067 5066
f 5457 5067 5459
f 5460 5068 5458
f 5069 5068 5460
f 5459 5066 5070
f 5462 5459 5070
f 5071 5069 5463
f 5069 5460 5463
f 5072 5461 5070
f 5461 5462 5070
f 5073 5071 5464
f 5071 5463 5464
f 5072 5074 5461
f 5074 5465 5461
f 5073 5466 5075
f 5464 5466 5073
f 5074 5077 5465
f 5077 5472 5465
f 5473 5078 5075
f 5466 5473 5075
f 5467 4738 5080
f 4738 5467 4739
f 5467 5468 4739
f 4739 5468 4740
f 5468 5469 4740
f 4740 5469 4741
f 5469 5470 4741
f 4741 5470 5076
f 5470 5471 5076
f 5077 5076 5471
f 5472 5077 5471
f 5474 5078 5473
f 5474 4743 5078
f 5475 4743 5474
f 4743 5475 4744
f 5475 5476 4744
f 4744 5476 4745
f 5476 5477 4745
f 4745 5477 4746
f 5477 5478 4746
f 4746 5478 4747
f 5478 5479 4747
f 5479 5081 4747
f 4748 5083 5079
f 5080 4749 4748
f 5079 5080 4748
f 4749 5080 4738
f 5081 4750 4747
f 5082 4751 4750
f 5081 5082 4750
f 4751 5082 5084
f 5087 5086 5083
f 5088 5087 5083
f 4748 5088 5083
f 5084 4755 4751
f 5084 5089 4755
f 5085 5089 5084
f 5089 5085 5090
f 5087 5488 5086
f 5489 5087 5088
f 5488 5087 5489
f 5489 5088 5091
f 4755 5089 5490
f 5093 4755 5490
f 5490 5089 5491
f 5089 5090 5491
f 5492 5489 5091
f 5492 5091 5094
f 5092 5495 5097
f 5093 5496 5495
f 5092 5093 5495
f 5496 5093 5490
f 5493 5492 5094
f 5493 5094 5494
f 5094 5095 5494
f 5494 5096 5497
f 5095 5096 5494
f 5497 5096 5098
f 5097 5506 5104
f 5506 5097 5495
f 5498 5497 5098
f 5498 5098 5499
f 5098 5099 5499
f 5508 5499 5099
f 5105 5508 5099
f 5106 5500 5509
f 5100 5500 5106
f 5501 5500 5100
f 5501 5100 5502
f 5100 5101 5502
f 5502 5101 5503
f 5101 5102 5503
f 5503 5102 5504
f 5102 5103 5504
f 5504 5103 5505
f 5103 5104 5505
f 5505 5104 5506
f 5105 5107 5508
f 5107 5510 5508
f 5511 5108 5106
f 5509 5511 5106
f 5107 5109 5510
f 5109 5512 5510
f 5513 5110 5108
f 5511 5513 5108
f 5109 5111 5512
f 5111 5514 5512
f 5515 5112 5110
f 5513 5515 5110
f 5111 5121 5514
f 5121 5525 5514
f 5515 5122 5112
f 5526 5122 5515
f 4776 5516 5113
f 5516 5517 5113
f 5113 5517 5114
f 5517 5518 5114
f 5114 5518 5115
f 5518 5519 5115
f 5115 5519 5116
f 5519 5520 5116
f 5116 5520 5117
f 5520 5521 5117
f 5117 5521 5118
f 5521 5522 5118
f 5118 5522 5119
f 5522 5523 5119
f 5119 5523 5120
f 5523 5524 5120
f 5121 5120 5524
f 5525 5121 5524
f 5124 5122 5530
f 5122 5526 5530
f 4778 5527 5123
f 5527 5528 5123
f 4776 5123 5528
f 5516 4776 5528
f 5530 5531 5125
f 5124 5530 5125
f 5125 5531 5126
f 5531 5532 5126
f 5126 5532 5127
f 5532 5535 5127
f 5127 5535 4779
f 4778 4780 5533
f 5527 4778 5533
f 5536 4779 5535
f 5536 5128 4779
f 5537 5128 5536
f 4780 5129 5533
f 5129 5538 5533
f 5537 5539 5130
f 5128 5537 5130
f 5129 5131 5538
f 5131 5540 5538
f 5539 5543 5132
f 5130 5539 5132
f 5540 5134 5133
f 5131 5134 5540
f 5142 5541 5550
f 5143 5542 5541
f 5142 5143 5541
f 5542 5143 5551
f 5144 5132 5553
f 5132 5543 5553
f 5145 5554 5133
f 5134 5145 5133
f 4795 5135 5544
f 5555 4795 5544
f 5544 5135 5545
f 5135 5136 5545
f 5545 5136 5546
f 5136 5137 5546
f 5546 5137 5547
f 5137 5138 5547
f 5547 5138 5548
f 5138 5139 5548
f 5548 5139 5549
f 5139 5140 5549
f 5549 5140 5550
f 5140 5141 5550
f 5141 5142 5550
f 5146 5551 5143
f 5556 5551 5146
f 5147 5552 5557
f 5552 5147 5558
f 4802 5144 5561
f 5144 5553 5561
f 5151 5562 5554
f 5145 5151 5554
f 5152 4795 5563
f 4795 5555 5563
f 5146 5153 5556
f 5556 5153 5564
f 5557 5154 5147
f 5565 5154 5557
f 5148 5558 5147
f 5558 5148 5559
f 5148 5149 5559
f 5559 5149 5560
f 5149 5150 5560
f 5566 5560 5150
f 5155 5566 5150
f 4809 4802 5567
f 4802 5561 5567
f 5156 5568 5562
f 5151 5156 5562
f 5152 5157 4812
f 5563 5157 5152
f 5564 5153 5158
f 5569 5564 5158
f 5159 5565 5570
f 5154 5565 5159
f 5155 5160 5566
f 5160 5572 5566
f 4816 5567 5161
f 4809 5567 4816
f 5573 5568 5156
f 5573 5156 5162
f 4812 5157 5574
f 5163 4812 5574
f 5569 5158 5164
f 5569 5164 5575
f 5165 5570 5576
f 5570 5165 5159
f 5160 5166 5572
f 5166 5577 5572
f 4816 5161 5167
f 4821 4816 5167
f 5168 5578 5573
f 5162 5168 5573
f 5163 5170 5169
f 5170 5163 5574
f 5575 5164 5171
f 5575 5171 5580
f 5172 5576 5581
f 5576 5172 5165
f 5166 5173 5577
f 5173 5582 5577
f 4821 5167 5583
f 5174 4821 5583
f 5175 5578 5168
f 5584 5578 5175
f 5169 5176 5175
f 5168 5169 5175
f 5170 5176 5169
f 5585 5176 5170
f 5580 5171 5178
f 5580 5178 5586
f 5179 5581 5590
f 5581 5179 5172
f 5582 5173 5591
f 5591 5173 5180
f 5174 5181 4837
f 5181 5174 5583
f 5175 5593 5584
f 5593 5175 5594
f 5175 5176 5594
f 5176 5585 5594
f 5184 5178 5177
f 5178 5185 5586
f 5184 5185 5178
f 5186 5587 5586
f 5185 5186 5586
f 5187 5588 5587
f 5186 5187 5587
f 5188 5589 5588
f 5187 5188 5588
f 5189 5590 5589
f 5188 5189 5589
f 5189 5179 5590
f 5190 5179 5189
f 5190 5191 5179
f 5194 5596 5591
f 5180 5194 5591
f 4837 5181 5195
f 4844 4837 5195
f 5198 5177 5183
f 5177 5198 5184
f 5198 5199 5184
f 5184 5199 5185
f 5199 5200 5185
f 5185 5200 5186
f 5200 5201 5186
f 5186 5201 5187
f 5201 5202 5187
f 5187 5202 5188
f 5202 5203 5188
f 5188 5203 5189
f 5203 5204 5189
f 5189 5204 5190
f 5204 5205 5190
f 5190 5205 5191
f 5205 5206 5191
f 5206 5192 5191
f 5208 5606 5596
f 5194 5208 5596
f 4844 5195 5607
f 5210 4844 5607
f 5212 5182 5197
f 5182 5212 5183
f 5212 5213 5183
f 5183 5213 5198
f 5213 5214 5198
f 5199 5214 5599
f 5198 5214 5199
f 5600 5200 5199
f 5599 5600 5199
f 5601 5201 5200
f 5600 5601 5200
f 5602 5202 5201
f 5601 5602 5201
f 5603 5203 5202
f 5602 5603 5202
f 5604 5204 5203
f 5603 5604 5203
f 5605 5205 5204
f 5604 5605 5204
f 5610 5206 5205
f 5605 5610 5205
f 5215 5206 5610
f 5192 5206 5215
f 5192 5215 5193
f 5215 5216 5193
f 5193 5216 5207
f 5216 5217 5207
f 5217 5218 5207
f 5611 5606 5208
f 5209 5219 5611
f 5208 5209 5611
f 5210 5220 5219
f 5209 5210 5219
f 5220 5210 5607
f 5222 5196 5211
f 5196 5222 5197
f 5222 5223 5197
f 5197 5223 5212
f 5223 5224 5212
f 5213 5224 5608
f 5212 5224 5213
f 5609 5214 5213
f 5608 5609 5213
f 5609 5599 5214
f 5622 5215 5610
f 5225 5215 5622
f 5216 5215 5225
f 5216 5225 5217
f 5225 5226 5217
f 5217 5226 5218
f 5226 5227 5218
f 5227 5228 5218
f 5624 5611 5625
f 5611 5219 5625
f 5625 5219 5626
f 5219 5220 5626
f 5229 5211 5221
f 5211 5229 5222
f 5229 5230 5222
f 5222 5230 5223
f 5230 5231 5223
f 5224 5231 5613
f 5223 5231 5224
f 5613 5608 5224
f 5623 5225 5622
f 5639 5226 5225
f 5623 5639 5225
f 5232 5226 5639
f 5227 5226 5232
f 5227 5232 5228
f 5232 5233 5228
f 5233 5234 5228
f 5221 5235 5229
f 5235 5236 5229
f 5229 5236 5230
f 5236 5237 5230
f 5231 5237 5627
f 5230 5237 5231
f 5627 5613 5231
f 5654 5238 5232
f 5639 5654 5232
f 5232 5238 5233
f 5238 5239 5233
f 5233 5239 5234
f 5239 5240 5234
f 5235 5242 5236
f 5242 5243 5236
f 5236 5243 5237
f 5243 5244 5237
f 5627 5237 5244
f 5655 5627 5244
f 5670 5238 5654
f 5245 5238 5670
f 5239 5238 5245
f 5239 5245 5240
f 5245 5246 5240
f 5246 5247 5240
f 5248 5242 5241
f 5242 5248 5243
f 5248 5249 5243
f 5243 5249 5244
f 5249 5250 5244
f 5655 5244 5250
f 5671 5655 5250
f 5686 5251 5245
f 5670 5686 5245
f 5245 5251 5246
f 5251 5252 5246
f 5246 5252 5247
f 5252 5253 5247
f 5241 5254 5248
f 5254 5255 5248
f 5248 5255 5249
f 5255 5256 5249
f 5249 5256 5250
f 5256 5257 5250
f 5671 5250 5257
f 5687 5671 5257
f 5702 5258 5251
f 5686 5702 5251
f 5251 5258 5252
f 5258 5259 5252
f 5252 5259 5253
f 5259 5260 5253
f 5254 5261 5255
f 5261 5262 5255
f 5255 5262 5256
f 5262 5263 5256
f 5256 5263 5257
f 5263 5264 5257
f 5687 5257 5264
f 5703 5687 5264
f 5718 5265 5258
f 5702 5718 5258
f 5258 5265 5259
f 5265 5266 5259
f 5259 5266 5260
f 5266 5267 5260
f 5262 5261 5268
f 5262 5268 5263
f 5268 5269 5263
f 5263 5269 5264
f 5269 5270 5264
f 5703 5264 5270
f 5719 5703 5270
f 5271 5718 5733
f 5271 5265 5718
f 5272 5265 5271
f 5265 5272 5266
f 5272 5273 5266
f 5266 5273 5267
f 5273 5274 5267
f 5268 5275 5269
f 5275 5276 5269
f 5269 5276 5270
f 5276 5277 5270
f 5270 5278 5719
f 5277 5278 5270
f 5719 5278 5734
f 5747 5279 5271
f 5733 5747 5271
f 5271 5279 5272
f 5279 5280 5272
f 5272 5280 5273
f 5280 5281 5273
f 5273 5281 5274
f 5275 5282 5276
f 5282 5283 5276
f 5276 5283 5277
f 5283 5284 5277
f 5277 5284 5278
f 5284 5285 5278
f 5278 5286 5734
f 5285 5286 5278
f 5734 5286 5748
f 5287 5747 5759
f 5287 5279 5747
f 5288 5279 5287
f 5279 5288 5280
f 5288 5289 5280
f 5280 5289 5281
f 5289 5290 5281
f 5283 5282 5291
f 5283 5291 5284
f 5291 5292 5284
f 5284 5292 5285
f 5292 5293 5285
f 5285 5293 5286
f 5293 5294 5286
f 5286 5295 5748
f 5294 5295 5286
f 5748 5295 5760
f 5296 5758 5768
f 5297 5759 5758
f 5296 5297 5758
f 5297 5287 5759
f 5298 5287 5297
f 5287 5298 5288
f 5298 5299 5288
f 5288 5299 5289
f 5299 5300 5289
f 5289 5300 5290
f 5292 5291 5301
f 5292 5301 5293
f 5301 5302 5293
f 5293 5302 5294
f 5302 5303 5294
f 5294 5303 5295
f 5303 5304 5295
f 5295 5305 5760
f 5304 5305 5295
f 5306 5761 5760
f 5305 5306 5760
f 5307 5762 5761
f 5306 5307 5761
f 5308 5763 5762
f 5307 5308 5762
f 5309 5764 5763
f 5308 5309 5763
f 5310 5765 5764
f 5309 5310 5764
f 5311 5766 5765
f 5310 5311 5765
f 5312 5767 5766
f 5311 5312 5766
f 5313 5768 5767
f 5312 5313 5767
f 5313 5296 5768
f 5314 5296 5313
f 5296 5314 5297
f 5314 5315 5297
f 5297 5315 5298
f 5315 5316 5298
f 5298 5316 5299
f 5316 5317 5299
f 5299 5317 5300
f 5302 5301 5318
f 5302 5318 5303
f 5318 5319 5303
f 5303 5319 5304
f 5319 5320 5304
f 5304 5320 5305
f 5320 5321 5305
f 5305 5321 5306
f 5321 5322 5306
f 5306 5322 5307
f 5322 5323 5307
f 5307 5323 5308
f 5323 5324 5308
f 5308 5324 5309
f 5324 5325 5309
f 5309 5325 5310
f 5325 5326 5310
f 5310 5326 5311
f 5326 5327 5311
f 5311 5327 5312
f 5327 5328 5312
f 5312 5328 5313
f 5328 5329 5313
f 5313 5329 5314
f 5329 5330 5314
f 5314 5330 5315
f 5330 5331 5315
f 5315 5331 5316
f 5331 5332 5316
f 5316 5332 5317
f 5320 5319 5333
f 5320 5333 5321
f 5333 5334 5321
f 5321 5334 5322
f 5334 5335 5322
f 5322 5335 5323
f 5335 5336 5323
f 5323 5336 5324
f 5336 5337 5324
f 5324 5337 5325
f 5337 5338 5325
f 5325 5338 5326
f 5338 5339 5326
f 5326 5339 5327
f 5339 5340 5327
f 5327 5340 5328
f 5340 5341 5328
f 5328 5341 5329
f 5341 5342 5329
f 5329 5342 5330
f 5342 5343 5330
f 5330 5343 5331
f 5350 5344 5348
f 5344 5350 5345
f 5350 5351 5345
f 5345 5351 5346
f 5351 5352 5346
f 5346 5352 5347
f 5352 5353 5347
f 5347 5353 5349
f 5353 5354 5349
f 5354 5355 5349
f 5350 5357 5769
f 5348 5357 5350
f 5770 5351 5350
f 5769 5770 5350
f 5771 5352 5351
f 5770 5771 5351
f 5772 5353 5352
f 5771 5772 5352
f 5774 5354 5353
f 5772 5774 5353
f 5358 5354 5774
f 5355 5354 5358
f 5358 5359 5355
f 5357 5356 5773
f 5773 5769 5357
f 5780 5358 5774
f 5360 5358 5780
f 5359 5358 5360
f 5773 5356 5362
f 5782 5773 5362
f 5786 5363 5360
f 5780 5786 5360
f 5363 5364 5360
f 5362 5361 5781
f 5781 5782 5362
f 5789 5363 5786
f 5365 5363 5789
f 5364 5363 5365
f 5781 5361 5366
f 5790 5781 5366
f 5791 5367 5365
f 5789 5791 5365
f 5790 5366 5368
f 5792 5790 5368
f 5793 5369 5367
f 5791 5793 5367
f 5792 5368 5370
f 5794 5792 5370
f 5795 5371 5369
f 5793 5795 5369
f 5794 5370 5372
f 5796 5794 5372
f 5797 5371 5795
f 5371 5797 5373
f 5796 5372 5374
f 5799 5796 5374
f 5800 5375 5373
f 5797 5800 5373
f 5376 5798 5374
f 5798 5799 5374
f 5801 5377 5375
f 5800 5801 5375
f 5376 5378 5798
f 5798 5378 5802
f 5803 5379 5377
f 5801 5803 5377
f 5802 5378 5380
f 5804 5802 5380
f 5803 5381 5379
f 5805 5381 5803
f 5804 5380 5382
f 5806 5804 5382
f 5383 5805 5807
f 5381 5805 5383
f 5806 5382 5384
f 5808 5806 5384
f 5809 5385 5383
f 5807 5809 5383
f 5808 5384 5386
f 5810 5808 5386
f 5811 5387 5385
f 5809 5811 5385
f 5810 5386 5388
f 5810 5388 5812
f 5389 5811 5813
f 5811 5389 5387
f 5812 5388 5390
f 5814 5812 5390
f 5816 5391 5389
f 5813 5816 5389
f 5814 5390 5392
f 5814 5392 5817
f 5393 5816 5821
f 5816 5393 5391
f 5817 5392 5394
f 5395 5818 5817
f 5394 5395 5817
f 5818 5395 5824
f 5396 5820 5824
f 5397 5821 5820
f 5396 5397 5820
f 5821 5397 5393
f 5824 5395 5399
f 5824 5399 5396
f 5829 5016 5403
f 5016 5829 5017
f 5829 5830 5017
f 5017 5830 5018
f 5830 5831 5018
f 5018 5831 5019
f 5831 5832 5019
f 5019 5832 5020
f 5832 5833 5020
f 5408 5399 5398
f 5408 5409 5399
f 5838 5401 5025
f 5400 5401 5838
f 5402 5026 5025
f 5401 5402 5025
f 5403 5027 5026
f 5402 5403 5026
f 5027 5403 5016
f 5833 5834 5404
f 5020 5833 5404
f 5404 5834 5405
f 5834 5839 5405
f 5405 5839 5411
f 5398 5407 5835
f 5836 5408 5398
f 5835 5836 5398
f 5842 5409 5408
f 5836 5842 5408
f 5409 5842 5410
f 5415 5852 5838
f 5025 5415 5838
f 5853 5411 5839
f 5411 5853 5412
f 5406 5413 5840
f 5841 5407 5406
f 5840 5841 5406
f 5841 5835 5407
f 5843 5410 5842
f 5857 5414 5410
f 5843 5857 5410
f 5414 5857 5416
f 5039 5844 5040
f 5844 5845 5040
f 5040 5845 5041
f 5845 5846 5041
f 5041 5846 5042
f 5846 5847 5042
f 5847 5422 5042
f 5862 5852 5415
f 5862 5415 5425
f 5863 5412 5853
f 5426 5412 5863
f 5413 5412 5426
f 5840 5413 5426
f 5865 5840 5426
f 5871 5416 5857
f 5416 5871 5427
f 5419 5418 5858
f 5419 5858 5420
f 5858 5859 5420
f 5420 5859 5421
f 5859 5860 5421
f 5039 5421 5860
f 5844 5039 5860
f 5422 5047 5042
f 5423 5048 5047
f 5422 5423 5047
f 5423 5430 5048
f 5424 5430 5423
f 5875 5862 5425
f 5875 5425 5431
f 5864 5426 5863
f 5864 5865 5426
f 5880 5427 5871
f 5427 5880 5428
f 5417 5429 5872
f 5873 5418 5417
f 5872 5873 5417
f 5873 5858 5418
f 5048 5430 5433
f 5050 5048 5433
f 5876 5875 5431
f 5876 5432 5881
f 5431 5432 5876
f 5881 5432 5434
f 5887 5436 5428
f 5880 5887 5428
f 5428 5436 5429
f 5436 5437 5429
f 5872 5429 5437
f 5890 5872 5437
f 5050 5433 5892
f 5438 5050 5892
f 5882 5881 5434
f 5882 5434 5883
f 5434 5435 5883
f 5893 5883 5435
f 5439 5893 5435
f 5888 5436 5887
f 5889 5437 5436
f 5888 5889 5436
f 5889 5890 5437
f 5438 5902 5443
f 5902 5438 5892
f 5893 5439 5894
f 5439 5440 5894
f 5894 5440 5895
f 5440 5441 5895
f 5895 5441 5896
f 5441 5442 5896
f 5897 5442 5445
f 5896 5442 5897
f 5897 5445 5904
f 5446 5889 5905
f 5889 5446 5906
f 5443 5914 5449
f 5914 5443 5902
f 5445 5444 5903
f 5903 5904 5445
f 5916 5450 5446
f 5905 5916 5446
f 5446 5451 5906
f 5450 5451 5446
f 5452 5907 5906
f 5451 5452 5906
f 5453 5908 5907
f 5452 5453 5907
f 5454 5909 5908
f 5453 5454 5908
f 5909 5454 5917
f 5456 5910 5917
f 5447 5910 5456
f 5911 5910 5447
f 5911 5447 5912
f 5447 5448 5912
f 5912 5448 5913
f 5448 5449 5913
f 5913 5449 5914
f 5903 5444 5457
f 5918 5903 5457
f 5919 5458 5450
f 5916 5919 5450
f 5450 5458 5451
f 5455 5917 5454
f 5455 5456 5917
f 5918 5457 5459
f 5920 5918 5459
f 5921 5458 5919
f 5458 5921 5460
f 5920 5459 5462
f 5923 5920 5462
f 5924 5463 5460
f 5921 5924 5460
f 5462 5461 5922
f 5922 5923 5462
f 5925 5464 5463
f 5924 5925 5463
f 5922 5461 5465
f 5926 5922 5465
f 5927 5466 5464
f 5925 5927 5464
f 5926 5465 5472
f 5936 5926 5472
f 5937 5473 5466
f 5927 5937 5466
f 5928 5079 5480
f 5079 5928 5080
f 5928 5929 5080
f 5080 5929 5467
f 5929 5930 5467
f 5467 5930 5468
f 5930 5931 5468
f 5468 5931 5469
f 5931 5932 5469
f 5469 5932 5470
f 5932 5933 5470
f 5470 5933 5471
f 5933 5934 5471
f 5471 5935 5472
f 5934 5935 5471
f 5935 5936 5472
f 5948 5481 5473
f 5937 5948 5473
f 5473 5481 5938
f 5473 5938 5474
f 5474 5938 5475
f 5938 5939 5475
f 5475 5939 5476
f 5939 5940 5476
f 5476 5940 5477
f 5940 5941 5477
f 5477 5941 5478
f 5941 5942 5478
f 5478 5942 5479
f 5942 5943 5479
f 5479 5943 5081
f 5943 5944 5081
f 5081 5944 5082
f 5944 5945 5082
f 5945 5482 5082
f 5083 5484 5480
f 5083 5480 5079
f 5949 5481 5948
f 5949 5938 5481
f 5482 5084 5082
f 5483 5085 5084
f 5482 5483 5084
f 5085 5483 5485
f 5086 5486 5484
f 5086 5484 5083
f 5485 5090 5085
f 5090 5485 5487
f 5953 5486 5086
f 5953 5086 5488
f 5090 5487 5954
f 5491 5090 5954
f 5955 5953 5488
f 5489 5956 5955
f 5488 5489 5955
f 5956 5489 5492
f 5490 5961 5496
f 5491 5962 5961
f 5490 5491 5961
f 5962 5491 5954
f 5957 5956 5492
f 5957 5492 5958
f 5492 5493 5958
f 5958 5493 5959
f 5493 5494 5959
f 5963 5959 5494
f 5497 5963 5494
f 5495 5507 5506
f 5495 5960 5507
f 5496 5960 5495
f 5960 5496 5961
f 5963 5497 5964
f 5497 5498 5964
f 5964 5498 5965
f 5498 5499 5965
f 5966 5499 5508
f 5965 5499 5966
f 5966 5508 5976
f 5509 5500 5969
f 5977 5509 5969
f 5969 5500 5970
f 5500 5501 5970
f 5970 5501 5971
f 5501 5502 5971
f 5971 5502 5972
f 5502 5503 5972
f 5972 5503 5973
f 5503 5504 5973
f 5973 5504 5974
f 5504 5505 5974
f 5974 5505 5975
f 5505 5506 5975
f 5975 5506 5507
f 5976 5508 5510
f 5978 5976 5510
f 5511 5509 5979
f 5509 5977 5979
f 5978 5510 5512
f 5980 5978 5512
f 5513 5979 5981
f 5511 5979 5513
f 5980 5512 5514
f 5982 5980 5514
f 5983 5515 5513
f 5981 5983 5513
f 5982 5514 5525
f 5984 5982 5525
f 5985 5526 5515
f 5983 5985 5515
f 5529 5525 5524
f 5984 5525 5529
f 5996 5984 5529
f 5997 5530 5526
f 5985 5997 5526
f 5516 5528 5986
f 5987 5517 5516
f 5986 5987 5516
f 5988 5518 5517
f 5987 5988 5517
f 5989 5519 5518
f 5988 5989 5518
f 5990 5520 5519
f 5989 5990 5519
f 5991 5521 5520
f 5990 5991 5520
f 5992 5522 5521
f 5991 5992 5521
f 5993 5523 5522
f 5992 5993 5522
f 5994 5524 5523
f 5993 5994 5523
f 5995 5529 5524
f 5994 5995 5524
f 5995 5996 5529
f 6002 5534 5530
f 5997 6002 5530
f 5534 5531 5530
f 5527 5533 5998
f 5999 5528 5527
f 5998 5999 5527
f 5999 5986 5528
f 6003 5534 6002
f 6004 5531 5534
f 6003 6004 5534
f 6005 5532 5531
f 6004 6005 5531
f 6013 5535 5532
f 6005 6013 5532
f 5535 6013 5536
f 5538 6006 5533
f 6006 5998 5533
f 6014 5536 6013
f 6025 5537 5536
f 6014 6025 5536
f 5537 6025 5539
f 5538 5540 6006
f 5540 6026 6006
f 5541 6016 6034
f 5542 6017 6016
f 5541 5542 6016
f 6017 5542 6035
f 6045 5539 6025
f 5539 6045 5543
f 6047 5540 5133
f 6026 5540 6047
f 5544 6028 6048
f 5545 6029 6028
f 5544 5545 6028
f 5546 6030 6029
f 5545 5546 6029
f 5547 6031 6030
f 5546 5547 6030
f 5548 6032 6031
f 5547 5548 6031
f 5549 6033 6032
f 5548 5549 6032
f 5550 6034 6033
f 5549 5550 6033
f 6034 5550 5541
f 6035 5542 5551
f 6035 5551 6049
f 5552 6038 6051
f 6038 5552 6052
f 6056 5543 6045
f 5553 5543 6056
f 5554 6046 5133
f 6046 6047 5133
f 6048 5555 5544
f 6057 5555 6048
f 6049 5551 5556
f 6058 6049 5556
f 5557 6051 6060
f 6051 5557 5552
f 6052 5552 5558
f 5559 6053 6052
f 5558 5559 6052
f 5560 6054 6053
f 5559 5560 6053
f 6054 5560 6061
f 5561 5553 6062
f 5553 6056 6062
f 5554 5562 6046
f 5562 6063 6046
f 5563 5555 6064
f 5555 6057 6064
f 6058 5556 5564
f 6058 5564 6065
f 6067 5565 5557
f 6060 6067 5557
f 5566 6061 5560
f 6068 6061 5566
f 5567 5561 6069
f 5561 6062 6069
f 5562 5568 6063
f 5568 6070 6063
f 5157 5563 6071
f 5563 6064 6071
f 6065 5564 5569
f 6072 6065 5569
f 5570 6067 6076
f 6067 5570 5565
f 6068 5572 5571
f 5566 5572 6068
f 6069 6077 5161
f 5567 6069 5161
f 6070 5568 6078
f 6078 5568 5573
f 5574 5157 6079
f 5157 6071 6079
f 6072 5569 5575
f 6072 5575 6080
f 5576 6076 6086
f 6076 5576 5570
f 5577 6087 5571
f 5572 5577 5571
f 5167 5161 6088
f 5161 6077 6088
f 5578 6089 6078
f 5573 5578 6078
f 5574 5579 5170
f 6079 5579 5574
f 6080 5575 5580
f 6080 5580 6090
f 5581 6086 6094
f 6086 5581 5576
f 5582 6095 6087
f 5577 5582 6087
f 5583 5167 6096
f 5167 6088 6096
f 5584 6097 6089
f 5578 5584 6089
f 5170 5579 6098
f 5585 5170 6098
f 6090 5580 5586
f 5587 6091 6090
f 5586 5587 6090
f 5588 6092 6091
f 5587 5588 6091
f 5589 6093 6092
f 5588 5589 6092
f 5590 6094 6093
f 5589 5590 6093
f 6094 5590 5581
f 5591 6099 6095
f 5582 5591 6095
f 5583 5592 5181
f 6096 5592 5583
f 6100 6097 5584
f 6100 5584 5593
f 5585 5595 5594
f 5595 5585 6098
f 5596 6102 6099
f 5591 5596 6099
f 5181 5592 6103
f 5195 5181 6103
f 5597 6100 5593
f 6104 6100 5597
f 5594 5598 5597
f 5593 5594 5597
f 5595 5598 5594
f 6105 5598 5595
f 5596 6106 6102
f 5606 6106 5596
f 6107 5195 6103
f 5607 5195 6107
f 5597 6109 6104
f 6109 5597 6110
f 5597 5598 6110
f 5598 6105 6110
f 6106 5606 6111
f 6111 5606 5611
f 5607 5612 5220
f 6107 5612 5607
f 5614 5599 5609
f 5599 5614 5600
f 5614 5615 5600
f 5600 5615 5601
f 5615 5616 5601
f 5601 5616 5602
f 5616 5617 5602
f 5602 5617 5603
f 5617 5618 5603
f 5603 5618 5604
f 5618 5619 5604
f 5604 5619 5605
f 5619 5620 5605
f 5605 5620 5610
f 5620 5621 5610
f 5621 5622 5610
f 5624 6113 6111
f 5611 5624 6111
f 5220 5612 6114
f 5626 5220 6114
f 5628 5608 5613
f 5608 5628 5609
f 5628 5629 5609
f 5609 5629 5614
f 5629 5630 5614
f 5614 5630 5615
f 5630 5631 5615
f 5615 5631 5616
f 5631 5632 5616
f 5616 5632 5617
f 5632 5633 5617
f 5617 5633 5618
f 5633 5634 5618
f 5618 5634 5619
f 5634 5635 5619
f 5619 5635 5620
f 5635 5636 5620
f 5620 5636 5621
f 5636 5637 5621
f 5621 5637 5622
f 5637 5638 5622
f 5638 5623 5622
f 6115 6113 5624
f 5625 5640 6115
f 5624 5625 6115
f 5626 6116 5640
f 5625 5626 5640
f 6116 5626 6114
f 5641 5613 5627
f 5613 5641 5628
f 5641 5642 5628
f 5628 5642 5629
f 5642 5643 5629
f 5629 5643 5630
f 5643 5644 5630
f 5630 5644 5631
f 5644 5645 5631
f 5631 5645 5632
f 5645 5646 5632
f 5632 5646 5633
f 5646 5647 5633
f 5633 5647 5634
f 5647 5648 5634
f 5634 5648 5635
f 5648 5649 5635
f 5635 5649 5636
f 5649 5650 5636
f 5636 5650 5637
f 5650 5651 5637
f 5637 5651 5638
f 5651 5652 5638
f 5638 5652 5623
f 5652 5653 5623
f 5623 5653 5639
f 5653 5654 5639
f 5640 6117 6115
f 5640 6116 6117
f 5627 5655 5641
f 5655 5656 5641
f 5641 5656 5642
f 5656 5657 5642
f 5642 5657 5643
f 5657 5658 5643
f 5643 5658 5644
f 5658 5659 5644
f 5644 5659 5645
f 5659 5660 5645
f 5645 5660 5646
f 5660 5661 5646
f 5646 5661 5647
f 5661 5662 5647
f 5647 5662 5648
f 5662 5663 5648
f 5648 5663 5649
f 5663 5664 5649
f 5649 5664 5650
f 5664 5665 5650
f 5650 5665 5651
f 5665 5666 5651
f 5651 5666 5652
f 5666 5667 5652
f 5652 5667 5653
f 5667 5668 5653
f 5653 5668 5654
f 5668 5669 5654
f 5669 5670 5654
f 5655 5671 5656
f 5671 5672 5656
f 5656 5672 5657
f 5672 5673 5657
f 5657 5673 5658
f 5673 5674 5658
f 5658 5674 5659
f 5674 5675 5659
f 5659 5675 5660
f 5675 5676 5660
f 5660 5676 5661
f 5676 5677 5661
f 5661 5677 5662
f 5677 5678 5662
f 5662 5678 5663
f 5678 5679 5663
f 5663 5679 5664
f 5679 5680 5664
f 5664 5680 5665
f 5680 5681 5665
f 5665 5681 5666
f 5681 5682 5666
f 5666 5682 5667
f 5682 5683 5667
f 5667 5683 5668
f 5683 5684 5668
f 5668 5684 5669
f 5684 5685 5669
f 5669 5685 5670
f 5685 5686 5670
f 5671 5687 5672
f 5687 5688 5672
f 5672 5688 5673
f 5688 5689 5673
f 5673 5689 5674
f 5689 5690 5674
f 5674 5690 5675
f 5690 5691 5675
f 5675 5691 5676
f 5691 5692 5676
f 5676 5692 5677
f 5692 5693 5677
f 5677 5693 5678
f 5693 5694 5678
f 5678 5694 5679
f 5694 5695 5679
f 5679 5695 5680
f 5695 5696 5680
f 5680 5696 5681
f 5696 5697 5681
f 5681 5697 5682
f 5697 5698 5682
f 5682 5698 5683
f 5698 5699 5683
f 5683 5699 5684
f 5699 5700 5684
f 5684 5700 5685
f 5700 5701 5685
f 5685 5701 5686
f 5701 5702 5686
f 5687 5703 5688
f 5703 5704 5688
f 5688 5704 5689
f 5704 5705 5689
f 5689 5705 5690
f 5705 5706 5690
f 5690 5706 5691
f 5706 5707 5691
f 5691 5707 5692
f 5707 5708 5692
f 5692 5708 5693
f 5708 5709 5693
f 5693 5709 5694
f 5709 5710 5694
f 5694 5710 5695
f 5710 5711 5695
f 5695 5711 5696
f 5711 5712 5696
f 5696 5712 5697
f 5712 5713 5697
f 5697 5713 5698
f 5713 5714 5698
f 5698 5714 5699
f 5714 5715 5699
f 5699 5715 5700
f 5715 5716 5700
f 5700 5716 5701
f 5716 5717 5701
f 5701 5717 5702
f 5717 5718 5702
f 5703 5719 5704
f 5719 5720 5704
f 5704 5720 5705
f 5720 5721 5705
f 5705 5721 5706
f 5721 5722 5706
f 5706 5722 5707
f 5722 5723 5707
f 5707 5723 5708
f 5723 5724 5708
f 5708 5724 5709
f 5724 5725 5709
f 5709 5725 5710
f 5725 5726 5710
f 5710 5726 5711
f 5726 5727 5711
f 5711 5727 5712
f 5727 5728 5712
f 5712 5728 5713
f 5728 5729 5713
f 5713 5729 5714
f 5729 5730 5714
f 5714 5730 5715
f 5730 5731 5715
f 5715 5731 5716
f 5731 5732 5716
f 5716 5732 5717
f 5732 5733 5717
f 5717 5733 5718
f 5720 5719 5734
f 5720 5734 5721
f 5734 5735 5721
f 5721 5735 5722
f 5735 5736 5722
f 5722 5736 5723
f 5736 5737 5723
f 5723 5737 5724
f 5737 5738 5724
f 5724 5738 5725
f 5738 5739 5725
f 5725 5739 5726
f 5739 5740 5726
f 5726 5740 5727
f 5740 5741 5727
f 5727 5741 5728
f 5741 5742 5728
f 5728 5742 5729
f 5742 5743 5729
f 5729 5743 5730
f 5743 5744 5730
f 5730 5744 5731
f 5744 5745 5731
f 5731 5745 5732
f 5745 5746 5732
f 5732 5746 5733
f 5746 5747 5733
f 5735 5734 5748
f 5735 5748 5736
f 5748 5749 5736
f 5736 5749 5737
f 5749 5750 5737
f 5737 5750 5738
f 5750 5751 5738
f 5738 5751 5739
f 5751 5752 5739
f 5739 5752 5740
f 5752 5753 5740
f 5740 5753 5741
f 5753 5754 5741
f 5741 5754 5742
f 5754 5755 5742
f 5742 5755 5743
f 5755 5756 5743
f 5743 5756 5744
f 5756 5757 5744
f 5744 5757 5745
f 5757 5758 5745
f 5745 5758 5746
f 5758 5759 5746
f 5746 5759 5747
f 5749 5748 5760
f 5749 5760 5750
f 5760 5761 5750
f 5750 5761 5751
f 5761 5762 5751
f 5751 5762 5752
f 5762 5763 5752
f 5752 5763 5753
f 5763 5764 5753
f 5753 5764 5754
f 5764 5765 5754
f 5754 5765 5755
f 5765 5766 5755
f 5755 5766 5756
f 5766 5767 5756
f 5756 5767 5757
f 5767 5768 5757
f 5757 5768 5758
f 5775 5769 5773
f 5769 5775 5770
f 5775 5776 5770
f 5770 5776 5771
f 5776 5777 5771
f 5771 5777 5772
f 5777 5778 5772
f 5772 5778 5774
f 5778 5779 5774
f 5779 5780 5774
f 5773 5782 5775
f 5782 5783 5775
f 5775 5783 5776
f 5783 5784 5776
f 5777 5784 6119
f 5776 5784 5777
f 6122 5778 5777
f 6119 6122 5777
f 5785 5778 6122
f 5779 5778 5785
f 5779 5785 5780
f 5785 5786 5780
f 5787 5782 5781
f 5783 5787 6120
f 5782 5787 5783
f 6121 5784 5783
f 6120 6121 5783
f 6121 6119 5784
f 6126 5785 6122
f 5788 5785 6126
f 5786 5785 5788
f 5788 5789 5786
f 5787 5790 6123
f 5781 5790 5787
f 6123 6120 5787
f 6132 5788 6126
f 5791 5788 6132
f 5789 5788 5791
f 6123 5790 5792
f 6133 6123 5792
f 6139 5793 5791
f 6132 6139 5791
f 6133 5792 5794
f 6140 6133 5794
f 6143 5795 5793
f 6139 6143 5793
f 6140 5794 5796
f 6144 6140 5796
f 6146 5795 6143
f 5795 6146 5797
f 6144 5796 5799
f 6148 6144 5799
f 6150 5800 5797
f 6146 6150 5797
f 5799 5798 6147
f 6147 6148 5799
f 6153 5801 5800
f 6150 6153 5800
f 6147 5798 5802
f 6147 5802 6154
f 6156 5803 5801
f 6153 6156 5801
f 6154 5802 5804
f 6157 6154 5804
f 6159 5805 5803
f 6156 6159 5803
f 6157 5804 5806
f 6160 6157 5806
f 5807 6159 6161
f 6159 5807 5805
f 6160 5806 5808
f 6162 6160 5808
f 6164 5809 5807
f 6161 6164 5807
f 6162 5808 5810
f 6165 6162 5810
f 6168 5811 5809
f 6164 6168 5809
f 6165 5810 5812
f 6165 5812 6169
f 5813 6168 6173
f 6168 5813 5811
f 5812 5815 6169
f 5814 5815 5812
f 6169 5815 6174
f 6177 5816 5813
f 6173 6177 5813
f 5815 5814 5817
f 5815 5818 6174
f 5817 5818 5815
f 5819 6175 6174
f 5818 5819 6174
f 5820 6176 6175
f 5819 5820 6175
f 5821 6177 6176
f 5820 5821 6176
f 6177 5821 5816
f 5819 5818 5824
f 5819 5824 5820
f 6182 5822 5825
f 5822 5823 5825
f 5825 5823 5826
f 6188 5825 5400
f 6182 5825 6188
f 5826 5401 5400
f 5825 5826 5400
f 5827 5402 5401
f 5826 5827 5401
f 5828 5403 5402
f 5827 5828 5402
f 6183 5403 5828
f 5829 5403 6183
f 5829 6183 5830
f 6183 6184 5830
f 5830 6184 5831
f 6184 6185 5831
f 5831 6185 5832
f 6185 6189 5832
f 5832 6189 5833
f 5838 6194 6188
f 5400 5838 6188
f 6190 5833 6189
f 6190 5834 5833
f 6195 5834 6190
f 5834 6195 5839
f 5850 5849 5837
f 5850 5837 5851
f 5852 6199 6194
f 5838 5852 6194
f 6200 5839 6195
f 5839 6200 5853
f 5854 5835 5841
f 5835 5854 5836
f 5854 5855 5836
f 5836 5855 5842
f 5855 5856 5842
f 5856 5843 5842
f 5846 5845 6196
f 5846 6196 5847
f 6196 6197 5847
f 5422 6197 5848
f 5847 6197 5422
f 5849 5423 5422
f 5848 5849 5422
f 5850 5424 5423
f 5849 5850 5423
f 5850 5861 5424
f 5851 5861 5850
f 6204 6199 5852
f 6204 5852 5862
f 6207 5853 6200
f 5853 6207 5863
f 5840 5865 5841
f 5865 5866 5841
f 5841 5866 5854
f 5866 5867 5854
f 5855 5867 6210
f 5854 5867 5855
f 5868 5855 6210
f 5856 5855 5868
f 5856 5868 5843
f 5868 5869 5843
f 5843 5869 5857
f 5869 5870 5857
f 5870 5871 5857
f 5844 5860 6201
f 6202 5845 5844
f 6201 6202 5844
f 6202 6196 5845
f 5424 5861 5874
f 5430 5424 5874
f 6205 6204 5862
f 6215 6205 5862
f 5875 6215 5862
f 6219 5863 6207
f 5863 6219 5864
f 5877 5865 5864
f 5866 5877 6208
f 5865 5877 5866
f 6209 5867 5866
f 6208 6209 5866
f 6209 6210 5867
f 6211 5868 6210
f 6222 5869 5868
f 6211 6222 5868
f 5878 5869 6222
f 5870 5869 5878
f 5870 5878 5871
f 5878 5879 5871
f 5879 5880 5871
f 5858 5873 6212
f 6213 5859 5858
f 6212 6213 5858
f 6214 5860 5859
f 6213 6214 5859
f 6214 6201 5860
f 5430 5874 6223
f 5433 5430 6223
f 6215 5875 6216
f 5875 5876 6216
f 6224 6216 5876
f 5881 6224 5876
f 5884 6219 6231
f 5884 5864 6219
f 5885 5864 5884
f 5877 5885 6220
f 5864 5885 5877
f 6220 6208 5877
f 6238 5878 6222
f 5886 5878 6238
f 5879 5878 5886
f 5879 5886 5880
f 5886 5887 5880
f 5872 5890 5873
f 5890 5891 5873
f 6212 5873 5891
f 6239 6212 5891
f 6241 5433 6223
f 5892 5433 6241
f 6224 5881 6225
f 5881 5882 6225
f 6225 5882 6226
f 5882 5883 6226
f 6227 5883 5893
f 6226 5883 6227
f 5894 6228 6227
f 5893 5894 6227
f 5895 6229 6228
f 5894 5895 6228
f 5896 6230 6229
f 5895 5896 6229
f 5897 6231 6230
f 5896 5897 6230
f 5897 5884 6231
f 5898 5884 5897
f 5885 5898 6232
f 5884 5898 5885
f 6232 6220 5885
f 6249 5886 6238
f 5899 5886 6249
f 5887 5886 5899
f 5899 5888 5887
f 5900 5890 5889
f 5890 5900 5891
f 5900 5901 5891
f 6239 5891 5901
f 6250 6239 5901
f 5902 5892 6241
f 6253 5902 6241
f 5898 5897 5904
f 6232 5898 5904
f 6254 6232 5904
f 6263 5899 6249
f 5905 5899 6263
f 5888 5899 5905
f 5888 5905 5889
f 5900 5889 5906
f 5900 5906 5901
f 5906 5907 5901
f 5901 5908 6250
f 5907 5908 5901
f 5909 6251 6250
f 5908 5909 6250
f 6251 5909 6264
f 5914 5902 6253
f 6269 5914 6253
f 5915 5904 5903
f 6254 5904 5915
f 6271 6254 5915
f 6278 5916 5905
f 6263 6278 5905
f 6264 5909 5917
f 5910 6264 5917
f 6265 6264 5910
f 6265 5910 6266
f 5910 5911 6266
f 6266 5911 6267
f 5911 5912 6267
f 6267 5912 6268
f 5912 5913 6268
f 6268 5913 6269
f 5913 5914 6269
f 5915 5918 6270
f 5903 5918 5915
f 6270 6271 5915
f 6283 5919 5916
f 6278 6283 5916
f 6270 5918 5920
f 6284 6270 5920
f 6289 5919 6283
f 5919 6289 5921
f 6284 5920 5923
f 6291 6284 5923
f 6295 5924 5921
f 6289 6295 5921
f 5923 5922 6290
f 6290 6291 5923
f 6299 5925 5924
f 6295 6299 5924
f 6290 5922 5926
f 6300 6290 5926
f 6304 5927 5925
f 6299 6304 5925
f 6300 5926 5936
f 6311 6300 5936
f 6314 5937 5927
f 6304 6314 5927
f 6305 5480 5946
f 5480 6305 5928
f 6305 6306 5928
f 5928 6306 5929
f 6306 6307 5929
f 5929 6307 5930
f 6307 6308 5930
f 5930 6308 5931
f 6308 6309 5931
f 5931 6309 5932
f 6309 6310 5932
f 5932 6310 5933
f 6310 6318 5933
f 5933 6318 5934
f 5947 5936 5935
f 6311 5936 5947
f 6322 6311 5947
f 6325 5948 5937
f 6314 6325 5937
f 5482 5945 6315
f 5482 6315 5483
f 6315 6316 5483
f 6316 5950 5483
f 5484 5951 5946
f 5484 5946 5480
f 6319 5934 6318
f 6320 5935 5934
f 6319 6320 5934
f 6321 5947 5935
f 6320 6321 5935
f 6321 6322 5947
f 6340 5948 6325
f 5948 6340 5949
f 5938 5949 6326
f 6327 5939 5938
f 6326 6327 5938
f 6328 5940 5939
f 6327 6328 5939
f 6329 5941 5940
f 6328 6329 5940
f 6330 5942 5941
f 6329 6330 5941
f 6331 5943 5942
f 6330 6331 5942
f 6332 5944 5943
f 6331 6332 5943
f 6333 5945 5944
f 6332 6333 5944
f 6333 6315 5945
f 5950 5485 5483
f 5485 5950 5952
f 6343 5951 5486
f 5486 5951 5484
f 6341 5949 6340
f 6341 6326 5949
f 5952 5487 5485
f 6352 5487 5952
f 6343 5486 6354
f 6354 5486 5953
f 5954 5487 6364
f 5487 6352 6364
f 6366 6354 5953
f 6366 5953 5955
f 5954 6392 5962
f 6364 6392 5954
f 6367 6366 5955
f 6367 5955 6368
f 5955 5956 6368
f 6368 5956 6369
f 5956 5957 6369
f 6369 5957 6370
f 5957 5958 6370
f 6370 5958 6371
f 5958 5959 6371
f 6372 5959 5963
f 6371 5959 6372
f 5964 6373 6372
f 5963 5964 6372
f 5965 6374 6373
f 5964 5965 6373
f 5966 6375 6374
f 5965 5966 6374
f 5967 6376 6375
f 5966 5967 6375
f 6376 5967 6393
f 5968 6381 6396
f 5969 6382 6381
f 5968 5969 6381
f 5970 6383 6382
f 5969 5970 6382
f 5971 6384 6383
f 5970 5971 6383
f 5972 6385 6384
f 5971 5972 6384
f 5973 6386 6385
f 5972 5973 6385
f 5974 6387 6386
f 5973 5974 6386
f 5975 6388 6387
f 5974 5975 6387
f 5507 6389 6388
f 5975 5507 6388
f 5960 6389 5507
f 6390 6389 5960
f 6390 5961 6397
f 5960 5961 6390
f 5961 6391 6397
f 5962 6391 5961
f 6391 5962 6392
f 5967 5966 5976
f 6393 5967 5976
f 6398 6393 5976
f 6401 5977 5968
f 6396 6401 5968
f 5968 5977 5969
f 6398 5976 5978
f 6402 6398 5978
f 6406 5979 5977
f 6401 6406 5977
f 6402 5978 5980
f 6407 6402 5980
f 5981 6406 6410
f 6406 5981 5979
f 6407 5980 5982
f 6411 6407 5982
f 6414 5983 5981
f 6410 6414 5981
f 6411 5982 5984
f 6415 6411 5984
f 6419 5985 5983
f 6414 6419 5983
f 6415 5984 5996
f 6420 6415 5996
f 6424 5997 5985
f 6419 6424 5985
f 6000 5996 5995
f 5996 6001 6420
f 6000 6001 5996
f 6420 6001 6431
f 6435 6002 5997
f 6424 6435 5997
f 6007 5986 5999
f 5987 6007 6425
f 5986 6007 5987
f 6426 5988 5987
f 6425 6426 5987
f 6427 5989 5988
f 6426 6427 5988
f 6428 5990 5989
f 6427 6428 5989
f 6429 5991 5990
f 6428 6429 5990
f 6430 5992 5991
f 6429 6430 5991
f 6439 5993 5992
f 6430 6439 5992
f 6008 5993 6439
f 5994 5993 6008
f 5994 6008 5995
f 6008 6009 5995
f 5995 6009 6000
f 6009 6010 6000
f 6000 6010 6001
f 6010 6011 6001
f 6431 6001 6011
f 6440 6431 6011
f 6445 6012 6002
f 6435 6445 6002
f 6012 6003 6002
f 5998 6006 6436
f 6437 5999 5998
f 6436 6437 5998
f 6438 6007 5999
f 6437 6438 5999
f 6438 6425 6007
f 6452 6015 6008
f 6439 6452 6008
f 6008 6015 6009
f 6015 6016 6009
f 6009 6016 6010
f 6016 6017 6010
f 6010 6017 6011
f 6017 6018 6011
f 6440 6011 6018
f 6453 6440 6018
f 6019 6445 6459
f 6019 6012 6445
f 6020 6012 6019
f 6012 6020 6003
f 6020 6021 6003
f 6003 6021 6004
f 6021 6022 6004
f 6004 6022 6005
f 6022 6023 6005
f 6005 6023 6013
f 6023 6024 6013
f 6024 6014 6013
f 6436 6006 6026
f 6461 6436 6026
f 6027 6446 6463
f 6028 6447 6446
f 6027 6028 6446
f 6029 6448 6447
f 6028 6029 6447
f 6030 6449 6448
f 6029 6030 6448
f 6031 6450 6449
f 6030 6031 6449
f 6032 6451 6450
f 6031 6032 6450
f 6033 6452 6451
f 6032 6033 6451
f 6033 6015 6452
f 6034 6015 6033
f 6015 6034 6016
f 6018 6017 6035
f 6018 6036 6453
f 6035 6036 6018
f 6453 6036 6464
f 6473 6037 6019
f 6459 6473 6019
f 6019 6037 6020
f 6037 6038 6020
f 6020 6038 6021
f 6038 6039 6021
f 6021 6039 6022
f 6039 6040 6022
f 6022 6040 6023
f 6040 6041 6023
f 6023 6041 6024
f 6041 6042 6024
f 6024 6042 6014
f 6042 6043 6014
f 6014 6043 6025
f 6043 6044 6025
f 6044 6045 6025
f 6047 6460 6026
f 6460 6461 6026
f 6476 6027 6463
f 6476 6048 6028
f 6476 6028 6027
f 6036 6035 6049
f 6464 6036 6049
f 6477 6464 6049
f 6050 6473 6485
f 6050 6037 6473
f 6051 6037 6050
f 6037 6051 6038
f 6039 6038 6052
f 6039 6052 6040
f 6052 6053 6040
f 6040 6053 6041
f 6053 6054 6041
f 6041 6054 6042
f 6054 6055 6042
f 6043 6055 6474
f 6042 6055 6043
f 6475 6044 6043
f 6474 6475 6043
f 6486 6045 6044
f 6475 6486 6044
f 6045 6486 6056
f 6488 6047 6046
f 6460 6047 6488
f 6057 6048 6489
f 6048 6476 6489
f 6049 6059 6477
f 6058 6059 6049
f 6477 6059 6490
f 6497 6060 6050
f 6485 6497 6050
f 6050 6060 6051
f 6055 6054 6061
f 6474 6055 6061
f 6499 6474 6061
f 6501 6062 6056
f 6486 6501 6056
f 6063 6487 6046
f 6487 6488 6046
f 6064 6057 6502
f 6057 6489 6502
f 6059 6058 6065
f 6490 6059 6065
f 6503 6490 6065
f 6066 6497 6509
f 6066 6060 6497
f 6067 6060 6066
f 6068 6498 6061
f 6498 6499 6061
f 6510 6062 6501
f 6069 6062 6510
f 6063 6070 6487
f 6070 6511 6487
f 6071 6064 6512
f 6064 6502 6512
f 6065 6073 6503
f 6072 6073 6065
f 6074 6504 6503
f 6073 6074 6503
f 6504 6074 6513
f 6075 6509 6516
f 6075 6066 6509
f 6076 6066 6075
f 6066 6076 6067
f 6517 6068 5571
f 6498 6068 6517
f 6069 6518 6077
f 6510 6518 6069
f 6070 6078 6511
f 6078 6519 6511
f 6079 6071 6520
f 6071 6512 6520
f 6073 6072 6080
f 6073 6080 6074
f 6080 6081 6074
f 6074 6082 6513
f 6081 6082 6074
f 6083 6514 6513
f 6082 6083 6513
f 6084 6515 6514
f 6083 6084 6514
f 6085 6516 6515
f 6084 6085 6515
f 6085 6075 6516
f 6086 6075 6085
f 6075 6086 6076
f 6517 5571 6087
f 6522 6517 6087
f 6523 6088 6077
f 6518 6523 6077
f 6078 6089 6519
f 6089 6524 6519
f 5579 6079 6525
f 6079 6520 6525
f 6081 6080 6090
f 6081 6090 6082
f 6090 6091 6082
f 6082 6091 6083
f 6091 6092 6083
f 6083 6092 6084
f 6092 6093 6084
f 6084 6093 6085
f 6093 6094 6085
f 6085 6094 6086
f 6095 6521 6087
f 6521 6522 6087
f 6526 6088 6523
f 6096 6088 6526
f 6089 6097 6524
f 6097 6527 6524
f 6098 5579 6528
f 5579 6525 6528
f 6095 6099 6521
f 6099 6529 6521
f 5592 6096 6530
f 6096 6526 6530
f 6527 6097 6531
f 6531 6097 6100
f 6098 6101 5595
f 6528 6101 6098
f 6099 6102 6529
f 6102 6532 6529
f 6103 5592 6533
f 5592 6530 6533
f 6104 6534 6531
f 6100 6104 6531
f 5595 6101 6535
f 6105 5595 6535
f 6532 6102 6536
f 6536 6102 6106
f 6103 6108 6107
f 6533 6108 6103
f 6537 6534 6104
f 6537 6104 6109
f 6105 6538 6110
f 6538 6105 6535
f 6106 6539 6536
f 6111 6539 6106
f 6107 6108 6112
f 5612 6107 6112
f 6540 6537 6109
f 6110 6541 6540
f 6109 6110 6540
f 6541 6110 6538
f 6111 6113 6539
f 6113 6542 6539
f 6543 5612 6112
f 6114 5612 6543
f 6542 6113 6546
f 6546 6113 6115
f 6114 6547 6116
f 6543 6547 6114
f 6550 6546 6115
f 6550 6115 6117
f 6116 6118 6117
f 6118 6116 6547
f 6553 6550 6117
f 6552 6550 6553
f 6118 6553 6117
f 6554 6553 6118
f 6124 6119 6121
f 6119 6124 6122
f 6124 6125 6122
f 6125 6126 6122
f 6127 6120 6123
f 6120 6127 6121
f 6127 6128 6121
f 6121 6128 6124
f 6128 6129 6124
f 6124 6129 6125
f 6129 6130 6125
f 6125 6130 6126
f 6130 6131 6126
f 6131 6132 6126
f 6123 6133 6127
f 6133 6134 6127
f 6127 6134 6128
f 6134 6135 6128
f 6128 6135 6129
f 6135 6136 6129
f 6129 6136 6130
f 6136 6137 6130
f 6130 6137 6131
f 6137 6138 6131
f 6131 6138 6132
f 6138 6139 6132
f 6133 6140 6134
f 6140 6141 6134
f 6135 6141 6557
f 6134 6141 6135
f 6558 6136 6135
f 6557 6558 6135
f 6560 6137 6136
f 6558 6560 6136
f 6142 6137 6560
f 6138 6137 6142
f 6138 6142 6139
f 6142 6143 6139
f 6141 6144 6559
f 6140 6144 6141
f 6559 6557 6141
f 6564 6142 6560
f 6145 6142 6564
f 6143 6142 6145
f 6145 6146 6143
f 6559 6144 6148
f 6565 6559 6148
f 6569 6149 6145
f 6564 6569 6145
f 6145 6149 6146
f 6149 6150 6146
f 6151 6148 6147
f 6565 6148 6151
f 6570 6565 6151
f 6574 6152 6149
f 6569 6574 6149
f 6149 6152 6150
f 6152 6153 6150
f 6151 6147 6154
f 6570 6151 6154
f 6575 6570 6154
f 6579 6155 6152
f 6574 6579 6152
f 6152 6155 6153
f 6155 6156 6153
f 6575 6154 6157
f 6580 6575 6157
f 6584 6158 6155
f 6579 6584 6155
f 6155 6158 6156
f 6158 6159 6156
f 6580 6157 6160
f 6585 6580 6160
f 6589 6161 6158
f 6584 6589 6158
f 6158 6161 6159
f 6160 6163 6585
f 6162 6163 6160
f 6585 6163 6590
f 6593 6164 6161
f 6589 6593 6161
f 6162 6165 6163
f 6165 6166 6163
f 6590 6163 6166
f 6594 6590 6166
f 6167 6593 6596
f 6167 6164 6593
f 6168 6164 6167
f 6166 6165 6169
f 6166 6170 6594
f 6169 6170 6166
f 6171 6595 6594
f 6170 6171 6594
f 6172 6596 6595
f 6171 6172 6595
f 6172 6167 6596
f 6173 6167 6172
f 6167 6173 6168
f 6170 6169 6174
f 6170 6174 6171
f 6174 6175 6171
f 6171 6175 6172
f 6175 6176 6172
f 6172 6176 6173
f 6176 6177 6173
f 6602 6179 5822
f 6178 6179 6602
f 6180 5823 5822
f 6179 6180 5822
f 5823 6180 6181
f 6182 6607 6602
f 5822 6182 6602
f 6181 5826 5823
f 6608 5826 6181
f 5827 5826 6608
f 5827 6608 5828
f 6188 6613 6607
f 6182 6188 6607
f 6609 5828 6608
f 6609 6183 5828
f 6610 6183 6609
f 6183 6610 6184
f 6610 6614 6184
f 6184 6614 6185
f 5837 6191 6186
f 6186 6192 5837
f 6187 6192 6186
f 6192 6187 6193
f 6194 6619 6613
f 6188 6194 6613
f 6615 6185 6614
f 6620 6189 6185
f 6615 6620 6185
f 6189 6620 6190
f 5849 6616 6191
f 5848 6616 5849
f 5849 6191 5837
f 6192 5851 5837
f 6192 6198 5851
f 6193 6198 6192
f 6194 6625 6619
f 6199 6625 6194
f 6621 6190 6620
f 6627 6195 6190
f 6621 6627 6190
f 6195 6627 6200
f 6197 6196 6622
f 5848 6197 6622
f 6616 5848 6622
f 5851 6198 6203
f 5861 5851 6203
f 6629 6625 6199
f 6204 6629 6199
f 6633 6206 6200
f 6627 6633 6200
f 6206 6207 6200
f 6196 6202 6628
f 6628 6622 6196
f 5861 6203 6636
f 5874 5861 6636
f 6629 6204 6630
f 6204 6205 6630
f 6637 6630 6205
f 6215 6637 6205
f 6644 6217 6206
f 6633 6644 6206
f 6206 6217 6207
f 6217 6218 6207
f 6218 6219 6207
f 6221 6210 6209
f 6221 6211 6210
f 6201 6214 6634
f 6635 6202 6201
f 6634 6635 6201
f 6635 6628 6202
f 6647 5874 6636
f 6223 5874 6647
f 6637 6215 6638
f 6215 6216 6638
f 6639 6216 6224
f 6638 6216 6639
f 6225 6640 6639
f 6224 6225 6639
f 6226 6641 6640
f 6225 6226 6640
f 6227 6642 6641
f 6226 6227 6641
f 6228 6643 6642
f 6227 6228 6642
f 6229 6644 6643
f 6228 6229 6643
f 6229 6217 6644
f 6230 6217 6229
f 6217 6230 6218
f 6230 6231 6218
f 6218 6231 6219
f 6233 6208 6220
f 6208 6233 6209
f 6233 6234 6209
f 6209 6234 6221
f 6234 6235 6221
f 6221 6235 6211
f 6235 6236 6211
f 6211 6236 6222
f 6236 6237 6222
f 6237 6238 6222
f 6212 6239 6213
f 6239 6240 6213
f 6214 6240 6645
f 6213 6240 6214
f 6645 6634 6214
f 6241 6223 6647
f 6652 6241 6647
f 6242 6220 6232
f 6220 6242 6233
f 6242 6243 6233
f 6233 6243 6234
f 6243 6244 6234
f 6234 6244 6235
f 6244 6245 6235
f 6235 6245 6236
f 6245 6246 6236
f 6236 6246 6237
f 6246 6247 6237
f 6237 6247 6238
f 6247 6248 6238
f 6248 6249 6238
f 6239 6250 6240
f 6250 6251 6240
f 6240 6252 6645
f 6251 6252 6240
f 6645 6252 6653
f 6253 6241 6652
f 6658 6253 6652
f 6232 6254 6242
f 6254 6255 6242
f 6242 6255 6243
f 6255 6256 6243
f 6243 6256 6244
f 6256 6257 6244
f 6244 6257 6245
f 6257 6258 6245
f 6245 6258 6246
f 6258 6259 6246
f 6246 6259 6247
f 6259 6260 6247
f 6247 6260 6248
f 6260 6261 6248
f 6248 6261 6249
f 6261 6262 6249
f 6262 6263 6249
f 6252 6251 6264
f 6252 6265 6653
f 6264 6265 6252
f 6266 6654 6653
f 6265 6266 6653
f 6267 6655 6654
f 6266 6267 6654
f 6268 6656 6655
f 6267 6268 6655
f 6269 6657 6656
f 6268 6269 6656
f 6253 6657 6269
f 6658 6657 6253
f 6254 6271 6255
f 6271 6272 6255
f 6255 6272 6256
f 6272 6273 6256
f 6256 6273 6257
f 6273 6274 6257
f 6258 6274 6659
f 6257 6274 6258
f 6662 6259 6258
f 6659 6662 6258
f 6275 6259 6662
f 6260 6259 6275
f 6260 6275 6261
f 6275 6276 6261
f 6261 6276 6262
f 6276 6277 6262
f 6262 6277 6263
f 6277 6278 6263
f 6279 6271 6270
f 6271 6279 6272
f 6279 6280 6272
f 6273 6280 6660
f 6272 6280 6273
f 6661 6274 6273
f 6660 6661 6273
f 6661 6659 6274
f 6665 6275 6662
f 6281 6275 6665
f 6276 6275 6281
f 6276 6281 6277
f 6281 6282 6277
f 6277 6282 6278
f 6282 6283 6278
f 6270 6284 6279
f 6284 6285 6279
f 6279 6285 6280
f 6285 6286 6280
f 6660 6280 6286
f 6667 6660 6286
f 6672 6281 6665
f 6287 6281 6672
f 6282 6281 6287
f 6282 6287 6283
f 6287 6288 6283
f 6288 6289 6283
f 6284 6291 6285
f 6291 6292 6285
f 6286 6292 6666
f 6285 6292 6286
f 6666 6667 6286
f 6678 6293 6287
f 6672 6678 6287
f 6287 6293 6288
f 6293 6294 6288
f 6288 6294 6289
f 6294 6295 6289
f 6296 6291 6290
f 6291 6296 6292
f 6296 6297 6292
f 6666 6292 6297
f 6679 6666 6297
f 6686 6293 6678
f 6298 6293 6686
f 6294 6293 6298
f 6294 6298 6295
f 6298 6299 6295
f 6290 6300 6296
f 6300 6301 6296
f 6296 6301 6297
f 6301 6302 6297
f 6679 6297 6302
f 6688 6679 6302
f 6695 6303 6298
f 6686 6695 6298
f 6298 6303 6299
f 6303 6304 6299
f 6300 6311 6301
f 6311 6312 6301
f 6302 6312 6687
f 6301 6312 6302
f 6687 6688 6302
f 6706 6313 6303
f 6695 6706 6303
f 6303 6313 6304
f 6313 6314 6304
f 6696 5946 6317
f 5946 6696 6305
f 6696 6698 6305
f 6305 6698 6306
f 6698 6711 6306
f 6306 6711 6307
f 6311 6322 6312
f 6322 6323 6312
f 6687 6312 6323
f 6716 6687 6323
f 6724 6324 6313
f 6706 6724 6313
f 6313 6324 6314
f 6324 6325 6314
f 6315 6707 6316
f 6707 6708 6316
f 6316 6708 5950
f 6708 6709 5950
f 6709 6334 5950
f 5951 6335 6317
f 5951 6317 5946
f 6712 6307 6711
f 6713 6308 6307
f 6712 6713 6307
f 6714 6309 6308
f 6713 6714 6308
f 6715 6310 6309
f 6714 6715 6309
f 6727 6318 6310
f 6715 6727 6310
f 6318 6727 6319
f 6336 6322 6321
f 6322 6336 6323
f 6336 6337 6323
f 6716 6323 6337
f 6728 6716 6337
f 6736 6338 6324
f 6724 6736 6324
f 6324 6338 6325
f 6338 6339 6325
f 6339 6340 6325
f 6333 6332 6725
f 6315 6333 6725
f 6707 6315 6725
f 6334 5952 5950
f 5952 6334 6342
f 6343 6742 6335
f 5951 6343 6335
f 6747 6319 6727
f 6344 6319 6747
f 6320 6319 6344
f 6320 6344 6321
f 6344 6345 6321
f 6321 6345 6336
f 6345 6346 6336
f 6336 6346 6337
f 6346 6347 6337
f 6728 6337 6347
f 6748 6728 6347
f 6757 6338 6736
f 6348 6338 6757
f 6339 6338 6348
f 6339 6348 6340
f 6348 6349 6340
f 6349 6341 6340
f 6350 6326 6341
f 6326 6350 6327
f 6350 6351 6327
f 6328 6351 6737
f 6327 6351 6328
f 6738 6329 6328
f 6737 6738 6328
f 6739 6330 6329
f 6738 6739 6329
f 6740 6331 6330
f 6739 6740 6330
f 6741 6332 6331
f 6740 6741 6331
f 6741 6725 6332
f 5952 6342 6353
f 6352 5952 6353
f 6354 6759 6742
f 6343 6354 6742
f 6765 6355 6344
f 6747 6765 6344
f 6344 6355 6345
f 6355 6356 6345
f 6345 6356 6346
f 6356 6357 6346
f 6346 6357 6347
f 6357 6358 6347
f 6748 6347 6358
f 6766 6748 6358
f 6775 6359 6348
f 6757 6775 6348
f 6348 6359 6349
f 6359 6360 6349
f 6349 6360 6341
f 6360 6361 6341
f 6341 6361 6350
f 6361 6362 6350
f 6350 6362 6351
f 6362 6363 6351
f 6737 6351 6363
f 6776 6737 6363
f 6352 6353 6365
f 6364 6352 6365
f 6782 6759 6354
f 6782 6354 6366
f 6369 6760 6785
f 6370 6761 6760
f 6369 6370 6760
f 6371 6762 6761
f 6370 6371 6761
f 6372 6763 6762
f 6371 6372 6762
f 6373 6764 6763
f 6372 6373 6763
f 6374 6765 6764
f 6373 6374 6764
f 6374 6355 6765
f 6375 6355 6374
f 6355 6375 6356
f 6375 6376 6356
f 6356 6376 6357
f 6376 6377 6357
f 6357 6377 6358
f 6377 6378 6358
f 6766 6358 6378
f 6786 6766 6378
f 6795 6379 6359
f 6775 6795 6359
f 6359 6379 6360
f 6379 6380 6360
f 6360 6380 6361
f 6380 6381 6361
f 6361 6381 6362
f 6381 6382 6362
f 6362 6382 6363
f 6382 6383 6363
f 6363 6384 6776
f 6383 6384 6363
f 6385 6777 6776
f 6384 6385 6776
f 6386 6778 6777
f 6385 6386 6777
f 6387 6779 6778
f 6386 6387 6778
f 6388 6780 6779
f 6387 6388 6779
f 6389 6781 6780
f 6388 6389 6780
f 6781 6389 6796
f 6364 6365 6797
f 6392 6364 6797
f 6783 6782 6366
f 6783 6366 6784
f 6366 6367 6784
f 6784 6367 6785
f 6367 6368 6785
f 6368 6369 6785
f 6377 6376 6393
f 6377 6393 6378
f 6393 6394 6378
f 6786 6378 6394
f 6798 6786 6394
f 6807 6395 6379
f 6795 6807 6379
f 6379 6395 6380
f 6395 6396 6380
f 6380 6396 6381
f 6390 6796 6389
f 6808 6796 6390
f 6397 6808 6390
f 6391 6809 6397
f 6392 6810 6809
f 6391 6392 6809
f 6810 6392 6797
f 6393 6398 6394
f 6398 6399 6394
f 6798 6394 6399
f 6811 6798 6399
f 6820 6400 6395
f 6807 6820 6395
f 6395 6400 6396
f 6400 6401 6396
f 6808 6397 6809
f 6398 6402 6399
f 6402 6403 6399
f 6811 6399 6403
f 6821 6811 6403
f 6404 6820 6829
f 6404 6400 6820
f 6405 6400 6404
f 6400 6405 6401
f 6405 6406 6401
f 6402 6407 6403
f 6407 6408 6403
f 6821 6403 6408
f 6830 6821 6408
f 6838 6409 6404
f 6829 6838 6404
f 6404 6409 6405
f 6409 6410 6405
f 6405 6410 6406
f 6407 6411 6408
f 6411 6412 6408
f 6830 6408 6412
f 6839 6830 6412
f 6847 6413 6409
f 6838 6847 6409
f 6409 6413 6410
f 6413 6414 6410
f 6411 6415 6412
f 6415 6416 6412
f 6412 6417 6839
f 6416 6417 6412
f 6839 6417 6848
f 6855 6418 6413
f 6847 6855 6413
f 6413 6418 6414
f 6418 6419 6414
f 6415 6420 6416
f 6420 6421 6416
f 6416 6421 6417
f 6421 6422 6417
f 6848 6417 6422
f 6856 6848 6422
f 6863 6423 6418
f 6855 6863 6418
f 6418 6423 6419
f 6423 6424 6419
f 6421 6420 6431
f 6421 6431 6422
f 6431 6432 6422
f 6856 6422 6432
f 6864 6856 6432
f 6433 6863 6870
f 6433 6423 6863
f 6434 6423 6433
f 6423 6434 6424
f 6434 6435 6424
f 6431 6440 6432
f 6440 6441 6432
f 6432 6442 6864
f 6441 6442 6432
f 6864 6442 6871
f 6876 6443 6433
f 6870 6876 6433
f 6433 6443 6434
f 6443 6444 6434
f 6434 6444 6435
f 6444 6445 6435
f 6446 6425 6438
f 6425 6446 6426
f 6446 6447 6426
f 6426 6447 6427
f 6447 6448 6427
f 6427 6448 6428
f 6448 6449 6428
f 6428 6449 6429
f 6449 6450 6429
f 6429 6450 6430
f 6450 6451 6430
f 6430 6451 6439
f 6451 6452 6439
f 6440 6453 6441
f 6453 6454 6441
f 6441 6454 6442
f 6454 6455 6442
f 6442 6456 6871
f 6455 6456 6442
f 6871 6456 6877
f 6457 6876 6880
f 6457 6443 6876
f 6458 6443 6457
f 6443 6458 6444
f 6458 6459 6444
f 6444 6459 6445
f 6436 6461 6437
f 6461 6462 6437
f 6437 6462 6438
f 6462 6463 6438
f 6438 6463 6446
f 6454 6453 6464
f 6454 6464 6455
f 6464 6465 6455
f 6455 6465 6456
f 6465 6466 6456
f 6456 6467 6877
f 6466 6467 6456
f 6468 6878 6877
f 6467 6468 6877
f 6469 6879 6878
f 6468 6469 6878
f 6470 6880 6879
f 6469 6470 6879
f 6470 6457 6880
f 6471 6457 6470
f 6457 6471 6458
f 6471 6472 6458
f 6458 6472 6459
f 6472 6473 6459
f 6461 6460 6881
f 6882 6462 6461
f 6881 6882 6461
f 6883 6463 6462
f 6882 6883 6462
f 6463 6883 6476
f 6464 6477 6465
f 6477 6478 6465
f 6465 6478 6466
f 6478 6479 6466
f 6466 6479 6467
f 6479 6480 6467
f 6467 6480 6468
f 6480 6481 6468
f 6468 6481 6469
f 6481 6482 6469
f 6469 6482 6470
f 6482 6483 6470
f 6470 6483 6471
f 6483 6484 6471
f 6471 6484 6472
f 6484 6485 6472
f 6472 6485 6473
f 6881 6460 6488
f 6885 6881 6488
f 6887 6489 6476
f 6883 6887 6476
f 6478 6477 6490
f 6478 6490 6479
f 6490 6491 6479
f 6479 6491 6480
f 6491 6492 6480
f 6480 6492 6481
f 6492 6493 6481
f 6481 6493 6482
f 6493 6494 6482
f 6482 6494 6483
f 6494 6495 6483
f 6483 6495 6484
f 6495 6496 6484
f 6484 6496 6485
f 6496 6497 6485
f 6474 6499 6475
f 6499 6500 6475
f 6475 6500 6486
f 6500 6501 6486
f 6488 6487 6884
f 6884 6885 6488
f 6891 6489 6887
f 6502 6489 6891
f 6490 6503 6491
f 6503 6504 6491
f 6491 6504 6492
f 6504 6505 6492
f 6492 6505 6493
f 6505 6506 6493
f 6493 6506 6494
f 6506 6507 6494
f 6494 6507 6495
f 6507 6508 6495
f 6495 6508 6496
f 6508 6509 6496
f 6496 6509 6497
f 6499 6498 6888
f 6889 6500 6499
f 6888 6889 6499
f 6892 6501 6500
f 6889 6892 6500
f 6501 6892 6510
f 6511 6890 6487
f 6890 6884 6487
f 6512 6502 6893
f 6502 6891 6893
f 6505 6504 6513
f 6505 6513 6506
f 6513 6514 6506
f 6506 6514 6507
f 6514 6515 6507
f 6507 6515 6508
f 6515 6516 6508
f 6508 6516 6509
f 6888 6498 6517
f 6894 6888 6517
f 6896 6518 6510
f 6892 6896 6510
f 6511 6519 6890
f 6519 6897 6890
f 6520 6512 6898
f 6512 6893 6898
f 6894 6517 6522
f 6900 6894 6522
f 6901 6523 6518
f 6896 6901 6518
f 6519 6524 6897
f 6524 6902 6897
f 6525 6520 6903
f 6520 6898 6903
f 6522 6521 6899
f 6899 6900 6522
f 6904 6523 6901
f 6523 6904 6526
f 6524 6527 6902
f 6527 6905 6902
f 6528 6525 6906
f 6525 6903 6906
f 6899 6521 6529
f 6907 6899 6529
f 6908 6530 6526
f 6904 6908 6526
f 6527 6531 6905
f 6531 6909 6905
f 6101 6528 6910
f 6528 6906 6910
f 6907 6529 6532
f 6911 6907 6532
f 6912 6533 6530
f 6908 6912 6530
f 6531 6534 6909
f 6534 6913 6909
f 6535 6101 6914
f 6101 6910 6914
f 6911 6532 6536
f 6915 6911 6536
f 6916 6533 6912
f 6108 6533 6916
f 6913 6534 6917
f 6917 6534 6537
f 6535 6918 6538
f 6914 6918 6535
f 6539 6915 6536
f 6919 6915 6539
f 6112 6916 6920
f 6108 6916 6112
f 6921 6917 6537
f 6921 6537 6540
f 6538 6922 6541
f 6922 6538 6918
f 6539 6542 6919
f 6542 6923 6919
f 6920 6543 6112
f 6924 6543 6920
f 6544 6921 6540
f 6925 6921 6544
f 6541 6545 6544
f 6540 6541 6544
f 6545 6541 6922
f 6542 6546 6923
f 6546 6927 6923
f 6547 6543 6928
f 6543 6924 6928
f 6929 6925 6548
f 6925 6544 6548
f 6548 6544 6549
f 6544 6545 6549
f 6927 6546 6931
f 6931 6546 6550
f 6547 6551 6118
f 6928 6551 6547
f 6548 6932 6929
f 6932 6548 6933
f 6548 6549 6933
f 6552 6936 6931
f 6550 6552 6931
f 6118 6551 6937
f 6554 6118 6937
f 6555 6936 6552
f 6940 6936 6555
f 6553 6556 6555
f 6552 6553 6555
f 6554 6941 6556
f 6553 6554 6556
f 6941 6554 6937
f 6555 6942 6940
f 6942 6555 6943
f 6555 6556 6943
f 6556 6941 6943
f 6561 6557 6559
f 6557 6561 6558
f 6561 6562 6558
f 6558 6562 6560
f 6562 6563 6560
f 6563 6564 6560
f 6559 6565 6561
f 6565 6566 6561
f 6561 6566 6562
f 6566 6567 6562
f 6562 6567 6563
f 6567 6568 6563
f 6563 6568 6564
f 6568 6569 6564
f 6565 6570 6566
f 6570 6571 6566
f 6566 6571 6567
f 6571 6572 6567
f 6567 6572 6568
f 6572 6573 6568
f 6568 6573 6569
f 6573 6574 6569
f 6570 6575 6571
f 6575 6576 6571
f 6571 6576 6572
f 6576 6577 6572
f 6572 6577 6573
f 6577 6578 6573
f 6573 6578 6574
f 6578 6579 6574
f 6575 6580 6576
f 6580 6581 6576
f 6576 6581 6577
f 6581 6582 6577
f 6577 6582 6578
f 6582 6583 6578
f 6578 6583 6579
f 6583 6584 6579
f 6580 6585 6581
f 6585 6586 6581
f 6581 6586 6582
f 6586 6587 6582
f 6582 6587 6583
f 6587 6588 6583
f 6583 6588 6584
f 6588 6589 6584
f 6586 6585 6590
f 6586 6590 6587
f 6590 6591 6587
f 6587 6591 6588
f 6591 6592 6588
f 6588 6592 6589
f 6592 6593 6589
f 6590 6594 6591
f 6594 6595 6591
f 6591 6595 6592
f 6595 6596 6592
f 6592 6596 6593
f 6952 6598 6178
f 6597 6598 6952
f 6599 6179 6178
f 6598 6599 6178
f 6600 6180 6179
f 6599 6600 6179
f 6180 6600 6601
f 6602 6956 6952
f 6178 6602 6952
f 6601 6181 6180
f 6181 6601 6603
f 6607 6959 6956
f 6602 6607 6956
f 6603 6608 6181
f 6960 6608 6603
f 6186 6611 6604
f 6605 6187 6186
f 6604 6605 6186
f 6605 6612 6187
f 6606 6612 6605
f 6613 6963 6959
f 6607 6613 6959
f 6608 6964 6609
f 6960 6964 6608
f 6191 6617 6611
f 6191 6611 6186
f 6612 6193 6187
f 6193 6612 6618
f 6613 6967 6963
f 6619 6967 6613
f 6965 6609 6964
f 6966 6610 6609
f 6965 6966 6609
f 6968 6614 6610
f 6966 6968 6610
f 6614 6968 6615
f 6616 6623 6617
f 6616 6617 6191
f 6193 6618 6624
f 6198 6193 6624
f 6969 6967 6619
f 6625 6969 6619
f 6974 6615 6968
f 6626 6615 6974
f 6620 6615 6626
f 6626 6621 6620
f 6975 6623 6622
f 6622 6623 6616
f 6198 6624 6976
f 6203 6198 6976
f 6977 6969 6625
f 6629 6977 6625
f 6983 6631 6626
f 6974 6983 6626
f 6626 6631 6621
f 6631 6632 6621
f 6621 6632 6627
f 6632 6633 6627
f 6984 6622 6628
f 6975 6622 6984
f 6985 6203 6976
f 6636 6203 6985
f 6977 6629 6978
f 6629 6630 6978
f 6979 6630 6637
f 6978 6630 6979
f 6638 6980 6979
f 6637 6638 6979
f 6639 6981 6980
f 6638 6639 6980
f 6640 6982 6981
f 6639 6640 6981
f 6641 6983 6982
f 6640 6641 6982
f 6641 6631 6983
f 6642 6631 6641
f 6631 6642 6632
f 6642 6643 6632
f 6632 6643 6633
f 6643 6644 6633
f 6646 6628 6635
f 6984 6628 6646
f 6986 6984 6646
f 6647 6636 6985
f 6987 6647 6985
f 6648 6634 6645
f 6634 6648 6635
f 6648 6649 6635
f 6635 6649 6646
f 6649 6650 6646
f 6646 6651 6986
f 6650 6651 6646
f 6986 6651 6988
f 6652 6647 6987
f 6990 6652 6987
f 6648 6645 6653
f 6648 6653 6649
f 6653 6654 6649
f 6649 6654 6650
f 6654 6655 6650
f 6650 6655 6651
f 6655 6656 6651
f 6651 6657 6988
f 6656 6657 6651
f 6658 6989 6988
f 6657 6658 6988
f 6652 6989 6658
f 6990 6989 6652
f 6663 6659 6661
f 6659 6663 6662
f 6663 6664 6662
f 6664 6665 6662
f 6660 6667 6661
f 6667 6668 6661
f 6661 6668 6663
f 6668 6669 6663
f 6663 6669 6664
f 6669 6670 6664
f 6664 6670 6665
f 6670 6671 6665
f 6671 6672 6665
f 6673 6667 6666
f 6667 6673 6668
f 6673 6674 6668
f 6668 6674 6669
f 6674 6675 6669
f 6669 6675 6670
f 6675 6676 6670
f 6670 6676 6671
f 6676 6677 6671
f 6671 6677 6672
f 6677 6678 6672
f 6666 6679 6673
f 6679 6680 6673
f 6673 6680 6674
f 6680 6681 6674
f 6674 6681 6675
f 6681 6682 6675
f 6675 6682 6676
f 6682 6683 6676
f 6676 6683 6677
f 6683 6684 6677
f 6677 6684 6678
f 6684 6685 6678
f 6685 6686 6678
f 6679 6688 6680
f 6688 6689 6680
f 6680 6689 6681
f 6689 6690 6681
f 6681 6690 6682
f 6690 6691 6682
f 6682 6691 6683
f 6691 6692 6683
f 6683 6692 6684
f 6692 6693 6684
f 6684 6693 6685
f 6693 6694 6685
f 6685 6694 6686
f 6694 6695 6686
f 6699 6688 6687
f 6688 6699 6689
f 6699 6700 6689
f 6689 6700 6690
f 6700 6701 6690
f 6690 6701 6691
f 6701 6702 6691
f 6691 6702 6692
f 6702 6703 6692
f 6692 6703 6693
f 6703 6704 6693
f 6693 6704 6694
f 6704 6705 6694
f 6694 6705 6695
f 6705 6706 6695
f 6991 6317 6710
f 6696 6991 6697
f 6317 6991 6696
f 6992 6696 6697
f 6698 6696 6992
f 6698 6992 6711
f 6992 6996 6711
f 6687 6716 6699
f 6716 6717 6699
f 6699 6717 6700
f 6717 6718 6700
f 6700 6718 6701
f 6718 6719 6701
f 6701 6719 6702
f 6719 6720 6702
f 6702 6720 6703
f 6720 6721 6703
f 6703 6721 6704
f 6721 6722 6704
f 6704 6722 6705
f 6722 6723 6705
f 6705 6723 6706
f 6723 6724 6706
f 6707 6993 6708
f 6993 6994 6708
f 6708 6994 6709
f 6994 6995 6709
f 6709 6995 6334
f 6995 6998 6334
f 6335 6726 6710
f 6335 6710 6317
f 6996 7000 6712
f 6711 6996 6712
f 6712 7000 6713
f 6716 6728 6717
f 6728 6729 6717
f 6717 6729 6718
f 6729 6730 6718
f 6718 6730 6719
f 6730 6731 6719
f 6719 6731 6720
f 6731 6732 6720
f 6720 6732 6721
f 6732 6733 6721
f 6721 6733 6722
f 6733 6734 6722
f 6722 6734 6723
f 6734 6735 6723
f 6723 6735 6724
f 6735 6736 6724
f 6707 6725 6997
f 6993 6707 6997
f 6998 7001 6342
f 6334 6998 6342
f 6742 7004 6726
f 6335 6742 6726
f 7005 6743 6713
f 7000 7005 6713
f 6713 6743 6714
f 6743 6744 6714
f 6714 6744 6715
f 6744 6745 6715
f 6715 6745 6727
f 6745 6746 6727
f 6746 6747 6727
f 6728 6748 6729
f 6748 6749 6729
f 6729 6749 6730
f 6749 6750 6730
f 6730 6750 6731
f 6750 6751 6731
f 6731 6751 6732
f 6751 6752 6732
f 6732 6752 6733
f 6752 6753 6733
f 6733 6753 6734
f 6753 6754 6734
f 6734 6754 6735
f 6754 6755 6735
f 6735 6755 6736
f 6755 6756 6736
f 6756 6757 6736
f 7006 6725 6741
f 6997 6725 7006
f 6353 7001 6758
f 6342 7001 6353
f 6759 7007 7004
f 6742 6759 7004
f 7008 6761 6743
f 7005 7008 6743
f 6743 6761 6744
f 6761 6762 6744
f 6744 6762 6745
f 6762 6763 6745
f 6745 6763 6746
f 6763 6764 6746
f 6746 6764 6747
f 6764 6765 6747
f 6748 6766 6749
f 6766 6767 6749
f 6749 6767 6750
f 6767 6768 6750
f 6750 6768 6751
f 6768 6769 6751
f 6751 6769 6752
f 6769 6770 6752
f 6752 6770 6753
f 6770 6771 6753
f 6753 6771 6754
f 6771 6772 6754
f 6754 6772 6755
f 6772 6773 6755
f 6755 6773 6756
f 6773 6774 6756
f 6756 6774 6757
f 6774 6775 6757
f 6737 6776 6738
f 6776 6777 6738
f 6738 6777 6739
f 6777 6778 6739
f 6739 6778 6740
f 6778 6779 6740
f 6740 6779 6741
f 6779 6780 6741
f 7006 6741 6780
f 7009 7006 6780
f 6353 6758 7010
f 6365 6353 7010
f 7011 7007 6759
f 7011 6759 6782
f 6785 6760 7008
f 7015 6785 7008
f 6760 6761 7008
f 6766 6786 6767
f 6786 6787 6767
f 6767 6787 6768
f 6787 6788 6768
f 6768 6788 6769
f 6788 6789 6769
f 6769 6789 6770
f 6789 6790 6770
f 6770 6790 6771
f 6790 6791 6771
f 6771 6791 6772
f 6791 6792 6772
f 6772 6792 6773
f 6792 6793 6773
f 6773 6793 6774
f 6793 6794 6774
f 6774 6794 6775
f 6794 6795 6775
f 6781 7009 6780
f 7016 7009 6781
f 6796 7016 6781
f 7017 6365 7010
f 6797 6365 7017
f 7012 7011 6782
f 7012 6782 7013
f 6782 6783 7013
f 7013 6783 7014
f 6783 6784 7014
f 7014 6784 7015
f 6784 6785 7015
f 6786 6798 6787
f 6798 6799 6787
f 6787 6799 6788
f 6799 6800 6788
f 6788 6800 6789
f 6800 6801 6789
f 6789 6801 6790
f 6801 6802 6790
f 6790 6802 6791
f 6802 6803 6791
f 6791 6803 6792
f 6803 6804 6792
f 6792 6804 6793
f 6804 6805 6793
f 6793 6805 6794
f 6805 6806 6794
f 6794 6806 6795
f 6806 6807 6795
f 7018 7016 6796
f 6808 7018 6796
f 6810 6797 7017
f 7020 6810 7017
f 6798 6811 6799
f 6811 6812 6799
f 6799 6812 6800
f 6812 6813 6800
f 6800 6813 6801
f 6813 6814 6801
f 6801 6814 6802
f 6814 6815 6802
f 6802 6815 6803
f 6815 6816 6803
f 6803 6816 6804
f 6816 6817 6804
f 6804 6817 6805
f 6817 6818 6805
f 6805 6818 6806
f 6818 6819 6806
f 6806 6819 6807
f 6819 6820 6807
f 7018 6808 7019
f 6808 6809 7019
f 7019 6809 7020
f 6809 6810 7020
f 6811 6821 6812
f 6821 6822 6812
f 6812 6822 6813
f 6822 6823 6813
f 6813 6823 6814
f 6823 6824 6814
f 6814 6824 6815
f 6824 6825 6815
f 6815 6825 6816
f 6825 6826 6816
f 6816 6826 6817
f 6826 6827 6817
f 6817 6827 6818
f 6827 6828 6818
f 6818 6828 6819
f 6828 6829 6819
f 6819 6829 6820
f 6821 6830 6822
f 6830 6831 6822
f 6822 6831 6823
f 6831 6832 6823
f 6823 6832 6824
f 6832 6833 6824
f 6824 6833 6825
f 6833 6834 6825
f 6825 6834 6826
f 6834 6835 6826
f 6826 6835 6827
f 6835 6836 6827
f 6827 6836 6828
f 6836 6837 6828
f 6828 6837 6829
f 6837 6838 6829
f 6830 6839 6831
f 6839 6840 6831
f 6831 6840 6832
f 6840 6841 6832
f 6832 6841 6833
f 6841 6842 6833
f 6833 6842 6834
f 6842 6843 6834
f 6834 6843 6835
f 6843 6844 6835
f 6835 6844 6836
f 6844 6845 6836
f 6836 6845 6837
f 6845 6846 6837
f 6837 6846 6838
f 6846 6847 6838
f 6840 6839 6848
f 6840 6848 6841
f 6848 6849 6841
f 6841 6849 6842
f 6849 6850 6842
f 6842 6850 6843
f 6850 6851 6843
f 6843 6851 6844
f 6851 6852 6844
f 6844 6852 6845
f 6852 6853 6845
f 6845 6853 6846
f 6853 6854 6846
f 6846 6854 6847
f 6854 6855 6847
f 6848 6856 6849
f 6856 6857 6849
f 6849 6857 6850
f 6857 6858 6850
f 6850 6858 6851
f 6858 6859 6851
f 6851 6859 6852
f 6859 6860 6852
f 6852 6860 6853
f 6860 6861 6853
f 6853 6861 6854
f 6861 6862 6854
f 6854 6862 6855
f 6862 6863 6855
f 6856 6864 6857
f 6864 6865 6857
f 6857 6865 6858
f 6865 6866 6858
f 6858 6866 6859
f 6866 6867 6859
f 6859 6867 6860
f 6867 6868 6860
f 6860 6868 6861
f 6868 6869 6861
f 6861 6869 6862
f 6869 6870 6862
f 6862 6870 6863
f 6865 6864 6871
f 6865 6871 6866
f 6871 6872 6866
f 6866 6872 6867
f 6872 6873 6867
f 6867 6873 6868
f 6873 6874 6868
f 6868 6874 6869
f 6874 6875 6869
f 6869 6875 6870
f 6875 6876 6870
f 6872 6871 6877
f 6872 6877 6873
f 6877 6878 6873
f 6873 6878 6874
f 6878 6879 6874
f 6874 6879 6875
f 6879 6880 6875
f 6875 6880 6876
f 6881 6885 6882
f 6885 6886 6882
f 6882 6886 6883
f 6886 6887 6883
f 6885 6884 7021
f 7022 6886 6885
f 7021 7022 6885
f 7024 6887 6886
f 7022 7024 6886
f 6887 7024 6891
f 6884 6890 7023
f 7023 7021 6884
f 7027 6893 6891
f 7024 7027 6891
f 6888 6894 6889
f 6894 6895 6889
f 6889 6895 6892
f 6895 6896 6892
f 7023 6890 6897
f 7028 7023 6897
f 7029 6898 6893
f 7027 7029 6893
f 6895 6900 7031
f 6894 6900 6895
f 6901 6895 7031
f 6896 6895 6901
f 7028 6897 6902
f 7033 7028 6902
f 7034 6898 7029
f 6903 6898 7034
f 6900 6899 7030
f 7030 7031 6900
f 7036 6901 7031
f 6901 7036 6904
f 6905 7032 6902
f 7032 7033 6902
f 6906 6903 7037
f 6903 7034 7037
f 7030 6899 6907
f 7038 7030 6907
f 7040 6908 6904
f 7036 7040 6904
f 6905 6909 7032
f 6909 7041 7032
f 6910 6906 7042
f 6906 7037 7042
f 7038 6907 6911
f 7044 7038 6911
f 7045 6908 7040
f 6912 6908 7045
f 6909 6913 7041
f 6913 7046 7041
f 6914 6910 7047
f 6910 7042 7047
f 6915 7043 6911
f 7043 7044 6911
f 6912 7048 6916
f 7045 7048 6912
f 6913 6917 7046
f 6917 7049 7046
f 6918 6914 7050
f 6914 7047 7050
f 6915 6919 7043
f 6919 7051 7043
f 7048 6920 6916
f 7052 6920 7048
f 7049 6917 7053
f 7053 6917 6921
f 6922 6918 7050
f 7054 6922 7050
f 6919 6923 7051
f 6923 7055 7051
f 6924 6920 7056
f 6920 7052 7056
f 6925 7057 7053
f 6921 6925 7053
f 6922 6926 6545
f 7054 6926 6922
f 6923 6927 7055
f 6927 7059 7055
f 6928 6924 7060
f 6924 7056 7060
f 6929 7061 7057
f 6925 6929 7057
f 6545 6926 6930
f 6549 6545 6930
f 6927 6931 7059
f 6931 7063 7059
f 6551 6928 7064
f 6928 7060 7064
f 7065 7061 6929
f 7065 6929 6932
f 6549 6930 6934
f 6933 6549 6934
f 7063 6936 6935
f 6931 6936 7063
f 6937 6551 7067
f 6551 7064 7067
f 6938 7065 6932
f 7068 7065 6938
f 6933 6939 6938
f 6932 6933 6938
f 6934 6939 6933
f 7069 6939 6934
f 6940 7070 6935
f 6936 6940 6935
f 6937 7071 6941
f 7067 7071 6937
f 6938 7072 7068
f 7072 6938 7073
f 6938 6939 7073
f 6939 7069 7073
f 7075 7070 6940
f 7075 6940 6942
f 6941 7076 6943
f 7076 6941 7071
f 6944 7075 6942
f 7078 7075 6944
f 6943 7079 6944
f 6942 6943 6944
f 7079 6943 7076
f 6944 7081 7078
f 6944 7079 7081
f 6947 6946 6945
f 6947 6945 6948
f 6597 6950 6946
f 6947 6598 6597
f 6946 6947 6597
f 6948 6599 6598
f 6947 6948 6598
f 6949 6600 6599
f 6948 6949 6599
f 6600 6949 6951
f 6952 7089 6950
f 6597 6952 6950
f 6951 6601 6600
f 7090 6601 6951
f 6956 7093 7089
f 6952 6956 7089
f 7090 7094 6603
f 6601 7090 6603
f 6604 6957 6953
f 6954 6605 6604
f 6953 6954 6604
f 6955 6606 6605
f 6954 6955 6605
f 6606 6955 6958
f 6956 7096 7093
f 6959 7096 6956
f 6960 6603 7097
f 6603 7094 7097
f 6611 6961 6957
f 6611 6957 6604
f 6606 6958 6962
f 6612 6606 6962
f 6959 6963 7096
f 6963 7099 7096
f 6964 6960 7100
f 6960 7097 7100
f 7102 6961 6617
f 6617 6961 6611
f 6962 6618 6612
f 7103 6618 6962
f 7104 7099 6963
f 6967 7104 6963
f 6964 7105 6965
f 7100 7105 6964
f 6617 6623 7101
f 7102 6617 7101
f 6624 6618 7106
f 6618 7103 7106
f 7107 7104 6967
f 6969 7107 6967
f 6970 7105 7109
f 6970 6965 7105
f 6971 6965 6970
f 6965 6971 6966
f 6971 6972 6966
f 6966 6972 6968
f 6972 6973 6968
f 6973 6974 6968
f 6623 6975 7101
f 6975 7110 7101
f 6976 6624 7111
f 6624 7106 7111
f 7108 6969 6977
f 7107 6969 7108
f 6978 7109 7108
f 6977 6978 7108
f 6978 6970 7109
f 6979 6970 6978
f 6970 6979 6971
f 6979 6980 6971
f 6971 6980 6972
f 6980 6981 6972
f 6972 6981 6973
f 6981 6982 6973
f 6973 6982 6974
f 6982 6983 6974
f 6975 6984 7110
f 7110 6984 7112
f 6985 6976 7111
f 7113 6985 7111
f 7112 6984 6986
f 7114 7112 6986
f 6987 6985 7113
f 7117 6987 7113
f 7114 6986 6988
f 6989 7115 7114
f 6988 6989 7114
f 6990 7116 7115
f 6989 6990 7115
f 6987 7116 6990
f 7117 7116 6987
f 6710 7118 6991
f 7118 7119 6991
f 6697 6991 7119
f 7120 6697 7119
f 7120 7126 6992
f 6697 7120 6992
f 6992 7126 6996
f 6994 6993 7121
f 6994 7121 6995
f 7121 7122 6995
f 6995 7122 6998
f 7122 7123 6998
f 7123 6999 6998
f 6710 6726 7124
f 7118 6710 7124
f 7130 6996 7126
f 6996 7130 7000
f 6993 6997 7127
f 7127 7121 6993
f 6999 7001 6998
f 7001 6999 7002
f 7124 7004 7003
f 6726 7004 7124
f 7132 7005 7000
f 7130 7132 7000
f 7127 6997 7006
f 7133 7127 7006
f 7002 6758 7001
f 7134 6758 7002
f 7007 7136 7003
f 7004 7007 7003
f 7137 7008 7005
f 7132 7137 7005
f 7133 7006 7009
f 7138 7133 7009
f 7010 6758 7139
f 6758 7134 7139
f 7141 7136 7007
f 7141 7007 7011
f 7015 7137 7143
f 7137 7015 7008
f 7016 7138 7009
f 7144 7138 7016
f 7010 7145 7017
f 7139 7145 7010
f 7142 7141 7011
f 7142 7012 7146
f 7011 7012 7142
f 7013 7147 7146
f 7012 7013 7146
f 7013 7143 7147
f 7014 7143 7013
f 7014 7015 7143
f 7148 7144 7016
f 7018 7148 7016
f 7017 7151 7020
f 7151 7017 7145
f 7148 7018 7149
f 7018 7019 7149
f 7149 7019 7150
f 7019 7020 7150
f 7150 7020 7151
f 7025 7021 7023
f 7021 7025 7022
f 7025 7026 7022
f 7022 7026 7024
f 7026 7027 7024
f 7025 7028 7152
f 7023 7028 7025
f 7153 7026 7025
f 7152 7153 7025
f 7029 7026 7153
f 7027 7026 7029
f 7152 7028 7033
f 7155 7152 7033
f 7157 7029 7153
f 7029 7157 7034
f 7035 7031 7030
f 7035 7036 7031
f 7033 7032 7154
f 7154 7155 7033
f 7160 7037 7034
f 7157 7160 7034
f 7030 7038 7035
f 7038 7039 7035
f 7035 7039 7036
f 7039 7040 7036
f 7154 7032 7041
f 7162 7154 7041
f 7165 7042 7037
f 7160 7165 7037
f 7039 7044 7161
f 7038 7044 7039
f 7167 7040 7039
f 7161 7167 7039
f 7040 7167 7045
f 7162 7041 7046
f 7168 7162 7046
f 7169 7047 7042
f 7165 7169 7042
f 7044 7043 7166
f 7166 7161 7044
f 7171 7048 7045
f 7167 7171 7045
f 7168 7046 7049
f 7172 7168 7049
f 7173 7050 7047
f 7169 7173 7047
f 7166 7043 7051
f 7174 7166 7051
f 7176 7052 7048
f 7171 7176 7048
f 7172 7049 7053
f 7178 7172 7053
f 7173 7054 7050
f 7179 7054 7173
f 7174 7051 7055
f 7180 7174 7055
f 7182 7056 7052
f 7176 7182 7052
f 7057 7177 7053
f 7177 7178 7053
f 6926 7179 7058
f 7054 7179 6926
f 7180 7055 7059
f 7184 7180 7059
f 7186 7060 7056
f 7182 7186 7056
f 7057 7061 7177
f 7061 7187 7177
f 6926 7058 7062
f 6930 6926 7062
f 7063 7183 7059
f 7183 7184 7059
f 7189 7060 7186
f 7064 7060 7189
f 7187 7061 7190
f 7190 7061 7065
f 6930 7062 7066
f 6934 6930 7066
f 7063 6935 7188
f 7183 7063 7188
f 7067 7064 7191
f 7064 7189 7191
f 7068 7192 7190
f 7065 7068 7190
f 6934 7066 7193
f 7069 6934 7193
f 6935 7070 7188
f 7070 7194 7188
f 7071 7067 7195
f 7067 7191 7195
f 7196 7192 7068
f 7196 7068 7072
f 7069 7074 7073
f 7074 7069 7193
f 7194 7070 7199
f 7199 7070 7075
f 7071 7200 7076
f 7195 7200 7071
f 7201 7196 7072
f 7073 7077 7201
f 7072 7073 7201
f 7074 7077 7073
f 7202 7077 7074
f 7078 7203 7199
f 7075 7078 7199
f 7076 7204 7079
f 7204 7076 7200
f 7206 7201 7207
f 7201 7077 7207
f 7077 7202 7207
f 7080 7203 7078
f 7209 7203 7080
f 7080 7078 7081
f 7079 7210 7081
f 7210 7079 7204
f 7080 7211 7209
f 7212 7080 7081
f 7211 7080 7212
f 7212 7081 7210
f 6945 7084 7082
f 6945 7082 7085
f 7218 7084 6946
f 7083 7084 7218
f 6946 7084 6945
f 7085 6948 6945
f 7219 6948 7085
f 6949 6948 7219
f 7223 7218 6950
f 6950 7218 6946
f 7219 7224 6951
f 6949 7219 6951
f 6950 7089 7223
f 7089 7226 7223
f 7090 6951 7227
f 6951 7224 7227
f 6953 7091 7086
f 7087 6954 6953
f 7086 7087 6953
f 7088 6955 6954
f 7087 7088 6954
f 6955 7088 7092
f 7089 7093 7226
f 7093 7229 7226
f 7227 7230 7094
f 7090 7227 7094
f 7232 7091 6957
f 6957 7091 6953
f 7092 6958 6955
f 6958 7092 7095
f 7233 7229 7093
f 7096 7233 7093
f 7097 7094 7234
f 7094 7230 7234
f 6957 6961 7231
f 7232 6957 7231
f 6958 7095 7098
f 6962 6958 7098
f 7096 7099 7233
f 7099 7235 7233
f 7100 7234 7236
f 7097 7234 7100
f 6961 7102 7231
f 7102 7237 7231
f 6962 7098 7238
f 7103 6962 7238
f 7239 7235 7099
f 7104 7239 7099
f 7242 7105 7100
f 7236 7242 7100
f 7243 7102 7101
f 7237 7102 7243
f 7244 7103 7238
f 7106 7103 7244
f 7240 7104 7107
f 7239 7104 7240
f 7108 7241 7240
f 7107 7108 7240
f 7109 7242 7241
f 7108 7109 7241
f 7242 7109 7105
f 7243 7101 7110
f 7245 7243 7110
f 7111 7106 7246
f 7106 7244 7246
f 7245 7110 7112
f 7245 7112 7247
f 7113 7111 7246
f 7250 7113 7246
f 7112 7115 7247
f 7114 7115 7112
f 7116 7248 7247
f 7115 7116 7247
f 7117 7249 7248
f 7116 7117 7248
f 7113 7249 7117
f 7250 7249 7113
f 7251 7118 7125
f 7118 7251 7119
f 7251 7252 7119
f 7119 7253 7120
f 7252 7253 7119
f 7253 7126 7120
f 7259 7126 7253
f 7121 7254 7122
f 7254 7255 7122
f 7122 7255 7123
f 7255 7256 7123
f 7123 7256 6999
f 7256 7257 6999
f 7257 7128 6999
f 7124 7129 7125
f 7124 7125 7118
f 7259 7262 7130
f 7126 7259 7130
f 7121 7127 7260
f 7254 7121 7260
f 7128 7002 6999
f 7002 7128 7131
f 7263 7129 7003
f 7003 7129 7124
f 7132 7130 7264
f 7130 7262 7264
f 7127 7133 7260
f 7133 7265 7260
f 7002 7131 7135
f 7134 7002 7135
f 7003 7136 7263
f 7136 7267 7263
f 7137 7132 7268
f 7132 7264 7268
f 7133 7138 7265
f 7138 7269 7265
f 7134 7135 7140
f 7139 7134 7140
f 7270 7267 7136
f 7141 7270 7136
f 7143 7137 7268
f 7271 7143 7268
f 7138 7144 7269
f 7144 7272 7269
f 7139 7140 7273
f 7145 7139 7273
f 7270 7142 7274
f 7141 7142 7270
f 7274 7142 7146
f 7147 7143 7271
f 7276 7147 7271
f 7277 7272 7144
f 7148 7277 7144
f 7145 7281 7151
f 7281 7145 7273
f 7275 7274 7146
f 7275 7146 7276
f 7146 7147 7276
f 7277 7148 7278
f 7148 7149 7278
f 7278 7149 7279
f 7149 7150 7279
f 7279 7150 7280
f 7150 7151 7280
f 7280 7151 7281
f 7152 7155 7153
f 7155 7156 7153
f 7156 7157 7153
f 7158 7155 7154
f 7155 7158 7156
f 7158 7159 7156
f 7156 7159 7157
f 7159 7160 7157
f 7154 7162 7158
f 7162 7163 7158
f 7158 7163 7159
f 7163 7164 7159
f 7159 7164 7160
f 7164 7165 7160
f 7163 7168 7282
f 7162 7168 7163
f 7283 7164 7163
f 7282 7283 7163
f 7169 7164 7283
f 7165 7164 7169
f 7170 7161 7166
f 7161 7170 7167
f 7170 7171 7167
f 7282 7168 7172
f 7285 7282 7172
f 7286 7173 7169
f 7283 7286 7169
f 7166 7174 7170
f 7174 7175 7170
f 7170 7175 7171
f 7175 7176 7171
f 7178 7284 7172
f 7284 7285 7172
f 7290 7173 7286
f 7179 7173 7290
f 7174 7180 7175
f 7180 7181 7175
f 7175 7181 7176
f 7181 7182 7176
f 7178 7177 7287
f 7284 7178 7287
f 7290 7291 7058
f 7179 7290 7058
f 7180 7184 7181
f 7184 7185 7181
f 7181 7185 7182
f 7185 7186 7182
f 7177 7187 7287
f 7187 7295 7287
f 7062 7058 7296
f 7058 7291 7296
f 7183 7293 7184
f 7292 7293 7183
f 7294 7185 7184
f 7293 7294 7184
f 7298 7186 7185
f 7294 7298 7185
f 7186 7298 7189
f 7187 7190 7295
f 7190 7299 7295
f 7066 7062 7300
f 7062 7296 7300
f 7183 7188 7297
f 7292 7183 7297
f 7301 7189 7298
f 7191 7189 7301
f 7190 7192 7299
f 7192 7302 7299
f 7193 7066 7303
f 7066 7300 7303
f 7188 7194 7297
f 7194 7304 7297
f 7195 7191 7305
f 7191 7301 7305
f 7302 7192 7306
f 7306 7192 7196
f 7193 7197 7074
f 7303 7197 7193
f 7304 7199 7198
f 7194 7199 7304
f 7200 7195 7307
f 7195 7305 7307
f 7308 7306 7196
f 7308 7196 7201
f 7074 7197 7309
f 7202 7074 7309
f 7203 7310 7198
f 7199 7203 7198
f 7200 7205 7204
f 7307 7205 7200
f 7206 7311 7308
f 7201 7206 7308
f 7202 7208 7207
f 7208 7202 7309
f 7209 7313 7310
f 7203 7209 7310
f 7204 7314 7210
f 7314 7204 7205
f 7315 7311 7206
f 7207 7316 7315
f 7206 7207 7315
f 7208 7316 7207
f 7317 7316 7208
f 7318 7313 7209
f 7318 7209 7211
f 7210 7319 7212
f 7319 7210 7314
f 7321 7318 7211
f 7320 7318 7321
f 7212 7322 7321
f 7211 7212 7321
f 7322 7212 7319
f 7326 7082 7214
f 7326 7215 7082
f 7083 7216 7213
f 7214 7084 7083
f 7213 7214 7083
f 7084 7214 7082
f 7215 7085 7082
f 7085 7215 7217
f 7218 7330 7216
f 7083 7218 7216
f 7217 7219 7085
f 7331 7219 7217
f 7223 7334 7330
f 7218 7223 7330
f 7331 7335 7224
f 7219 7331 7224
f 7087 7332 7220
f 7086 7332 7087
f 7221 7088 7087
f 7220 7221 7087
f 7221 7225 7088
f 7222 7225 7221
f 7226 7338 7334
f 7223 7226 7334
f 7227 7224 7339
f 7224 7335 7339
f 7086 7091 7336
f 7332 7086 7336
f 7225 7092 7088
f 7092 7225 7228
f 7226 7340 7338
f 7229 7340 7226
f 7227 7341 7230
f 7339 7341 7227
f 7091 7232 7336
f 7232 7343 7336
f 7228 7095 7092
f 7344 7095 7228
f 7345 7340 7229
f 7233 7345 7229
f 7346 7234 7230
f 7341 7346 7230
f 7232 7231 7342
f 7343 7232 7342
f 7098 7095 7347
f 7095 7344 7347
f 7233 7235 7345
f 7345 7235 7348
f 7236 7346 7350
f 7346 7236 7234
f 7231 7237 7342
f 7237 7351 7342
f 7238 7098 7352
f 7098 7347 7352
f 7348 7235 7239
f 7240 7349 7348
f 7239 7240 7348
f 7241 7350 7349
f 7240 7241 7349
f 7241 7236 7350
f 7242 7236 7241
f 7237 7243 7351
f 7243 7353 7351
f 7244 7238 7352
f 7354 7244 7352
f 7243 7245 7353
f 7353 7245 7355
f 7246 7354 7357
f 7244 7354 7246
f 7355 7245 7247
f 7248 7356 7355
f 7247 7248 7355
f 7356 7248 7358
f 7250 7357 7358
f 7357 7250 7246
f 7249 7358 7248
f 7249 7250 7358
f 7359 7125 7258
f 7125 7359 7251
f 7359 7360 7251
f 7251 7360 7252
f 7360 7361 7252
f 7252 7361 7253
f 7361 7365 7253
f 7253 7365 7259
f 7255 7254 7362
f 7255 7362 7256
f 7362 7363 7256
f 7256 7363 7257
f 7363 7364 7257
f 7257 7364 7128
f 7364 7367 7128
f 7129 7261 7258
f 7129 7258 7125
f 7369 7259 7365
f 7259 7369 7262
f 7254 7260 7366
f 7366 7362 7254
f 7367 7370 7131
f 7128 7367 7131
f 7263 7372 7261
f 7129 7263 7261
f 7373 7264 7262
f 7369 7373 7262
f 7366 7260 7265
f 7374 7366 7265
f 7135 7370 7266
f 7131 7370 7135
f 7267 7375 7372
f 7263 7267 7372
f 7376 7268 7264
f 7373 7376 7264
f 7374 7265 7269
f 7377 7374 7269
f 7135 7266 7378
f 7140 7135 7378
f 7379 7375 7267
f 7379 7267 7270
f 7271 7376 7380
f 7376 7271 7268
f 7377 7269 7272
f 7381 7377 7272
f 7382 7140 7378
f 7273 7140 7382
f 7383 7379 7270
f 7383 7270 7274
f 7276 7380 7385
f 7380 7276 7271
f 7381 7272 7277
f 7381 7277 7386
f 7281 7273 7382
f 7389 7281 7382
f 7384 7383 7274
f 7384 7274 7385
f 7274 7275 7385
f 7275 7276 7385
f 7278 7386 7277
f 7386 7278 7387
f 7278 7279 7387
f 7387 7279 7388
f 7279 7280 7388
f 7388 7280 7389
f 7280 7281 7389
f 7282 7285 7283
f 7285 7286 7283
f 7288 7285 7284
f 7285 7288 7286
f 7288 7289 7286
f 7289 7290 7286
f 7284 7287 7390
f 7391 7288 7284
f 7390 7391 7284
f 7392 7289 7288
f 7391 7392 7288
f 7394 7290 7289
f 7392 7394 7289
f 7290 7394 7291
f 7295 7393 7287
f 7393 7390 7287
f 7396 7291 7394
f 7296 7291 7396
f 7293 7292 7395
f 7293 7395 7294
f 7395 7398 7294
f 7294 7398 7298
f 7295 7299 7393
f 7299 7399 7393
f 7300 7296 7400
f 7296 7396 7400
f 7292 7297 7397
f 7397 7395 7292
f 7402 7298 7398
f 7298 7402 7301
f 7299 7302 7399
f 7302 7403 7399
f 7303 7300 7404
f 7300 7400 7404
f 7304 7401 7297
f 7401 7397 7297
f 7406 7305 7301
f 7402 7406 7301
f 7302 7306 7403
f 7306 7407 7403
f 7197 7303 7408
f 7303 7404 7408
f 7304 7198 7405
f 7401 7304 7405
f 7409 7305 7406
f 7307 7305 7409
f 7407 7306 7410
f 7410 7306 7308
f 7309 7197 7411
f 7197 7408 7411
f 7198 7310 7405
f 7310 7412 7405
f 7205 7409 7413
f 7307 7409 7205
f 7311 7414 7410
f 7308 7311 7410
f 7309 7312 7208
f 7411 7312 7309
f 7310 7313 7412
f 7313 7415 7412
f 7413 7314 7205
f 7416 7314 7413
f 7417 7414 7311
f 7417 7311 7315
f 7208 7312 7418
f 7317 7208 7418
f 7415 7313 7419
f 7419 7313 7318
f 7314 7420 7319
f 7416 7420 7314
f 7421 7417 7315
f 7316 7422 7421
f 7315 7316 7421
f 7317 7423 7422
f 7316 7317 7422
f 7423 7317 7418
f 7320 7424 7419
f 7318 7320 7419
f 7319 7425 7322
f 7425 7319 7420
f 7426 7424 7320
f 7321 7427 7426
f 7320 7321 7426
f 7322 7428 7427
f 7321 7322 7427
f 7428 7322 7425
f 7433 7324 7213
f 7323 7324 7433
f 7325 7214 7213
f 7324 7325 7213
f 7327 7326 7214
f 7325 7327 7214
f 7434 7326 7327
f 7215 7326 7434
f 7435 7433 7216
f 7216 7433 7213
f 7434 7436 7217
f 7215 7434 7217
f 7216 7330 7435
f 7330 7440 7435
f 7331 7217 7441
f 7217 7436 7441
f 7221 7437 7328
f 7220 7437 7221
f 7329 7222 7221
f 7328 7329 7221
f 7222 7329 7333
f 7330 7334 7440
f 7334 7444 7440
f 7441 7445 7335
f 7331 7441 7335
f 7220 7332 7442
f 7437 7220 7442
f 7222 7333 7337
f 7225 7222 7337
f 7334 7338 7444
f 7338 7448 7444
f 7339 7335 7449
f 7335 7445 7449
f 7332 7336 7446
f 7442 7332 7446
f 7337 7228 7225
f 7450 7228 7337
f 7451 7448 7338
f 7340 7451 7338
f 7341 7449 7452
f 7339 7449 7341
f 7336 7343 7446
f 7343 7453 7446
f 7344 7228 7454
f 7228 7450 7454
f 7455 7451 7340
f 7345 7455 7340
f 7458 7346 7341
f 7452 7458 7341
f 7459 7343 7342
f 7453 7343 7459
f 7347 7344 7460
f 7344 7454 7460
f 7456 7345 7348
f 7455 7345 7456
f 7349 7457 7456
f 7348 7349 7456
f 7350 7458 7457
f 7349 7350 7457
f 7458 7350 7346
f 7459 7342 7351
f 7461 7459 7351
f 7352 7460 7462
f 7347 7460 7352
f 7461 7351 7353
f 7463 7461 7353
f 7354 7462 7465
f 7462 7354 7352
f 7463 7353 7355
f 7356 7464 7463
f 7355 7356 7463
f 7464 7356 7466
f 7357 7465 7466
f 7465 7357 7354
f 7466 7356 7358
f 7466 7358 7357
f 7258 7467 7359
f 7467 7468 7359
f 7359 7468 7360
f 7468 7469 7360
f 7360 7469 7361
f 7469 7470 7361
f 7361 7470 7365
f 7470 7476 7365
f 7362 7471 7363
f 7471 7472 7363
f 7363 7472 7364
f 7472 7473 7364
f 7364 7473 7367
f 7473 7474 7367
f 7474 7368 7367
f 7258 7261 7475
f 7467 7258 7475
f 7476 7478 7369
f 7365 7476 7369
f 7362 7366 7477
f 7471 7362 7477
f 7368 7370 7367
f 7370 7368 7371
f 7261 7372 7475
f 7372 7480 7475
f 7373 7369 7481
f 7369 7478 7481
f 7366 7374 7477
f 7374 7482 7477
f 7371 7266 7370
f 7483 7266 7371
f 7372 7375 7480
f 7375 7485 7480
f 7376 7373 7486
f 7373 7481 7486
f 7374 7377 7482
f 7377 7487 7482
f 7378 7266 7488
f 7266 7483 7488
f 7485 7375 7489
f 7489 7375 7379
f 7380 7376 7486
f 7490 7380 7486
f 7377 7381 7487
f 7487 7381 7491
f 7378 7492 7382
f 7488 7492 7378
f 7493 7489 7379
f 7493 7379 7383
f 7385 7380 7490
f 7496 7385 7490
f 7491 7381 7386
f 7491 7386 7497
f 7382 7500 7389
f 7500 7382 7492
f 7494 7493 7383
f 7494 7383 7495
f 7383 7384 7495
f 7495 7384 7496
f 7384 7385 7496
f 7387 7497 7386
f 7497 7387 7498
f 7387 7388 7498
f 7498 7388 7499
f 7388 7389 7499
f 7499 7389 7500
f 7390 7393 7501
f 7502 7391 7390
f 7501 7502 7390
f 7503 7392 7391
f 7502 7503 7391
f 7504 7394 7392
f 7503 7504 7392
f 7394 7504 7396
f 7501 7393 7399
f 7507 7501 7399
f 7508 7396 7504
f 7400 7396 7508
f 7395 7397 7505
f 7511 7398 7395
f 7505 7511 7395
f 7398 7511 7402
f 7403 7506 7399
f 7506 7507 7399
f 7404 7400 7512
f 7400 7508 7512
f 7401 7510 7397
f 7509 7510 7401
f 7510 7505 7397
f 7514 7406 7402
f 7511 7514 7402
f 7403 7407 7506
f 7407 7515 7506
f 7408 7404 7516
f 7404 7512 7516
f 7401 7405 7513
f 7509 7401 7513
f 7517 7406 7514
f 7406 7517 7409
f 7407 7410 7515
f 7410 7518 7515
f 7411 7408 7519
f 7408 7516 7519
f 7405 7412 7513
f 7412 7520 7513
f 7517 7413 7409
f 7521 7413 7517
f 7410 7414 7518
f 7414 7522 7518
f 7312 7411 7523
f 7411 7519 7523
f 7412 7415 7520
f 7415 7524 7520
f 7416 7413 7525
f 7413 7521 7525
f 7522 7414 7526
f 7526 7414 7417
f 7418 7312 7527
f 7312 7523 7527
f 7415 7419 7524
f 7419 7529 7524
f 7420 7416 7530
f 7416 7525 7530
f 7531 7526 7417
f 7531 7417 7421
f 7418 7532 7423
f 7527 7532 7418
f 7419 7424 7529
f 7424 7533 7529
f 7420 7534 7425
f 7530 7534 7420
f 7535 7531 7421
f 7422 7536 7535
f 7421 7422 7535
f 7423 7537 7536
f 7422 7423 7536
f 7537 7423 7532
f 7533 7424 7538
f 7538 7424 7426
f 7425 7539 7428
f 7539 7425 7534
f 7540 7538 7426
f 7427 7541 7540
f 7426 7427 7540
f 7428 7542 7541
f 7427 7428 7541
f 7542 7428 7539
f 7323 7432 7429
f 7430 7324 7323
f 7429 7430 7323
f 7431 7325 7324
f 7430 7431 7324
f 7546 7325 7431
f 7327 7325 7546
f 7433 7549 7432
f 7323 7433 7432
f 7546 7550 7434
f 7327 7546 7434
f 7435 7557 7549
f 7433 7435 7549
f 7550 7558 7436
f 7434 7550 7436
f 7551 7328 7438
f 7328 7551 7329
f 7551 7553 7329
f 7553 7439 7329
f 7440 7560 7557
f 7435 7440 7557
f 7441 7436 7561
f 7436 7558 7561
f 7437 7443 7438
f 7437 7438 7328
f 7439 7333 7329
f 7562 7333 7439
f 7440 7564 7560
f 7444 7564 7440
f 7441 7565 7445
f 7561 7565 7441
f 7567 7443 7442
f 7442 7443 7437
f 7337 7562 7447
f 7333 7562 7337
f 7444 7448 7564
f 7564 7448 7568
f 7569 7449 7445
f 7565 7569 7445
f 7442 7446 7566
f 7567 7442 7566
f 7337 7447 7570
f 7450 7337 7570
f 7568 7448 7451
f 7568 7451 7571
f 7452 7569 7573
f 7569 7452 7449
f 7446 7453 7566
f 7453 7574 7566
f 7575 7450 7570
f 7454 7450 7575
f 7571 7451 7455
f 7456 7572 7571
f 7455 7456 7571
f 7457 7573 7572
f 7456 7457 7572
f 7457 7452 7573
f 7458 7452 7457
f 7453 7459 7574
f 7459 7576 7574
f 7460 7454 7577
f 7454 7575 7577
f 7459 7461 7576
f 7576 7461 7578
f 7462 7460 7577
f 7581 7462 7577
f 7461 7464 7578
f 7463 7464 7461
f 7578 7464 7582
f 7465 7580 7582
f 7462 7580 7465
f 7581 7580 7462
f 7582 7464 7466
f 7582 7466 7465
f 7467 7583 7468
f 7583 7584 7468
f 7468 7584 7469
f 7584 7585 7469
f 7469 7585 7470
f 7585 7591 7470
f 7470 7591 7476
f 7472 7471 7586
f 7472 7586 7473
f 7586 7587 7473
f 7473 7587 7474
f 7587 7588 7474
f 7474 7588 7368
f 7588 7593 7368
f 7467 7475 7589
f 7583 7467 7589
f 7595 7476 7591
f 7476 7595 7478
f 7471 7477 7592
f 7592 7586 7471
f 7593 7596 7371
f 7368 7593 7371
f 7589 7480 7479
f 7475 7480 7589
f 7597 7481 7478
f 7595 7597 7478
f 7592 7477 7482
f 7598 7592 7482
f 7483 7596 7484
f 7371 7596 7483
f 7485 7599 7479
f 7480 7485 7479
f 7600 7486 7481
f 7597 7600 7481
f 7598 7482 7487
f 7601 7598 7487
f 7483 7484 7602
f 7488 7483 7602
f 7485 7603 7599
f 7489 7603 7485
f 7490 7600 7604
f 7600 7490 7486
f 7491 7601 7487
f 7605 7601 7491
f 7606 7488 7602
f 7492 7488 7606
f 7607 7603 7489
f 7493 7607 7489
f 7496 7604 7609
f 7604 7496 7490
f 7610 7605 7491
f 7497 7610 7491
f 7500 7492 7606
f 7613 7500 7606
f 7607 7493 7608
f 7493 7494 7608
f 7608 7494 7609
f 7494 7495 7609
f 7495 7496 7609
f 7610 7497 7611
f 7497 7498 7611
f 7611 7498 7612
f 7498 7499 7612
f 7612 7499 7613
f 7499 7500 7613
f 7502 7507 7614
f 7501 7507 7502
f 7615 7503 7502
f 7614 7615 7502
f 7617 7504 7503
f 7615 7617 7503
f 7504 7617 7508
f 7507 7506 7616
f 7616 7614 7507
f 7620 7508 7617
f 7512 7508 7620
f 7510 7509 7618
f 7510 7622 7505
f 7618 7622 7510
f 7514 7505 7622
f 7511 7505 7514
f 7515 7619 7506
f 7619 7616 7506
f 7516 7512 7623
f 7512 7620 7623
f 7509 7513 7621
f 7621 7618 7509
f 7625 7514 7622
f 7514 7625 7517
f 7515 7518 7619
f 7518 7626 7619
f 7519 7516 7627
f 7516 7623 7627
f 7520 7624 7513
f 7624 7621 7513
f 7628 7517 7625
f 7521 7517 7628
f 7518 7522 7626
f 7522 7629 7626
f 7523 7519 7630
f 7519 7627 7630
f 7520 7524 7624
f 7524 7631 7624
f 7525 7521 7632
f 7521 7628 7632
f 7522 7526 7629
f 7526 7633 7629
f 7527 7523 7634
f 7523 7630 7634
f 7631 7529 7528
f 7524 7529 7631
f 7530 7525 7635
f 7525 7632 7635
f 7633 7526 7636
f 7636 7526 7531
f 7532 7527 7637
f 7527 7634 7637
f 7533 7638 7528
f 7529 7533 7528
f 7534 7530 7639
f 7530 7635 7639
f 7640 7636 7531
f 7640 7531 7535
f 7532 7641 7537
f 7637 7641 7532
f 7538 7642 7638
f 7533 7538 7638
f 7539 7534 7639
f 7643 7539 7639
f 7644 7640 7535
f 7536 7645 7644
f 7535 7536 7644
f 7537 7646 7645
f 7536 7537 7645
f 7646 7537 7641
f 7647 7642 7538
f 7647 7538 7540
f 7542 7539 7643
f 7648 7542 7643
f 7649 7647 7540
f 7541 7650 7649
f 7540 7541 7649
f 7541 7648 7650
f 7542 7648 7541
f 7429 7545 7543
f 7544 7430 7429
f 7543 7544 7429
f 7652 7430 7544
f 7431 7430 7652
f 7656 7545 7432
f 7432 7545 7429
f 7652 7657 7546
f 7431 7652 7546
f 7432 7549 7656
f 7549 7660 7656
f 7657 7661 7550
f 7546 7657 7550
f 7554 7552 7547
f 7554 7547 7555
f 7547 7548 7555
f 7555 7548 7556
f 7549 7557 7660
f 7557 7665 7660
f 7550 7666 7558
f 7661 7666 7550
f 7551 7662 7552
f 7438 7662 7551
f 7554 7553 7551
f 7552 7554 7551
f 7555 7439 7553
f 7554 7555 7553
f 7555 7559 7439
f 7556 7559 7555
f 7557 7560 7665
f 7665 7560 7668
f 7669 7561 7558
f 7666 7669 7558
f 7438 7443 7667
f 7662 7438 7667
f 7439 7559 7563
f 7562 7439 7563
f 7668 7560 7564
f 7668 7564 7670
f 7671 7565 7561
f 7669 7671 7561
f 7443 7567 7667
f 7567 7672 7667
f 7563 7447 7562
f 7673 7447 7563
f 7670 7564 7568
f 7670 7568 7674
f 7676 7569 7565
f 7671 7676 7565
f 7677 7567 7566
f 7672 7567 7677
f 7570 7447 7678
f 7447 7673 7678
f 7674 7568 7571
f 7572 7675 7674
f 7571 7572 7674
f 7573 7676 7675
f 7572 7573 7675
f 7676 7573 7569
f 7677 7566 7574
f 7679 7677 7574
f 7575 7570 7678
f 7680 7575 7678
f 7679 7574 7576
f 7681 7679 7576
f 7577 7680 7684
f 7575 7680 7577
f 7681 7576 7578
f 7579 7682 7681
f 7578 7579 7681
f 7580 7683 7682
f 7579 7580 7682
f 7581 7684 7683
f 7580 7581 7683
f 7684 7581 7577
f 7579 7578 7582
f 7579 7582 7580
f 7685 7583 7590
f 7583 7685 7584
f 7685 7686 7584
f 7584 7686 7585
f 7686 7689 7585
f 7585 7689 7591
f 7587 7586 7687
f 7587 7687 7588
f 7687 7688 7588
f 7588 7688 7593
f 7688 7691 7593
f 7589 7594 7590
f 7589 7590 7583
f 7692 7591 7689
f 7591 7692 7595
f 7586 7592 7690
f 7690 7687 7586
f 7691 7694 7596
f 7593 7691 7596
f 7696 7594 7479
f 7479 7594 7589
f 7697 7595 7692
f 7597 7595 7697
f 7598 7693 7592
f 7693 7690 7592
f 7694 7698 7484
f 7596 7694 7484
f 7479 7599 7696
f 7599 7699 7696
f 7600 7597 7700
f 7597 7697 7700
f 7598 7601 7693
f 7601 7701 7693
f 7602 7484 7702
f 7484 7698 7702
f 7703 7699 7599
f 7603 7703 7599
f 7604 7600 7700
f 7704 7604 7700
f 7601 7605 7701
f 7701 7605 7705
f 7602 7706 7606
f 7702 7706 7602
f 7707 7703 7603
f 7607 7707 7603
f 7609 7604 7704
f 7709 7609 7704
f 7705 7605 7610
f 7705 7610 7710
f 7606 7713 7613
f 7713 7606 7706
f 7707 7607 7708
f 7607 7608 7708
f 7708 7608 7709
f 7608 7609 7709
f 7611 7710 7610
f 7710 7611 7711
f 7611 7612 7711
f 7711 7612 7712
f 7612 7613 7712
f 7712 7613 7713
f 7614 7616 7714
f 7715 7615 7614
f 7714 7715 7614
f 7717 7617 7615
f 7715 7717 7615
f 7617 7717 7620
f 7616 7619 7716
f 7716 7714 7616
f 7719 7623 7620
f 7717 7719 7620
f 7618 7621 7718
f 7721 7622 7618
f 7718 7721 7618
f 7622 7721 7625
f 7716 7619 7626
f 7723 7716 7626
f 7724 7623 7719
f 7627 7623 7724
f 7621 7624 7720
f 7720 7718 7621
f 7728 7625 7721
f 7625 7728 7628
f 7629 7722 7626
f 7722 7723 7626
f 7630 7627 7729
f 7627 7724 7729
f 7631 7725 7624
f 7725 7720 7624
f 7731 7632 7628
f 7728 7731 7628
f 7629 7633 7722
f 7633 7732 7722
f 7634 7630 7733
f 7630 7729 7733
f 7631 7528 7730
f 7725 7631 7730
f 7734 7635 7632
f 7731 7734 7632
f 7633 7636 7732
f 7636 7735 7732
f 7637 7634 7736
f 7634 7733 7736
f 7528 7638 7730
f 7638 7737 7730
f 7738 7639 7635
f 7734 7738 7635
f 7739 7735 7636
f 7640 7739 7636
f 7641 7637 7740
f 7637 7736 7740
f 7638 7642 7737
f 7642 7741 7737
f 7738 7643 7639
f 7742 7643 7738
f 7739 7640 7743
f 7743 7640 7644
f 7641 7744 7646
f 7740 7744 7641
f 7741 7642 7745
f 7745 7642 7647
f 7643 7746 7648
f 7742 7746 7643
f 7747 7743 7644
f 7645 7748 7747
f 7644 7645 7747
f 7646 7749 7748
f 7645 7646 7748
f 7749 7646 7744
f 7750 7745 7647
f 7750 7647 7649
f 7648 7751 7650
f 7751 7648 7746
f 7752 7750 7649
f 7650 7753 7752
f 7649 7650 7752
f 7753 7650 7751
f 7543 7754 7544
f 7754 7756 7544
f 7756 7651 7544
f 7543 7545 7759
f 7754 7543 7759
f 7651 7652 7544
f 7766 7652 7651
f 7545 7656 7759
f 7656 7770 7759
f 7766 7771 7657
f 7652 7766 7657
f 7547 7658 7653
f 7654 7548 7547
f 7653 7654 7547
f 7654 7659 7548
f 7655 7659 7654
f 7656 7660 7770
f 7660 7773 7770
f 7657 7774 7661
f 7771 7774 7657
f 7552 7663 7658
f 7552 7658 7547
f 7659 7556 7548
f 7556 7659 7664
f 7660 7665 7773
f 7665 7775 7773
f 7776 7666 7661
f 7774 7776 7661
f 7777 7663 7662
f 7662 7663 7552
f 7556 7664 7778
f 7559 7556 7778
f 7779 7775 7665
f 7668 7779 7665
f 7782 7669 7666
f 7776 7782 7666
f 7783 7662 7667
f 7777 7662 7783
f 7784 7559 7778
f 7563 7559 7784
f 7780 7668 7670
f 7779 7668 7780
f 7780 7670 7785
f 7786 7671 7669
f 7782 7786 7669
f 7783 7667 7672
f 7787 7783 7672
f 7673 7563 7788
f 7563 7784 7788
f 7785 7670 7674
f 7675 7786 7785
f 7674 7675 7785
f 7675 7671 7786
f 7676 7671 7675
f 7787 7672 7677
f 7789 7787 7677
f 7678 7788 7790
f 7673 7788 7678
f 7789 7677 7679
f 7791 7789 7679
f 7680 7790 7793
f 7790 7680 7678
f 7679 7682 7791
f 7681 7682 7679
f 7683 7792 7791
f 7682 7683 7791
f 7684 7793 7792
f 7683 7684 7792
f 7793 7684 7680
f 7590 7794 7685
f 7794 7795 7685
f 7685 7795 7686
f 7795 7798 7686
f 7686 7798 7689
f 7688 7687 7796
f 7688 7796 7691
f 7796 7800 7691
f 7590 7594 7797
f 7794 7590 7797
f 7802 7689 7798
f 7689 7802 7692
f 7687 7690 7799
f 7799 7796 7687
f 7800 7804 7694
f 7691 7800 7694
f 7797 7696 7695
f 7594 7696 7797
f 7808 7692 7802
f 7692 7808 7697
f 7690 7693 7803
f 7803 7799 7690
f 7804 7809 7698
f 7694 7804 7698
f 7699 7812 7695
f 7696 7699 7695
f 7813 7700 7697
f 7808 7813 7697
f 7803 7693 7701
f 7814 7803 7701
f 7702 7698 7815
f 7698 7809 7815
f 7817 7812 7699
f 7817 7699 7703
f 7704 7813 7818
f 7813 7704 7700
f 7814 7701 7705
f 7814 7705 7819
f 7706 7702 7820
f 7702 7815 7820
f 7821 7817 7703
f 7821 7703 7707
f 7709 7818 7823
f 7818 7709 7704
f 7819 7705 7710
f 7819 7710 7824
f 7713 7706 7820
f 7826 7713 7820
f 7822 7821 7707
f 7822 7707 7823
f 7707 7708 7823
f 7708 7709 7823
f 7711 7824 7710
f 7824 7711 7825
f 7711 7712 7825
f 7825 7712 7826
f 7712 7713 7826
f 7714 7716 7827
f 7828 7715 7714
f 7827 7828 7714
f 7719 7715 7828
f 7717 7715 7719
f 7827 7716 7723
f 7830 7827 7723
f 7832 7719 7828
f 7719 7832 7724
f 7726 7718 7720
f 7718 7726 7721
f 7726 7727 7721
f 7727 7728 7721
f 7723 7722 7829
f 7829 7830 7723
f 7835 7724 7832
f 7729 7724 7835
f 7720 7725 7833
f 7834 7726 7720
f 7833 7834 7720
f 7837 7727 7726
f 7834 7837 7726
f 7731 7727 7837
f 7728 7727 7731
f 7829 7722 7732
f 7838 7829 7732
f 7733 7729 7839
f 7729 7835 7839
f 7725 7730 7836
f 7836 7833 7725
f 7841 7731 7837
f 7734 7731 7841
f 7838 7732 7735
f 7842 7838 7735
f 7736 7733 7843
f 7733 7839 7843
f 7737 7840 7730
f 7840 7836 7730
f 7738 7734 7844
f 7734 7841 7844
f 7739 7842 7735
f 7845 7842 7739
f 7740 7736 7846
f 7736 7843 7846
f 7737 7741 7840
f 7741 7847 7840
f 7742 7738 7848
f 7738 7844 7848
f 7739 7743 7845
f 7743 7849 7845
f 7744 7740 7850
f 7740 7846 7850
f 7741 7745 7847
f 7745 7851 7847
f 7746 7742 7852
f 7742 7848 7852
f 7849 7743 7853
f 7853 7743 7747
f 7744 7854 7749
f 7850 7854 7744
f 7851 7745 7855
f 7855 7745 7750
f 7751 7746 7852
f 7856 7751 7852
f 7857 7853 7747
f 7748 7858 7857
f 7747 7748 7857
f 7749 7859 7858
f 7748 7749 7858
f 7859 7749 7854
f 7860 7855 7750
f 7860 7750 7752
f 7753 7751 7856
f 7862 7753 7856
f 7861 7860 7752
f 7861 7752 7862
f 7752 7753 7862
f 7754 7760 7755
f 7757 7756 7754
f 7755 7757 7754
f 7758 7651 7756
f 7757 7758 7756
f 7651 7758 7761
f 7759 7765 7760
f 7759 7760 7754
f 7651 7761 7767
f 7766 7651 7767
f 7653 7768 7762
f 7763 7654 7653
f 7762 7763 7653
f 7764 7655 7654
f 7763 7764 7654
f 7655 7764 7769
f 7759 7873 7765
f 7770 7873 7759
f 7767 7771 7766
f 7874 7771 7767
f 7877 7768 7658
f 7658 7768 7653
f 7655 7769 7772
f 7659 7655 7772
f 7770 7773 7873
f 7873 7773 7879
f 7774 7874 7880
f 7771 7874 7774
f 7658 7663 7875
f 7877 7658 7875
f 7772 7664 7659
f 7881 7664 7772
f 7879 7773 7775
f 7882 7879 7775
f 7884 7776 7774
f 7880 7884 7774
f 7663 7777 7875
f 7777 7885 7875
f 7778 7664 7886
f 7664 7881 7886
f 7882 7775 7779
f 7780 7883 7882
f 7779 7780 7882
f 7781 7884 7883
f 7780 7781 7883
f 7781 7776 7884
f 7782 7776 7781
f 7777 7783 7885
f 7783 7887 7885
f 7784 7778 7886
f 7888 7784 7886
f 7781 7780 7785
f 7781 7785 7782
f 7785 7786 7782
f 7783 7787 7887
f 7887 7787 7889
f 7788 7888 7890
f 7784 7888 7788
f 7889 7787 7789
f 7891 7889 7789
f 7790 7890 7892
f 7890 7790 7788
f 7789 7792 7891
f 7791 7792 7789
f 7793 7892 7891
f 7792 7793 7891
f 7892 7793 7790
f 7794 7893 7795
f 7893 7897 7795
f 7795 7897 7798
f 7895 7797 7801
f 7794 7797 7895
f 7893 7794 7895
f 7903 7798 7897
f 7798 7903 7802
f 7796 7799 7898
f 7899 7800 7796
f 7898 7899 7796
f 7899 7804 7800
f 7900 7804 7899
f 7900 7805 7804
f 7695 7807 7801
f 7695 7801 7797
f 7908 7802 7903
f 7802 7908 7808
f 7799 7803 7904
f 7904 7898 7799
f 7805 7809 7804
f 7809 7805 7810
f 7911 7806 7811
f 7806 7807 7811
f 7812 7811 7807
f 7695 7812 7807
f 7912 7813 7808
f 7908 7912 7808
f 7904 7803 7814
f 7913 7904 7814
f 7809 7810 7816
f 7815 7809 7816
f 7915 7911 7916
f 7911 7811 7916
f 7917 7811 7812
f 7916 7811 7917
f 7917 7812 7817
f 7818 7912 7919
f 7912 7818 7813
f 7819 7913 7814
f 7920 7913 7819
f 7815 7816 7922
f 7820 7815 7922
f 7918 7917 7817
f 7923 7918 7817
f 7821 7923 7817
f 7823 7919 7924
f 7919 7823 7818
f 7925 7920 7819
f 7824 7925 7819
f 7826 7820 7921
f 7927 7826 7921
f 7921 7820 7922
f 7923 7821 7924
f 7821 7822 7924
f 7822 7823 7924
f 7925 7824 7926
f 7824 7825 7926
f 7926 7825 7927
f 7825 7826 7927
f 7827 7830 7828
f 7830 7831 7828
f 7831 7832 7828
f 7830 7829 7928
f 7929 7831 7830
f 7928 7929 7830
f 7930 7832 7831
f 7929 7930 7831
f 7832 7930 7835
f 7928 7829 7838
f 7934 7928 7838
f 7936 7839 7835
f 7930 7936 7835
f 7833 7836 7931
f 7932 7834 7833
f 7931 7932 7833
f 7938 7837 7834
f 7932 7938 7834
f 7837 7938 7841
f 7842 7933 7838
f 7933 7934 7838
f 7939 7839 7936
f 7843 7839 7939
f 7836 7840 7937
f 7937 7931 7836
f 7941 7844 7841
f 7938 7941 7841
f 7842 7845 7933
f 7845 7942 7933
f 7846 7843 7943
f 7843 7939 7943
f 7847 7940 7840
f 7940 7937 7840
f 7944 7848 7844
f 7941 7944 7844
f 7845 7849 7942
f 7849 7945 7942
f 7850 7846 7946
f 7846 7943 7946
f 7847 7851 7940
f 7851 7947 7940
f 7948 7852 7848
f 7944 7948 7848
f 7849 7853 7945
f 7853 7949 7945
f 7854 7850 7950
f 7850 7946 7950
f 7851 7855 7947
f 7855 7951 7947
f 7948 7856 7852
f 7952 7856 7948
f 7953 7949 7853
f 7857 7953 7853
f 7859 7854 7950
f 7955 7859 7950
f 7951 7855 7956
f 7956 7855 7860
f 7862 7856 7952
f 7957 7862 7952
f 7953 7857 7954
f 7857 7858 7954
f 7954 7858 7955
f 7858 7859 7955
f 7958 7956 7860
f 7861 7959 7958
f 7860 7861 7958
f 7861 7957 7959
f 7862 7957 7861
f 7960 7755 7864
f 7757 7960 7863
f 7755 7960 7757
f 7966 7757 7863
f 7758 7757 7966
f 7760 7869 7864
f 7760 7864 7755
f 7966 7969 7761
f 7758 7966 7761
f 7762 7870 7865
f 7866 7763 7762
f 7865 7866 7762
f 7867 7764 7763
f 7866 7867 7763
f 7867 7871 7764
f 7868 7871 7867
f 7971 7869 7765
f 7765 7869 7760
f 7767 7761 7972
f 7761 7969 7972
f 7973 7870 7768
f 7768 7870 7762
f 7871 7769 7764
f 7769 7871 7872
f 7971 7765 7974
f 7974 7765 7873
f 7874 7767 7975
f 7767 7972 7975
f 7973 7877 7876
f 7768 7877 7973
f 7769 7872 7878
f 7772 7769 7878
f 7976 7974 7873
f 7976 7873 7879
f 7880 7874 7975
f 7979 7880 7975
f 7980 7876 7875
f 7875 7876 7877
f 7772 7878 7981
f 7881 7772 7981
f 7976 7879 7882
f 7977 7976 7882
f 7883 7978 7977
f 7882 7883 7977
f 7884 7979 7978
f 7883 7884 7978
f 7880 7979 7884
f 7875 7885 7980
f 7885 7982 7980
f 7983 7881 7981
f 7886 7881 7983
f 7885 7887 7982
f 7982 7887 7984
f 7888 7886 7983
f 7985 7888 7983
f 7984 7887 7889
f 7984 7889 7986
f 7890 7888 7985
f 7987 7890 7985
f 7889 7892 7986
f 7891 7892 7889
f 7890 7986 7892
f 7987 7986 7890
f 7801 7902 7894
f 7896 7895 7801
f 7894 7896 7801
f 7895 7896 7893
f 7990 7893 7896
f 7996 7897 7893
f 7990 7996 7893
f 7897 7996 7903
f 7899 7898 7991
f 7899 7991 7900
f 7991 7992 7900
f 7900 7992 7805
f 7992 7993 7805
f 7993 7905 7805
f 7806 7907 7901
f 7902 7807 7806
f 7901 7902 7806
f 7807 7902 7801
f 8000 7903 7996
f 7903 8000 7908
f 7898 7904 7997
f 7997 7991 7898
f 7905 7810 7805
f 7810 7905 7909
f 8004 7906 7910
f 7906 7907 7910
f 7911 7910 7907
f 7806 7911 7907
f 8005 7912 7908
f 8000 8005 7908
f 7997 7904 7913
f 8006 7997 7913
f 7810 7909 7914
f 7816 7810 7914
f 8008 8004 8009
f 8004 7910 8009
f 7915 8009 7910
f 7911 7915 7910
f 7919 8005 8011
f 8005 7919 7912
f 8006 7913 7920
f 8012 8006 7920
f 7816 7914 8014
f 7922 7816 8014
f 8015 8009 7915
f 7916 8016 8015
f 7915 7916 8015
f 7917 8017 8016
f 7916 7917 8016
f 7918 8018 8017
f 7917 7918 8017
f 8010 8018 7923
f 7918 7923 8018
f 7924 8011 8010
f 7923 7924 8010
f 8011 7924 7919
f 8012 7920 7925
f 7926 8013 8012
f 7925 7926 8012
f 8013 7926 8019
f 7921 8020 7927
f 7922 8021 8020
f 7921 7922 8020
f 8021 7922 8014
f 7927 8019 7926
f 8019 7927 8020
f 7928 7934 7929
f 7934 7935 7929
f 7929 7935 7930
f 7935 7936 7930
f 7934 7933 8022
f 8023 7935 7934
f 8022 8023 7934
f 8025 7936 7935
f 8023 8025 7935
f 7936 8025 7939
f 7931 7937 8024
f 8027 7932 7931
f 8024 8027 7931
f 7941 7932 8027
f 7938 7932 7941
f 8022 7933 7942
f 8028 8022 7942
f 8030 7943 7939
f 8025 8030 7939
f 7937 7940 8026
f 8026 8024 7937
f 8033 7944 7941
f 8027 8033 7941
f 8028 7942 7945
f 8034 8028 7945
f 8036 7946 7943
f 8030 8036 7943
f 7947 8031 7940
f 8031 8026 7940
f 8037 7948 7944
f 8033 8037 7944
f 8034 7945 7949
f 8038 8034 7949
f 8040 7950 7946
f 8036 8040 7946
f 7947 7951 8031
f 7951 8041 8031
f 8042 7952 7948
f 8037 8042 7948
f 8038 7949 7953
f 7954 8039 8038
f 7953 7954 8038
f 7955 8040 8039
f 7954 7955 8039
f 8040 7955 7950
f 7951 7956 8041
f 7956 8043 8041
f 8042 7957 7952
f 8044 7957 8042
f 8045 8043 7956
f 7958 8045 7956
f 7959 7957 8044
f 8046 7959 8044
f 8045 7958 8046
f 7958 7959 8046
f 8047 7863 7961
f 8047 7962 7863
f 7960 8052 7961
f 7864 8052 7960
f 7960 7961 7863
f 7962 7966 7863
f 7966 7962 7967
f 7866 8053 7963
f 7865 8053 7866
f 7964 7867 7866
f 7963 7964 7866
f 7965 7868 7867
f 7964 7965 7867
f 7868 7965 7968
f 7864 7869 8056
f 8052 7864 8056
f 7967 7969 7966
f 8059 7969 7967
f 7865 7870 8057
f 8053 7865 8057
f 7868 7968 7970
f 7871 7868 7970
f 7869 7971 8056
f 7971 8060 8056
f 7972 7969 8061
f 7969 8059 8061
f 7870 7973 8057
f 7973 8062 8057
f 7970 7872 7871
f 8063 7872 7970
f 7971 7974 8060
f 8060 7974 8064
f 7975 7972 8065
f 7972 8061 8065
f 8066 7973 7876
f 8062 7973 8066
f 7878 7872 8067
f 7872 8063 8067
f 8064 7974 7976
f 8064 7976 8068
f 7979 7975 8065
f 8070 7979 8065
f 8066 7876 7980
f 8071 8066 7980
f 7981 7878 8072
f 7878 8067 8072
f 7977 8068 7976
f 8068 7977 8069
f 7977 7978 8069
f 8069 7978 8070
f 7978 7979 8070
f 8071 7980 7982
f 8073 8071 7982
f 7983 7981 8072
f 8074 7983 8072
f 8073 7982 7984
f 8073 7984 8075
f 7985 7983 8074
f 8077 7985 8074
f 8075 7984 7986
f 7987 8076 8075
f 7986 7987 8075
f 7985 8076 7987
f 8077 8076 7985
f 8078 7894 7989
f 7894 8078 7896
f 8078 8081 7896
f 7901 7995 7988
f 7989 7902 7901
f 7988 7989 7901
f 7902 7989 7894
f 8081 8086 7990
f 7896 8081 7990
f 7990 8086 7996
f 7992 7991 8082
f 7992 8082 7993
f 8082 8083 7993
f 7993 8083 7905
f 8083 8084 7905
f 8084 7998 7905
f 7906 7999 7994
f 7995 7907 7906
f 7994 7995 7906
f 7907 7995 7901
f 8091 7996 8086
f 7996 8091 8000
f 7991 7997 8087
f 8087 8082 7991
f 7998 7909 7905
f 7909 7998 8001
f 8003 8002 7999
f 8004 8003 7999
f 7906 8004 7999
f 8093 8005 8000
f 8091 8093 8000
f 8087 7997 8006
f 8094 8087 8006
f 7909 8001 8007
f 7914 7909 8007
f 8096 8002 8097
f 8002 8003 8097
f 8008 8097 8003
f 8004 8008 8003
f 8011 8093 8098
f 8093 8011 8005
f 8094 8006 8012
f 8099 8094 8012
f 7914 8007 8100
f 8014 7914 8100
f 8101 8097 8008
f 8009 8102 8101
f 8008 8009 8101
f 8102 8009 8015
f 8018 8010 8098
f 8106 8018 8098
f 8010 8011 8098
f 8013 8099 8012
f 8107 8099 8013
f 8019 8107 8013
f 8014 8110 8021
f 8110 8014 8100
f 8103 8102 8015
f 8103 8015 8104
f 8015 8016 8104
f 8104 8016 8105
f 8016 8017 8105
f 8105 8017 8106
f 8017 8018 8106
f 8107 8019 8108
f 8019 8020 8108
f 8108 8020 8109
f 8020 8021 8109
f 8109 8021 8110
f 8022 8028 8023
f 8028 8029 8023
f 8023 8029 8025
f 8029 8030 8025
f 8032 8024 8026
f 8024 8032 8027
f 8032 8033 8027
f 8028 8034 8029
f 8034 8035 8029
f 8029 8035 8030
f 8035 8036 8030
f 8026 8031 8111
f 8112 8032 8026
f 8111 8112 8026
f 8037 8032 8112
f 8033 8032 8037
f 8034 8038 8035
f 8038 8039 8035
f 8035 8039 8036
f 8039 8040 8036
f 8111 8031 8041
f 8113 8111 8041
f 8114 8042 8037
f 8112 8114 8037
f 8113 8041 8043
f 8115 8113 8043
f 8116 8044 8042
f 8114 8116 8042
f 8115 8043 8045
f 8046 8116 8115
f 8045 8046 8115
f 8116 8046 8044
f 7961 8121 8047
f 8121 8123 8047
f 8047 8123 7962
f 8123 8130 7962
f 7963 8054 8048
f 8049 7964 7963
f 8048 8049 7963
f 8050 7965 7964
f 8049 8050 7964
f 8050 8055 7965
f 8051 8055 8050
f 7961 8052 8128
f 8121 7961 8128
f 8130 8135 7967
f 7962 8130 7967
f 8053 8058 8054
f 8053 8054 7963
f 8055 7968 7965
f 8136 7968 8055
f 8052 8056 8133
f 8128 8052 8133
f 8059 7967 8138
f 7967 8135 8138
f 8139 8058 8057
f 8057 8058 8053
f 7970 7968 8140
f 7968 8136 8140
f 8056 8060 8133
f 8060 8141 8133
f 8061 8059 8142
f 8059 8138 8142
f 8057 8062 8139
f 8062 8143 8139
f 8063 7970 8144
f 7970 8140 8144
f 8145 8141 8060
f 8064 8145 8060
f 8065 8061 8146
f 8061 8142 8146
f 8062 8066 8143
f 8066 8147 8143
f 8067 8063 8148
f 8063 8144 8148
f 8149 8145 8064
f 8068 8149 8064
f 8070 8065 8146
f 8151 8070 8146
f 8066 8071 8147
f 8071 8152 8147
f 8072 8148 8153
f 8067 8148 8072
f 8149 8068 8150
f 8068 8069 8150
f 8150 8069 8151
f 8069 8070 8151
f 8071 8073 8152
f 8152 8073 8154
f 8074 8153 8156
f 8153 8074 8072
f 8154 8073 8075
f 8076 8155 8154
f 8075 8076 8154
f 8077 8156 8155
f 8076 8077 8155
f 8156 8077 8074
f 8157 7988 8080
f 7988 8157 7989
f 8157 8158 7989
f 7989 8158 8078
f 8158 8160 8078
f 8078 8160 8081
f 7994 8085 8079
f 8080 7995 7994
f 8079 8080 7994
f 7995 8080 7988
f 8169 8081 8160
f 8081 8169 8086
f 8082 8161 8083
f 8161 8162 8083
f 8083 8162 8084
f 8162 8163 8084
f 8084 8163 7998
f 8163 8165 7998
f 8165 8088 7998
f 7999 8090 8085
f 7999 8085 7994
f 8172 8086 8169
f 8086 8172 8091
f 8082 8087 8170
f 8161 8082 8170
f 8088 8001 7998
f 8001 8088 8092
f 8173 8090 8002
f 8089 8090 8173
f 8002 8090 7999
f 8174 8093 8091
f 8172 8174 8091
f 8087 8094 8170
f 8094 8175 8170
f 8001 8092 8095
f 8007 8001 8095
f 8096 8177 8173
f 8002 8096 8173
f 8174 8098 8093
f 8178 8098 8174
f 8094 8099 8175
f 8099 8179 8175
f 8007 8095 8180
f 8100 8007 8180
f 8181 8177 8096
f 8097 8182 8181
f 8096 8097 8181
f 8182 8097 8101
f 8106 8098 8178
f 8188 8106 8178
f 8189 8179 8099
f 8107 8189 8099
f 8100 8193 8110
f 8193 8100 8180
f 8183 8182 8101
f 8183 8101 8184
f 8101 8102 8184
f 8184 8102 8185
f 8102 8103 8185
f 8185 8103 8186
f 8103 8104 8186
f 8186 8104 8187
f 8104 8105 8187
f 8187 8105 8188
f 8105 8106 8188
f 8189 8107 8190
f 8107 8108 8190
f 8190 8108 8191
f 8108 8109 8191
f 8191 8109 8192
f 8109 8110 8192
f 8192 8110 8193
f 8111 8113 8112
f 8113 8114 8112
f 8113 8115 8114
f 8115 8116 8114
f 8048 8126 8117
f 8118 8049 8048
f 8117 8118 8048
f 8119 8050 8049
f 8118 8119 8049
f 8120 8051 8050
f 8119 8120 8050
f 8051 8120 8127
f 8121 8129 8122
f 8124 8123 8121
f 8122 8124 8121
f 8125 8130 8123
f 8124 8125 8123
f 8130 8125 8131
f 8199 8126 8054
f 8054 8126 8048
f 8051 8127 8132
f 8055 8051 8132
f 8128 8134 8129
f 8128 8129 8121
f 8131 8135 8130
f 8200 8135 8131
f 8054 8058 8198
f 8199 8054 8198
f 8055 8132 8137
f 8136 8055 8137
f 8202 8134 8133
f 8133 8134 8128
f 8138 8135 8203
f 8135 8200 8203
f 8058 8139 8198
f 8139 8204 8198
f 8136 8137 8205
f 8140 8136 8205
f 8133 8141 8202
f 8141 8206 8202
f 8142 8138 8207
f 8138 8203 8207
f 8139 8143 8204
f 8143 8208 8204
f 8209 8140 8205
f 8144 8140 8209
f 8210 8206 8141
f 8145 8210 8141
f 8146 8142 8211
f 8142 8207 8211
f 8143 8147 8208
f 8147 8212 8208
f 8148 8144 8213
f 8144 8209 8213
f 8214 8210 8145
f 8149 8214 8145
f 8151 8146 8211
f 8216 8151 8211
f 8147 8152 8212
f 8212 8152 8217
f 8153 8148 8213
f 8220 8153 8213
f 8214 8149 8215
f 8149 8150 8215
f 8215 8150 8216
f 8150 8151 8216
f 8217 8152 8154
f 8155 8218 8217
f 8154 8155 8217
f 8156 8219 8218
f 8155 8156 8218
f 8153 8219 8156
f 8220 8219 8153
f 8221 8079 8159
f 8079 8221 8080
f 8221 8222 8080
f 8080 8222 8157
f 8222 8223 8157
f 8157 8223 8158
f 8223 8224 8158
f 8158 8224 8160
f 8085 8168 8159
f 8085 8159 8079
f 8227 8160 8224
f 8160 8227 8169
f 8162 8161 8225
f 8163 8225 8164
f 8162 8225 8163
f 8166 8165 8163
f 8164 8166 8163
f 8229 8165 8166
f 8088 8165 8229
f 8089 8171 8167
f 8168 8090 8089
f 8167 8168 8089
f 8090 8168 8085
f 8232 8169 8227
f 8169 8232 8172
f 8161 8170 8228
f 8228 8225 8161
f 8229 8234 8092
f 8088 8229 8092
f 8173 8238 8171
f 8089 8173 8171
f 8239 8174 8172
f 8232 8239 8172
f 8175 8233 8170
f 8233 8228 8170
f 8095 8234 8176
f 8092 8234 8095
f 8177 8240 8238
f 8173 8177 8238
f 8242 8178 8174
f 8239 8242 8174
f 8175 8179 8233
f 8233 8179 8243
f 8095 8176 8244
f 8180 8095 8244
f 8245 8240 8177
f 8245 8177 8181
f 8187 8241 8249
f 8188 8242 8241
f 8187 8188 8241
f 8242 8188 8178
f 8243 8179 8189
f 8243 8189 8250
f 8180 8253 8193
f 8253 8180 8244
f 8246 8245 8181
f 8246 8182 8254
f 8181 8182 8246
f 8183 8255 8254
f 8182 8183 8254
f 8183 8247 8255
f 8184 8247 8183
f 8247 8184 8248
f 8184 8185 8248
f 8248 8185 8249
f 8185 8186 8249
f 8186 8187 8249
f 8190 8250 8189
f 8250 8190 8251
f 8190 8191 8251
f 8251 8192 8256
f 8191 8192 8251
f 8192 8252 8256
f 8193 8252 8192
f 8252 8193 8253
f 8118 8258 8194
f 8117 8258 8118
f 8195 8119 8118
f 8194 8195 8118
f 8196 8120 8119
f 8195 8196 8119
f 8120 8196 8197
f 8122 8259 8124
f 8259 8260 8124
f 8124 8260 8125
f 8260 8263 8125
f 8117 8126 8261
f 8258 8117 8261
f 8197 8127 8120
f 8264 8127 8197
f 8122 8129 8262
f 8259 8122 8262
f 8263 8266 8131
f 8125 8263 8131
f 8126 8199 8261
f 8199 8267 8261
f 8132 8127 8268
f 8127 8264 8268
f 8129 8134 8265
f 8262 8129 8265
f 8200 8266 8201
f 8131 8266 8200
f 8269 8199 8198
f 8267 8199 8269
f 8137 8132 8270
f 8132 8268 8270
f 8134 8202 8265
f 8202 8271 8265
f 8200 8201 8272
f 8203 8200 8272
f 8269 8198 8204
f 8273 8269 8204
f 8205 8137 8274
f 8137 8270 8274
f 8202 8206 8271
f 8206 8275 8271
f 8276 8203 8272
f 8207 8203 8276
f 8273 8204 8208
f 8277 8273 8208
f 8209 8205 8274
f 8278 8209 8274
f 8279 8275 8206
f 8210 8279 8206
f 8211 8276 8281
f 8207 8276 8211
f 8277 8208 8212
f 8282 8277 8212
f 8213 8278 8285
f 8209 8278 8213
f 8280 8210 8214
f 8279 8210 8280
f 8280 8214 8286
f 8216 8281 8286
f 8281 8216 8211
f 8282 8212 8217
f 8218 8283 8282
f 8217 8218 8282
f 8219 8284 8283
f 8218 8219 8283
f 8220 8285 8284
f 8219 8220 8284
f 8285 8220 8213
f 8215 8286 8214
f 8215 8216 8286
f 8159 8287 8221
f 8287 8288 8221
f 8221 8288 8222
f 8288 8291 8222
f 8222 8291 8223
f 8289 8167 8226
f 8167 8289 8168
f 8289 8290 8168
f 8159 8168 8290
f 8287 8159 8290
f 8292 8223 8291
f 8298 8224 8223
f 8292 8298 8223
f 8224 8298 8227
f 8225 8294 8164
f 8293 8294 8225
f 8295 8166 8164
f 8294 8295 8164
f 8295 8229 8166
f 8296 8229 8295
f 8296 8230 8229
f 8171 8231 8226
f 8171 8226 8167
f 8303 8227 8298
f 8227 8303 8232
f 8225 8228 8299
f 8293 8225 8299
f 8230 8234 8229
f 8234 8230 8235
f 8237 8236 8231
f 8238 8237 8231
f 8171 8238 8231
f 8307 8239 8232
f 8303 8307 8232
f 8308 8228 8233
f 8299 8228 8308
f 8235 8176 8234
f 8309 8176 8235
f 8237 8311 8236
f 8240 8311 8237
f 8238 8240 8237
f 8241 8307 8312
f 8241 8239 8307
f 8242 8239 8241
f 8243 8308 8233
f 8313 8308 8243
f 8244 8176 8314
f 8176 8309 8314
f 8315 8311 8240
f 8315 8240 8245
f 8249 8312 8317
f 8312 8249 8241
f 8318 8313 8243
f 8250 8318 8243
f 8253 8244 8314
f 8320 8253 8314
f 8321 8315 8245
f 8246 8322 8321
f 8245 8246 8321
f 8322 8246 8254
f 8255 8247 8316
f 8324 8255 8316
f 8316 8247 8317
f 8247 8248 8317
f 8248 8249 8317
f 8318 8250 8319
f 8250 8251 8319
f 8325 8319 8251
f 8256 8325 8251
f 8252 8326 8256
f 8252 8320 8326
f 8253 8320 8252
f 8323 8322 8254
f 8323 8254 8324
f 8254 8255 8324
f 8325 8256 8326
f 8195 8327 8257
f 8194 8327 8195
f 8330 8195 8257
f 8196 8195 8330
f 8194 8258 8329
f 8327 8194 8329
f 8330 8338 8197
f 8196 8330 8197
f 8259 8332 8260
f 8332 8334 8260
f 8260 8334 8263
f 8334 8341 8263
f 8258 8261 8337
f 8329 8258 8337
f 8264 8197 8343
f 8197 8338 8343
f 8259 8262 8339
f 8332 8259 8339
f 8341 8345 8266
f 8263 8341 8266
f 8261 8267 8337
f 8267 8347 8337
f 8268 8264 8348
f 8264 8343 8348
f 8262 8265 8344
f 8339 8262 8344
f 8345 8349 8201
f 8266 8345 8201
f 8267 8269 8347
f 8269 8350 8347
f 8270 8268 8351
f 8268 8348 8351
f 8265 8271 8344
f 8271 8352 8344
f 8272 8201 8353
f 8201 8349 8353
f 8269 8273 8350
f 8273 8354 8350
f 8274 8351 8355
f 8270 8351 8274
f 8271 8275 8352
f 8352 8275 8356
f 8276 8272 8353
f 8357 8276 8353
f 8273 8277 8354
f 8354 8277 8358
f 8278 8355 8360
f 8355 8278 8274
f 8356 8275 8279
f 8356 8279 8361
f 8281 8276 8357
f 8363 8281 8357
f 8277 8283 8358
f 8282 8283 8277
f 8284 8359 8358
f 8283 8284 8358
f 8285 8360 8359
f 8284 8285 8359
f 8360 8285 8278
f 8280 8361 8279
f 8362 8280 8286
f 8361 8280 8362
f 8281 8362 8286
f 8363 8362 8281
f 8364 8226 8297
f 8226 8364 8289
f 8364 8365 8289
f 8289 8365 8290
f 8365 8366 8290
f 8290 8367 8287
f 8366 8367 8290
f 8368 8288 8287
f 8367 8368 8287
f 8373 8291 8288
f 8368 8373 8288
f 8291 8373 8292
f 8294 8293 8369
f 8294 8369 8295
f 8369 8370 8295
f 8295 8370 8296
f 8370 8371 8296
f 8296 8371 8230
f 8371 8372 8230
f 8372 8300 8230
f 8231 8301 8297
f 8231 8297 8226
f 8375 8292 8373
f 8302 8292 8375
f 8298 8292 8302
f 8302 8303 8298
f 8293 8299 8374
f 8374 8369 8293
f 8300 8235 8230
f 8235 8300 8304
f 8236 8305 8301
f 8236 8301 8231
f 8376 8306 8302
f 8375 8376 8302
f 8302 8306 8303
f 8306 8307 8303
f 8374 8299 8308
f 8377 8374 8308
f 8235 8304 8310
f 8309 8235 8310
f 8379 8305 8236
f 8379 8236 8311
f 8380 8312 8306
f 8376 8380 8306
f 8306 8312 8307
f 8377 8308 8313
f 8381 8377 8313
f 8309 8310 8382
f 8314 8309 8382
f 8383 8379 8311
f 8383 8311 8315
f 8317 8380 8386
f 8380 8317 8312
f 8381 8313 8318
f 8381 8318 8387
f 8314 8388 8320
f 8388 8314 8382
f 8384 8383 8315
f 8389 8384 8315
f 8321 8389 8315
f 8324 8385 8391
f 8316 8385 8324
f 8386 8385 8316
f 8316 8317 8386
f 8319 8387 8318
f 8392 8387 8319
f 8325 8392 8319
f 8320 8394 8326
f 8394 8320 8388
f 8389 8321 8390
f 8321 8322 8390
f 8390 8322 8391
f 8322 8323 8391
f 8323 8324 8391
f 8392 8325 8393
f 8325 8326 8393
f 8393 8326 8394
f 8395 8328 8257
f 8257 8327 8396
f 8395 8257 8396
f 8328 8330 8257
f 8330 8328 8331
f 8327 8329 8397
f 8396 8327 8397
f 8331 8338 8330
f 8398 8338 8331
f 8332 8340 8333
f 8335 8334 8332
f 8333 8335 8332
f 8336 8341 8334
f 8335 8336 8334
f 8341 8336 8342
f 8399 8329 8337
f 8397 8329 8399
f 8343 8338 8400
f 8338 8398 8400
f 8402 8340 8339
f 8339 8340 8332
f 8342 8345 8341
f 8345 8342 8346
f 8399 8337 8347
f 8403 8399 8347
f 8348 8343 8404
f 8343 8400 8404
f 8339 8344 8401
f 8402 8339 8401
f 8346 8349 8345
f 8405 8349 8346
f 8403 8347 8350
f 8406 8403 8350
f 8351 8404 8407
f 8348 8404 8351
f 8344 8352 8401
f 8352 8408 8401
f 8353 8349 8409
f 8349 8405 8409
f 8406 8350 8354
f 8410 8406 8354
f 8355 8407 8412
f 8407 8355 8351
f 8413 8408 8352
f 8356 8413 8352
f 8357 8353 8409
f 8414 8357 8409
f 8410 8354 8358
f 8359 8411 8410
f 8358 8359 8410
f 8360 8412 8411
f 8359 8360 8411
f 8412 8360 8355
f 8415 8413 8356
f 8361 8415 8356
f 8363 8357 8414
f 8417 8363 8414
f 8415 8361 8416
f 8361 8362 8416
f 8416 8362 8417
f 8362 8363 8417
f 8297 8418 8364
f 8418 8419 8364
f 8364 8419 8365
f 8419 8420 8365
f 8365 8420 8366
f 8420 8421 8366
f 8366 8421 8367
f 8421 8427 8367
f 8367 8427 8368
f 8369 8422 8370
f 8422 8423 8370
f 8370 8423 8371
f 8423 8424 8371
f 8371 8424 8372
f 8424 8425 8372
f 8372 8425 8300
f 8425 8430 8300
f 8297 8301 8426
f 8418 8297 8426
f 8428 8368 8427
f 8433 8373 8368
f 8428 8433 8368
f 8373 8433 8375
f 8369 8374 8429
f 8422 8369 8429
f 8430 8434 8304
f 8300 8430 8304
f 8301 8305 8432
f 8426 8301 8432
f 8437 8376 8375
f 8433 8437 8375
f 8374 8377 8429
f 8377 8438 8429
f 8310 8434 8378
f 8304 8434 8310
f 8432 8305 8439
f 8439 8305 8379
f 8441 8380 8376
f 8437 8441 8376
f 8377 8381 8438
f 8381 8442 8438
f 8310 8378 8443
f 8382 8310 8443
f 8444 8439 8379
f 8444 8379 8383
f 8385 8440 8449
f 8386 8441 8440
f 8385 8386 8440
f 8441 8386 8380
f 8450 8442 8381
f 8387 8450 8381
f 8382 8451 8388
f 8451 8382 8443
f 8445 8444 8383
f 8445 8383 8446
f 8383 8384 8446
f 8447 8384 8389
f 8446 8384 8447
f 8390 8448 8447
f 8389 8390 8447
f 8391 8449 8448
f 8390 8391 8448
f 8449 8391 8385
f 8452 8450 8387
f 8392 8452 8387
f 8388 8455 8394
f 8455 8388 8451
f 8452 8392 8453
f 8392 8393 8453
f 8453 8393 8454
f 8393 8394 8454
f 8454 8394 8455
f 8395 8456 8328
f 8456 8458 8328
f 8395 8396 8457
f 8456 8395 8457
f 8458 8462 8331
f 8328 8458 8331
f 8333 8459 8335
f 8459 8460 8335
f 8335 8460 8336
f 8460 8464 8336
f 8396 8397 8461
f 8457 8396 8461
f 8398 8331 8465
f 8331 8462 8465
f 8333 8340 8463
f 8459 8333 8463
f 8464 8466 8342
f 8336 8464 8342
f 8397 8399 8461
f 8399 8467 8461
f 8400 8398 8468
f 8398 8465 8468
f 8340 8402 8463
f 8402 8469 8463
f 8466 8470 8346
f 8342 8466 8346
f 8399 8403 8467
f 8467 8403 8471
f 8404 8468 8472
f 8400 8468 8404
f 8473 8402 8401
f 8469 8402 8473
f 8405 8346 8474
f 8346 8470 8474
f 8471 8403 8406
f 8475 8471 8406
f 8407 8472 8476
f 8472 8407 8404
f 8473 8401 8408
f 8477 8473 8408
f 8409 8474 8478
f 8405 8474 8409
f 8406 8411 8475
f 8410 8411 8406
f 8412 8476 8475
f 8411 8412 8475
f 8476 8412 8407
f 8477 8408 8413
f 8477 8413 8479
f 8414 8478 8480
f 8478 8414 8409
f 8479 8413 8415
f 8479 8415 8481
f 8417 8480 8481
f 8480 8417 8414
f 8416 8481 8415
f 8416 8417 8481
f 8418 8482 8419
f 8482 8488 8419
f 8419 8488 8420
f 8423 8422 8483
f 8423 8483 8424
f 8483 8484 8424
f 8424 8484 8425
f 8484 8485 8425
f 8425 8485 8430
f 8485 8486 8430
f 8486 8431 8430
f 8418 8426 8487
f 8482 8418 8487
f 8489 8420 8488
f 8490 8421 8420
f 8489 8490 8420
f 8493 8427 8421
f 8490 8493 8421
f 8427 8493 8428
f 8422 8429 8491
f 8491 8483 8422
f 8431 8434 8430
f 8434 8431 8435
f 8426 8432 8492
f 8487 8426 8492
f 8495 8436 8428
f 8493 8495 8428
f 8428 8436 8433
f 8436 8437 8433
f 8491 8429 8438
f 8496 8491 8438
f 8435 8378 8434
f 8497 8378 8435
f 8432 8439 8492
f 8439 8499 8492
f 8501 8440 8436
f 8495 8501 8436
f 8436 8440 8437
f 8440 8441 8437
f 8496 8438 8442
f 8502 8496 8442
f 8443 8378 8503
f 8378 8497 8503
f 8504 8499 8439
f 8444 8504 8439
f 8448 8500 8507
f 8449 8501 8500
f 8448 8449 8500
f 8501 8449 8440
f 8502 8442 8450
f 8502 8450 8508
f 8451 8443 8503
f 8509 8451 8503
f 8504 8444 8505
f 8444 8445 8505
f 8505 8445 8506
f 8445 8446 8506
f 8506 8446 8507
f 8446 8447 8507
f 8447 8448 8507
f 8508 8450 8452
f 8508 8452 8510
f 8455 8451 8509
f 8512 8455 8509
f 8453 8510 8452
f 8510 8453 8511
f 8453 8454 8511
f 8511 8454 8512
f 8454 8455 8512
f 8456 8457 8513
f 8517 8458 8456
f 8513 8517 8456
f 8458 8517 8462
f 8459 8514 8460
f 8514 8515 8460
f 8460 8515 8464
f 8515 8519 8464
f 8457 8461 8516
f 8516 8513 8457
f 8521 8465 8462
f 8517 8521 8462
f 8459 8463 8518
f 8514 8459 8518
f 8519 8522 8466
f 8464 8519 8466
f 8516 8461 8467
f 8523 8516 8467
f 8525 8468 8465
f 8521 8525 8465
f 8463 8469 8518
f 8469 8526 8518
f 8522 8527 8470
f 8466 8522 8470
f 8523 8467 8471
f 8523 8471 8528
f 8472 8525 8528
f 8525 8472 8468
f 8469 8473 8526
f 8473 8529 8526
f 8474 8470 8530
f 8470 8527 8530
f 8471 8476 8528
f 8475 8476 8471
f 8528 8476 8472
f 8473 8477 8529
f 8477 8531 8529
f 8478 8474 8530
f 8532 8478 8530
f 8533 8531 8477
f 8479 8533 8477
f 8480 8478 8532
f 8535 8480 8532
f 8534 8479 8481
f 8533 8479 8534
f 8480 8534 8481
f 8535 8534 8480
f 8484 8483 8536
f 8484 8536 8485
f 8536 8537 8485
f 8485 8537 8486
f 8537 8538 8486
f 8486 8538 8431
f 8538 8541 8431
f 8482 8487 8539
f 8543 8488 8482
f 8539 8543 8482
f 8488 8543 8489
f 8483 8491 8540
f 8540 8536 8483
f 8541 8544 8435
f 8431 8541 8435
f 8487 8492 8542
f 8542 8539 8487
f 8547 8489 8543
f 8494 8489 8547
f 8490 8489 8494
f 8490 8494 8493
f 8494 8495 8493
f 8540 8491 8496
f 8548 8540 8496
f 8497 8544 8498
f 8435 8544 8497
f 8542 8492 8499
f 8549 8542 8499
f 8552 8500 8494
f 8547 8552 8494
f 8494 8500 8495
f 8500 8501 8495
f 8548 8496 8502
f 8553 8548 8502
f 8497 8498 8554
f 8503 8497 8554
f 8549 8499 8504
f 8505 8550 8549
f 8504 8505 8549
f 8506 8551 8550
f 8505 8506 8550
f 8507 8552 8551
f 8506 8507 8551
f 8552 8507 8500
f 8553 8502 8508
f 8553 8508 8555
f 8503 8556 8509
f 8556 8503 8554
f 8555 8508 8510
f 8555 8510 8557
f 8509 8559 8512
f 8559 8509 8556
f 8511 8557 8510
f 8557 8511 8558
f 8511 8512 8558
f 8558 8512 8559
f 8514 8560 8515
f 8560 8561 8515
f 8515 8561 8519
f 8561 8563 8519
f 8520 8513 8516
f 8513 8520 8517
f 8520 8521 8517
f 8514 8518 8562
f 8560 8514 8562
f 8563 8564 8522
f 8519 8563 8522
f 8516 8523 8520
f 8523 8524 8520
f 8520 8524 8521
f 8524 8525 8521
f 8518 8526 8562
f 8526 8565 8562
f 8564 8566 8527
f 8522 8564 8527
f 8524 8523 8528
f 8524 8528 8525
f 8526 8529 8565
f 8529 8567 8565
f 8530 8566 8568
f 8527 8566 8530
f 8529 8531 8567
f 8567 8531 8569
f 8568 8532 8530
f 8570 8532 8568
f 8569 8531 8533
f 8569 8533 8571
f 8535 8532 8570
f 8572 8535 8570
f 8534 8571 8533
f 8571 8534 8572
f 8534 8535 8572
f 8537 8536 8573
f 8537 8573 8538
f 8573 8574 8538
f 8538 8574 8541
f 8574 8576 8541
f 8536 8540 8575
f 8575 8573 8536
f 8576 8577 8544
f 8541 8576 8544
f 8545 8539 8542
f 8539 8545 8543
f 8545 8546 8543
f 8546 8547 8543
f 8575 8540 8548
f 8578 8575 8548
f 8577 8579 8498
f 8544 8577 8498
f 8542 8549 8545
f 8549 8550 8545
f 8545 8550 8546
f 8550 8551 8546
f 8546 8551 8547
f 8551 8552 8547
f 8578 8548 8553
f 8580 8578 8553
f 8554 8498 8581
f 8498 8579 8581
f 8555 8580 8553
f 8582 8580 8555
f 8556 8554 8581
f 8583 8556 8581
f 8584 8582 8555
f 8557 8584 8555
f 8559 8556 8583
f 8586 8559 8583
f 8584 8557 8585
f 8557 8558 8585
f 8585 8558 8586
f 8558 8559 8586
f 8560 8587 8561
f 8587 8588 8561
f 8561 8588 8563
f 8588 8590 8563
f 8560 8562 8589
f 8587 8560 8589
f 8590 8591 8564
f 8563 8590 8564
f 8562 8565 8589
f 8565 8592 8589
f 8564 8593 8566
f 8591 8593 8564
f 8565 8567 8592
f 8567 8594 8592
f 8593 8568 8566
f 8595 8568 8593
f 8596 8594 8567
f 8569 8596 8567
f 8570 8595 8598
f 8568 8595 8570
f 8597 8569 8571
f 8596 8569 8597
f 8572 8598 8597
f 8571 8572 8597
f 8598 8572 8570
f 8574 8573 8599
f 8574 8599 8576
f 8599 8601 8576
f 8573 8575 8600
f 8600 8599 8573
f 8601 8603 8577
f 8576 8601 8577
f 8578 8602 8575
f 8602 8600 8575
f 8603 8604 8579
f 8577 8603 8579
f 8578 8580 8602
f 8580 8605 8602
f 8581 8579 8606
f 8579 8604 8606
f 8580 8582 8605
f 8605 8582 8607
f 8583 8581 8606
f 8608 8583 8606
f 8607 8582 8584
f 8607 8584 8609
f 8586 8583 8608
f 8610 8586 8608
f 8585 8609 8584
f 8609 8585 8610
f 8585 8586 8610
f 8588 8587 8611
f 8588 8611 8590
f 8611 8613 8590
f 8587 8589 8612
f 8612 8611 8587
f 8613 8614 8591
f 8590 8613 8591
f 8612 8589 8592
f 8615 8612 8592
f 8593 8591 8616
f 8591 8614 8616
f 8615 8592 8594
f 8617 8615 8594
f 8595 8616 8618
f 8593 8616 8595
f 8617 8594 8596
f 8617 8596 8619
f 8598 8618 8619
f 8618 8598 8595
f 8597 8619 8596
f 8597 8598 8619
f 8599 8600 8620
f 8621 8601 8599
f 8620 8621 8599
f 8621 8603 8601
f 8623 8603 8621
f 8600 8602 8622
f 8622 8620 8600
f 8623 8624 8604
f 8603 8623 8604
f 8622 8602 8605
f 8625 8622 8605
f 8606 8604 8626
f 8604 8624 8626
f 8625 8605 8607
f 8625 8607 8627
f 8608 8606 8626
f 8629 8608 8626
f 8627 8607 8609
f 8610 8628 8627
f 8609 8610 8627
f 8608 8628 8610
f 8629 8628 8608
f 8611 8612 8630
f 8631 8613 8611
f 8630 8631 8611
f 8613 8631 8614
f 8630 8612 8615
f 8632 8630 8615
f 8633 8616 8614
f 8631 8633 8614
f 8632 8615 8617
f 8634 8632 8617
f 8618 8633 8634
f 8633 8618 8616
f 8634 8617 8619
f 8634 8619 8618
f 8620 8622 8635
f 8636 8621 8620
f 8635 8636 8620
f 8637 8623 8621
f 8636 8637 8621
f 8623 8637 8624
f 8635 8622 8625
f 8638 8635 8625
f 8640 8626 8624
f 8637 8640 8624
f 8638 8625 8627
f 8628 8639 8638
f 8627 8628 8638
f 8629 8640 8639
f 8628 8629 8639
f 8640 8629 8626
f 8630 8632 8631
f 8632 8633 8631
f 8632 8634 8633
f 8635 8638 8636
f 8638 8639 8636
f 8636 8639 8637
f 8639 8640 8637
# 17276 faces, 0 coords texture

# End of File
